scenario,region,sector,ghg,2015,2020,2025,2030,2035,2040,2045,2050,Units
"UpdatedNZ_HeavyElec_NoInd,date=2025-3-10T01:25:51-06:00",AK,H2 central production,CO2,0,0,0.004582888,0.013309518,0.012273521,0.012086972,0.011728644,0.008175702,MTC
"UpdatedNZ_HeavyElec_NoInd,date=2025-3-10T01:25:51-06:00",AK,H2 wholesale dispensing,CO2,0,0,0.00593154,0.01572093,0.02594847,0.03588627,0.04557935,0.04991436,MTC
"UpdatedNZ_HeavyElec_NoInd,date=2025-3-10T01:25:51-06:00",AK,base load generation,CO2,0.490089604,0.080195693,0.061256978,0.07167083,0.040055399,0.034830689,0.035274327,0.030647298,MTC
"UpdatedNZ_HeavyElec_NoInd,date=2025-3-10T01:25:51-06:00",AK,coal to liquids,CO2,0,0,0,0,1.88E-08,1.27E-08,7.49E-08,1.41E-07,MTC
"UpdatedNZ_HeavyElec_NoInd,date=2025-3-10T01:25:51-06:00",AK,comm cooking,CO2,0.01073264,0.010549137,0.009616525,0.009612608,0.008790287,0.008687535,0.008615431,0.008268838,MTC
"UpdatedNZ_HeavyElec_NoInd,date=2025-3-10T01:25:51-06:00",AK,comm cooling,CO2,1.08E-04,1.05E-04,9.80E-05,9.62E-05,9.39E-05,9.36E-05,9.21E-05,9.22E-05,MTC
"UpdatedNZ_HeavyElec_NoInd,date=2025-3-10T01:25:51-06:00",AK,comm heating,CO2,0.4408741,0.39193154,0.35174733,0.32574996,0.27485253,0.22883354,0.14286318,0.121287708,MTC
"UpdatedNZ_HeavyElec_NoInd,date=2025-3-10T01:25:51-06:00",AK,comm hot water,CO2,0.03468619,0.03439628,0.032336178,0.032578294,0.030122001,0.028450896,0.025960287,0.024045154,MTC
"UpdatedNZ_HeavyElec_NoInd,date=2025-3-10T01:25:51-06:00",AK,comm other,CO2,0.1278468,0.1256281,0.1234572,0.1236689,0.1147029,0.1071918,0.1053078,0.098379,MTC
"UpdatedNZ_HeavyElec_NoInd,date=2025-3-10T01:25:51-06:00",AK,gas to liquids,CO2,0,0,0,0,1.95E-04,3.29E-04,0.001178253,0.003608005,MTC
"UpdatedNZ_HeavyElec_NoInd,date=2025-3-10T01:25:51-06:00",AK,intermediate generation,CO2,0.277182593,0.137623873,0.183122101,0.194646708,0.20179438,0.212991969,0.233687839,0.259976843,MTC
"UpdatedNZ_HeavyElec_NoInd,date=2025-3-10T01:25:51-06:00",AK,oil refining,CO2,0.406679,0.375477,0.336541,0.28429,0.21719316,0.190101742,0.173174565,0.118238863,MTC
"UpdatedNZ_HeavyElec_NoInd,date=2025-3-10T01:25:51-06:00",AK,other industrial energy use,CO2,3.28952912,3.003474683,3.092737649,3.325150215,3.389478111,3.546457765,3.695618732,3.633371573,MTC
"UpdatedNZ_HeavyElec_NoInd,date=2025-3-10T01:25:51-06:00",AK,peak generation,CO2,0.003845106,0.002005009,0.002663381,0.002475771,0.002087883,0.001723202,0.00141453,0.001092157,MTC
"UpdatedNZ_HeavyElec_NoInd,date=2025-3-10T01:25:51-06:00",AK,regional biomass,CO2,-0.141091,-0.132974,-0.130157,-0.137469,-0.133739,-0.127293,-0.119064,-0.118646,MTC
"UpdatedNZ_HeavyElec_NoInd,date=2025-3-10T01:25:51-06:00",AK,resid clothes dryers,CO2,6.66E-04,6.45E-04,6.01E-04,6.00E-04,5.61E-04,5.80E-04,6.00E-04,5.76E-04,MTC
"UpdatedNZ_HeavyElec_NoInd,date=2025-3-10T01:25:51-06:00",AK,resid cooking,CO2,0.00547283,0.005369299,0.005191883,0.005095724,0.004989595,0.004828275,0.004905457,0.004648256,MTC
"UpdatedNZ_HeavyElec_NoInd,date=2025-3-10T01:25:51-06:00",AK,resid heating,CO2,0.38190336,0.35152485,0.327593138,0.300149836,0.25581502,0.206766623,0.16061616,0.11802809,MTC
"UpdatedNZ_HeavyElec_NoInd,date=2025-3-10T01:25:51-06:00",AK,resid hot water,CO2,0.06049662,0.056173772,0.052909566,0.050912456,0.042535097,0.041170216,0.039570869,0.034892002,MTC
"UpdatedNZ_HeavyElec_NoInd,date=2025-3-10T01:25:51-06:00",AK,resid other,CO2,0.007948,0.00655536,0.0068258,0.00725078,0.00796608,0.00841406,0.00839186,0.00743823,MTC
"UpdatedNZ_HeavyElec_NoInd,date=2025-3-10T01:25:51-06:00",AK,subpeak generation,CO2,0.027687351,0.014437206,0.019288549,0.019142429,0.018186839,0.017503677,0.017596134,0.017919458,MTC
"UpdatedNZ_HeavyElec_NoInd,date=2025-3-10T01:25:51-06:00",AK,trn_aviation_intl,CO2,0.420655,0.363969,0.350426,0.334769,0.321595,0.335744,0.347601,0.343736,MTC
"UpdatedNZ_HeavyElec_NoInd,date=2025-3-10T01:25:51-06:00",AK,trn_freight,CO2,0.0521509,0.0476533,0.04127487,0.0348574,0.02649973,0.02346352,0.0226821,0.01992897,MTC
"UpdatedNZ_HeavyElec_NoInd,date=2025-3-10T01:25:51-06:00",AK,trn_freight_road,CO2,0.7897298,0.7672982,0.61415286,0.485006333,0.336398368,0.255984418,0.178621341,0.07398024,MTC
"UpdatedNZ_HeavyElec_NoInd,date=2025-3-10T01:25:51-06:00",AK,trn_pass,CO2,1.60955447,1.41267404,1.34888736,1.29613543,1.17540281,1.16468407,1.05870417,0.6835001,MTC
"UpdatedNZ_HeavyElec_NoInd,date=2025-3-10T01:25:51-06:00",AK,trn_pass_road,CO2,0.030745166,0.038331871,0.042470479,0.031249017,0.022127791,0.014641214,0.010120729,0.007798157,MTC
"UpdatedNZ_HeavyElec_NoInd,date=2025-3-10T01:25:51-06:00",AK,trn_pass_road_LDV,CO2,0.00197553,0.00126511,2.27E-04,1.18E-04,1.20E-04,1.23E-04,1.25E-04,1.18E-04,MTC
"UpdatedNZ_HeavyElec_NoInd,date=2025-3-10T01:25:51-06:00",AK,trn_pass_road_LDV_4W,CO2,0.561101375,0.456018786,0.354900857,0.218310271,0.12099328,0.052132873,0.04447922,0.035453171,MTC
"UpdatedNZ_HeavyElec_NoInd,date=2025-3-10T01:25:51-06:00",AK,trn_shipping_intl,CO2,0,0,0,0,0,0,0,0,MTC
"UpdatedNZ_HeavyElec_NoInd,date=2025-3-10T01:25:51-06:00",AL,H2 central production,CO2,0,0,0.009020896,0.019253861,0.016457759,0.018786664,0.020923331,0.024702911,MTC
"UpdatedNZ_HeavyElec_NoInd,date=2025-3-10T01:25:51-06:00",AL,H2 wholesale dispensing,CO2,0,0,0.0292277,0.0763943,0.1162576,0.1566541,0.18744,0.177973,MTC
"UpdatedNZ_HeavyElec_NoInd,date=2025-3-10T01:25:51-06:00",AL,airCO2,CO2,0,0,-1.51E-04,-7.91E-04,-0.446874,-3.66731,-10.7692,-10.8006,MTC
"UpdatedNZ_HeavyElec_NoInd,date=2025-3-10T01:25:51-06:00",AL,base load generation,CO2,10.44850791,6.649190811,4.555291039,4.359028221,2.70699752,2.366695111,2.196840374,1.105471828,MTC
"UpdatedNZ_HeavyElec_NoInd,date=2025-3-10T01:25:51-06:00",AL,biomass liquids,CO2,0.0079929,0.00758091,0.00663685,0.0053726,0.084578221,0.116178627,0.202591326,0.288065884,MTC
"UpdatedNZ_HeavyElec_NoInd,date=2025-3-10T01:25:51-06:00",AL,cement,CO2,0.223403,0.22560206,0.19792089,0.20829813,0.14251285,0.08356424,0.056503308,0.041560438,MTC
"UpdatedNZ_HeavyElec_NoInd,date=2025-3-10T01:25:51-06:00",AL,coal to liquids,CO2,0,0,0,0,1.84E-05,2.81E-05,9.82E-05,1.98E-04,MTC
"UpdatedNZ_HeavyElec_NoInd,date=2025-3-10T01:25:51-06:00",AL,comm cooking,CO2,0.0345458,0.03415052,0.030943366,0.02803781,0.022306045,0.018309932,0.014300103,0.012281794,MTC
"UpdatedNZ_HeavyElec_NoInd,date=2025-3-10T01:25:51-06:00",AL,comm cooling,CO2,7.50E-04,7.48E-04,7.23E-04,7.09E-04,6.70E-04,6.41E-04,5.96E-04,5.75E-04,MTC
"UpdatedNZ_HeavyElec_NoInd,date=2025-3-10T01:25:51-06:00",AL,comm heating,CO2,0.18487403,0.16996394,0.153058464,0.134715641,0.105695285,0.078140321,0.032757072,0.023763161,MTC
"UpdatedNZ_HeavyElec_NoInd,date=2025-3-10T01:25:51-06:00",AL,comm hot water,CO2,0.1374029,0.13629717,0.1279967,0.12108018,0.09966878,0.080558318,0.058086913,0.048486967,MTC
"UpdatedNZ_HeavyElec_NoInd,date=2025-3-10T01:25:51-06:00",AL,comm other,CO2,0.1274021,0.120954,0.1324432,0.1584662,0.1852985,0.2048278,0.2064746,0.1789798,MTC
"UpdatedNZ_HeavyElec_NoInd,date=2025-3-10T01:25:51-06:00",AL,gas to liquids,CO2,0,0,0,0,8.10E-05,1.37E-04,4.91E-04,0.001503337,MTC
"UpdatedNZ_HeavyElec_NoInd,date=2025-3-10T01:25:51-06:00",AL,intermediate generation,CO2,6.29697419,5.803654758,5.016874744,4.504034939,3.385315773,3.014736049,2.745396082,1.811001219,MTC
"UpdatedNZ_HeavyElec_NoInd,date=2025-3-10T01:25:51-06:00",AL,oil refining,CO2,0.337411,0.312746,0.280094,0.236685,0.18721073,0.163375881,0.146006744,0.09902637,MTC
"UpdatedNZ_HeavyElec_NoInd,date=2025-3-10T01:25:51-06:00",AL,other industrial energy use,CO2,7.3595824,7.315957,7.89543125,8.436667078,8.368793651,8.465738097,8.469941102,6.955722825,MTC
"UpdatedNZ_HeavyElec_NoInd,date=2025-3-10T01:25:51-06:00",AL,peak generation,CO2,0.081621869,0.07030524,0.04613528,0.037405377,0.02064255,0.015042795,0.010617975,0.003851898,MTC
"UpdatedNZ_HeavyElec_NoInd,date=2025-3-10T01:25:51-06:00",AL,process heat cement,CO2,0.18308367,0.185185845,0.16197715,0.176644116,0.162785293,0.156793893,0.156776008,0.151596284,MTC
"UpdatedNZ_HeavyElec_NoInd,date=2025-3-10T01:25:51-06:00",AL,process heat dac,CO2,0,0,2.99E-06,1.46E-05,0.00769519,0.0580495,0.154394,0.155778,MTC
"UpdatedNZ_HeavyElec_NoInd,date=2025-3-10T01:25:51-06:00",AL,regional biomass,CO2,-3.34915,-3.24708,-3.71052,-4.14896,-4.84719,-5.39536,-6.2927,-7.73145,MTC
"UpdatedNZ_HeavyElec_NoInd,date=2025-3-10T01:25:51-06:00",AL,regional biomassOil,CO2,-0.11337,-0.107526,-0.094136,-0.076204,-0.0861654,-0.0639079,-0.0645252,-0.0974036,MTC
"UpdatedNZ_HeavyElec_NoInd,date=2025-3-10T01:25:51-06:00",AL,regional corn for ethanol,CO2,0,0,0,0,-0.00730794,-0.0122093,-0.0372425,-0.0874797,MTC
"UpdatedNZ_HeavyElec_NoInd,date=2025-3-10T01:25:51-06:00",AL,resid clothes dryers,CO2,0.00696794,0.00709255,0.00689385,0.00698269,0.00628022,0.006226794,0.006203965,0.005746061,MTC
"UpdatedNZ_HeavyElec_NoInd,date=2025-3-10T01:25:51-06:00",AL,resid cooking,CO2,0.03179088,0.030570963,0.028708577,0.026138836,0.022305678,0.01765307,0.016828769,0.014879497,MTC
"UpdatedNZ_HeavyElec_NoInd,date=2025-3-10T01:25:51-06:00",AL,resid heating,CO2,0.33588064,0.299112873,0.273484067,0.237657228,0.190560769,0.141979201,0.099958754,0.066954836,MTC
"UpdatedNZ_HeavyElec_NoInd,date=2025-3-10T01:25:51-06:00",AL,resid hot water,CO2,0.142054,0.126355093,0.119059995,0.11241074,0.085900555,0.083291994,0.080553112,0.069800459,MTC
"UpdatedNZ_HeavyElec_NoInd,date=2025-3-10T01:25:51-06:00",AL,resid other,CO2,0.03792474,0.02802435,0.03167573,0.03302562,0.03281075,0.03431695,0.03481073,0.02997317,MTC
"UpdatedNZ_HeavyElec_NoInd,date=2025-3-10T01:25:51-06:00",AL,subpeak generation,CO2,0.55089809,0.505588189,0.361315689,0.296816094,0.180068575,0.140234983,0.111264529,0.054170472,MTC
"UpdatedNZ_HeavyElec_NoInd,date=2025-3-10T01:25:51-06:00",AL,trn_aviation_intl,CO2,0.0729232,0.0673712,0.067319,0.0662786,0.0638312,0.0674271,0.0704113,0.0695592,MTC
"UpdatedNZ_HeavyElec_NoInd,date=2025-3-10T01:25:51-06:00",AL,trn_freight,CO2,0.2418995,0.24551631,0.21389645,0.1886784,0.1466772,0.1320261,0.12180447,0.0912541,MTC
"UpdatedNZ_HeavyElec_NoInd,date=2025-3-10T01:25:51-06:00",AL,trn_freight_road,CO2,2.919123,2.9909366,2.50195103,2.01569771,1.338873095,0.97047591,0.62397667,0.220779397,MTC
"UpdatedNZ_HeavyElec_NoInd,date=2025-3-10T01:25:51-06:00",AL,trn_pass,CO2,0.28687613,0.26905795,0.26611324,0.26326806,0.23700098,0.23709856,0.21576906,0.1346122,MTC
"UpdatedNZ_HeavyElec_NoInd,date=2025-3-10T01:25:51-06:00",AL,trn_pass_road,CO2,0.1284491,0.15758698,0.17114118,0.12147356,0.08470017,0.05587069,0.039100788,0.030038082,MTC
"UpdatedNZ_HeavyElec_NoInd,date=2025-3-10T01:25:51-06:00",AL,trn_pass_road_LDV,CO2,0.0188942,0.0134671,0.00326178,0.00170163,0.00171903,0.00181666,0.00188184,0.00181029,MTC
"UpdatedNZ_HeavyElec_NoInd,date=2025-3-10T01:25:51-06:00",AL,trn_pass_road_LDV_4W,CO2,5.36834527,4.53212083,3.58527972,2.25159088,1.27335042,0.57254371,0.464311,0.36512951,MTC
"UpdatedNZ_HeavyElec_NoInd,date=2025-3-10T01:25:51-06:00",AL,trn_shipping_intl,CO2,0.20416,0.2054468,0.1846032,0.1785541,0.1633012,0.161469,0.151299,0.0851873,MTC
"UpdatedNZ_HeavyElec_NoInd,date=2025-3-10T01:25:51-06:00",AR,H2 central production,CO2,0,0,0.005682061,0.011973842,0.01038328,0.011596005,0.012637954,0.01376661,MTC
"UpdatedNZ_HeavyElec_NoInd,date=2025-3-10T01:25:51-06:00",AR,H2 wholesale dispensing,CO2,0,0,0.0188625,0.0490684,0.074781,0.10035175,0.1187,0.1085995,MTC
"UpdatedNZ_HeavyElec_NoInd,date=2025-3-10T01:25:51-06:00",AR,airCO2,CO2,0,0,-5.15E-05,-2.70E-04,-0.152277,-1.24817,-3.66019,-3.67071,MTC
"UpdatedNZ_HeavyElec_NoInd,date=2025-3-10T01:25:51-06:00",AR,base load generation,CO2,5.40882156,3.435321065,2.118359883,1.887891185,1.032334209,0.935943361,0.894889714,0.496847622,MTC
"UpdatedNZ_HeavyElec_NoInd,date=2025-3-10T01:25:51-06:00",AR,biomass liquids,CO2,0.010078,0.00955854,0.0083682,0.00677414,0.10698549,0.146991925,0.256346702,0.364904441,MTC
"UpdatedNZ_HeavyElec_NoInd,date=2025-3-10T01:25:51-06:00",AR,cement,CO2,0.0711408,0.0689692,0.0585775,0.06196676,0.041410399,0.023133971,0.01521905,0.011424243,MTC
"UpdatedNZ_HeavyElec_NoInd,date=2025-3-10T01:25:51-06:00",AR,coal to liquids,CO2,0,0,0,0,6.25E-08,9.58E-08,3.34E-07,6.76E-07,MTC
"UpdatedNZ_HeavyElec_NoInd,date=2025-3-10T01:25:51-06:00",AR,comm cooking,CO2,0.0429122,0.04242309,0.038122991,0.036222024,0.030161686,0.026808494,0.02347882,0.021036682,MTC
"UpdatedNZ_HeavyElec_NoInd,date=2025-3-10T01:25:51-06:00",AR,comm cooling,CO2,0.0128198,0.01260283,0.01197565,0.01151773,0.01075213,0.010139675,0.009300739,0.008929432,MTC
"UpdatedNZ_HeavyElec_NoInd,date=2025-3-10T01:25:51-06:00",AR,comm heating,CO2,0.3505581,0.32641072,0.29214593,0.26842123,0.21898548,0.174244723,0.098793119,0.078673003,MTC
"UpdatedNZ_HeavyElec_NoInd,date=2025-3-10T01:25:51-06:00",AR,comm hot water,CO2,0.09353659,0.09153502,0.08370042,0.07928635,0.065637892,0.056044046,0.045061369,0.039608293,MTC
"UpdatedNZ_HeavyElec_NoInd,date=2025-3-10T01:25:51-06:00",AR,comm other,CO2,0.2552617,0.2432058,0.2449433,0.2426154,0.2224173,0.2147886,0.2124172,0.1913958,MTC
"UpdatedNZ_HeavyElec_NoInd,date=2025-3-10T01:25:51-06:00",AR,gas to liquids,CO2,0,0,0,0,3.66E-04,6.19E-04,0.002218511,0.006793454,MTC
"UpdatedNZ_HeavyElec_NoInd,date=2025-3-10T01:25:51-06:00",AR,intermediate generation,CO2,2.1231589,2.01222352,1.696805325,1.518539957,1.160045113,1.066592428,1.002260372,0.691113308,MTC
"UpdatedNZ_HeavyElec_NoInd,date=2025-3-10T01:25:51-06:00",AR,oil refining,CO2,0.231908,0.214955,0.192513,0.162677,0.128672802,0.112291045,0.100352528,0.068062335,MTC
"UpdatedNZ_HeavyElec_NoInd,date=2025-3-10T01:25:51-06:00",AR,other industrial energy use,CO2,2.7721072,2.7014327,2.919083805,3.091572397,3.098419559,3.143142664,3.151217966,2.701110188,MTC
"UpdatedNZ_HeavyElec_NoInd,date=2025-3-10T01:25:51-06:00",AR,peak generation,CO2,0.02250823,0.019369216,0.012492658,0.010106966,0.005623138,0.004094885,0.002885167,0.001047144,MTC
"UpdatedNZ_HeavyElec_NoInd,date=2025-3-10T01:25:51-06:00",AR,process heat cement,CO2,0.058301214,0.056745266,0.048044958,0.052018285,0.047736703,0.045601429,0.045521332,0.044081669,MTC
"UpdatedNZ_HeavyElec_NoInd,date=2025-3-10T01:25:51-06:00",AR,process heat dac,CO2,0,0,1.02E-06,4.98E-06,0.00262226,0.0197576,0.0524753,0.0529427,MTC
"UpdatedNZ_HeavyElec_NoInd,date=2025-3-10T01:25:51-06:00",AR,regional biomass,CO2,-1.60227,-1.50711,-1.67434,-1.82005,-2.53002,-2.95694,-3.90255,-6.10861,MTC
"UpdatedNZ_HeavyElec_NoInd,date=2025-3-10T01:25:51-06:00",AR,regional biomassOil,CO2,-0.142945,-0.135577,-0.118693,-0.0960833,-0.108651,-0.0805956,-0.0814229,-0.122952,MTC
"UpdatedNZ_HeavyElec_NoInd,date=2025-3-10T01:25:51-06:00",AR,regional corn for ethanol,CO2,0,0,0,0,-0.00923132,-0.0154219,-0.0470311,-0.110448,MTC
"UpdatedNZ_HeavyElec_NoInd,date=2025-3-10T01:25:51-06:00",AR,resid clothes dryers,CO2,0.0028329,0.002802654,0.002645622,0.002646021,0.002368849,0.002359758,0.00236515,0.002195294,MTC
"UpdatedNZ_HeavyElec_NoInd,date=2025-3-10T01:25:51-06:00",AR,resid cooking,CO2,0.014267,0.013511625,0.01249899,0.01123787,0.00955626,0.00750098,0.007165893,0.006313771,MTC
"UpdatedNZ_HeavyElec_NoInd,date=2025-3-10T01:25:51-06:00",AR,resid heating,CO2,0.47977095,0.428119746,0.3922291,0.344047574,0.27767992,0.208397463,0.147795869,0.099308228,MTC
"UpdatedNZ_HeavyElec_NoInd,date=2025-3-10T01:25:51-06:00",AR,resid hot water,CO2,0.102508542,0.091037668,0.084648705,0.07925865,0.059754269,0.057262894,0.054898627,0.04731631,MTC
"UpdatedNZ_HeavyElec_NoInd,date=2025-3-10T01:25:51-06:00",AR,resid other,CO2,0.01779566,0.01297626,0.01444879,0.01490777,0.01498717,0.01569511,0.01583848,0.01352162,MTC
"UpdatedNZ_HeavyElec_NoInd,date=2025-3-10T01:25:51-06:00",AR,subpeak generation,CO2,0.15192405,0.13839909,0.097316185,0.079609277,0.048467381,0.037605366,0.029641585,0.014341598,MTC
"UpdatedNZ_HeavyElec_NoInd,date=2025-3-10T01:25:51-06:00",AR,trn_aviation_intl,CO2,0.0294765,0.0264656,0.0258187,0.0251945,0.024327,0.0256776,0.0268223,0.0264584,MTC
"UpdatedNZ_HeavyElec_NoInd,date=2025-3-10T01:25:51-06:00",AR,trn_freight,CO2,0.135102,0.127637,0.11285664,0.0965635,0.0740829,0.065862,0.0632906,0.0546519,MTC
"UpdatedNZ_HeavyElec_NoInd,date=2025-3-10T01:25:51-06:00",AR,trn_freight_road,CO2,2.04586,2.0482512,1.66178685,1.3172396,0.864904394,0.621387225,0.39796228,0.140611873,MTC
"UpdatedNZ_HeavyElec_NoInd,date=2025-3-10T01:25:51-06:00",AR,trn_pass,CO2,0.11839335,0.10740739,0.10343932,0.10128871,0.09164912,0.09181221,0.08414667,0.05373929,MTC
"UpdatedNZ_HeavyElec_NoInd,date=2025-3-10T01:25:51-06:00",AR,trn_pass_road,CO2,0.08503953,0.10425335,0.11373309,0.0811881,0.056842944,0.037582189,0.026308784,0.020146807,MTC
"UpdatedNZ_HeavyElec_NoInd,date=2025-3-10T01:25:51-06:00",AR,trn_pass_road_LDV,CO2,0.0102213,0.00677167,0.00161782,8.29E-04,8.43E-04,8.90E-04,9.24E-04,8.92E-04,MTC
"UpdatedNZ_HeavyElec_NoInd,date=2025-3-10T01:25:51-06:00",AR,trn_pass_road_LDV_4W,CO2,2.90416863,2.43205469,1.91408348,1.197020534,0.673627777,0.29946359,0.24573783,0.19439832,MTC
"UpdatedNZ_HeavyElec_NoInd,date=2025-3-10T01:25:51-06:00",AR,trn_shipping_intl,CO2,0,0,0,0,0,0,0,0,MTC
"UpdatedNZ_HeavyElec_NoInd,date=2025-3-10T01:25:51-06:00",AZ,H2 central production,CO2,0,0,0.008430886,0.018382722,0.01718217,0.020136144,0.022127882,0.024529131,MTC
"UpdatedNZ_HeavyElec_NoInd,date=2025-3-10T01:25:51-06:00",AZ,H2 wholesale dispensing,CO2,0,0,0.0266126,0.0680651,0.1003244,0.1304277,0.1468672,0.1241198,MTC
"UpdatedNZ_HeavyElec_NoInd,date=2025-3-10T01:25:51-06:00",AZ,airCO2,CO2,0,0,-9.21E-05,-5.03E-04,-0.312746,-2.61164,-7.52232,-7.51417,MTC
"UpdatedNZ_HeavyElec_NoInd,date=2025-3-10T01:25:51-06:00",AZ,base load generation,CO2,7.987604418,5.967477831,4.842115917,4.752597022,2.157508654,1.526620863,1.255177805,0.787506967,MTC
"UpdatedNZ_HeavyElec_NoInd,date=2025-3-10T01:25:51-06:00",AZ,biomass liquids,CO2,0.020772742,0.019539928,0.017223879,0.013951908,0.019680763,0.016922929,0.017765877,0.020889918,MTC
"UpdatedNZ_HeavyElec_NoInd,date=2025-3-10T01:25:51-06:00",AZ,cement,CO2,0.322743,0.3313047,0.2911901,0.3060325,0.20998704,0.12343967,0.08312132,0.060957015,MTC
"UpdatedNZ_HeavyElec_NoInd,date=2025-3-10T01:25:51-06:00",AZ,coal to liquids,CO2,0,0,0,0,1.26E-05,2.06E-05,6.85E-05,1.51E-04,MTC
"UpdatedNZ_HeavyElec_NoInd,date=2025-3-10T01:25:51-06:00",AZ,comm cooking,CO2,0.0695666,0.07318209,0.06867291,0.06682378,0.05712599,0.05016872,0.04218965,0.036362651,MTC
"UpdatedNZ_HeavyElec_NoInd,date=2025-3-10T01:25:51-06:00",AZ,comm cooling,CO2,0.0025489,0.002667936,0.002653671,0.002664674,0.00255868,0.002440261,0.0022269,0.002098385,MTC
"UpdatedNZ_HeavyElec_NoInd,date=2025-3-10T01:25:51-06:00",AZ,comm heating,CO2,0.173415,0.16621107,0.15257401,0.1391705,0.112125645,0.085688852,0.042295844,0.031110962,MTC
"UpdatedNZ_HeavyElec_NoInd,date=2025-3-10T01:25:51-06:00",AZ,comm hot water,CO2,0.164572,0.17264022,0.16829203,0.16421894,0.1389066,0.11130555,0.077511856,0.061030761,MTC
"UpdatedNZ_HeavyElec_NoInd,date=2025-3-10T01:25:51-06:00",AZ,comm other,CO2,0.2292291,0.2329466,0.2459874,0.2776594,0.3024951,0.325374,0.3265321,0.2836541,MTC
"UpdatedNZ_HeavyElec_NoInd,date=2025-3-10T01:25:51-06:00",AZ,intermediate generation,CO2,5.82246347,4.337219612,3.759558419,3.249595957,1.8945172,1.476153279,1.250601673,0.603919831,MTC
"UpdatedNZ_HeavyElec_NoInd,date=2025-3-10T01:25:51-06:00",AZ,oil refining,CO2,0,0,0,0,0,0,0,0,MTC
"UpdatedNZ_HeavyElec_NoInd,date=2025-3-10T01:25:51-06:00",AZ,other industrial energy use,CO2,0.59006321,0.604019225,0.624510489,0.638501429,0.629465767,0.616354277,0.575219234,0.376953229,MTC
"UpdatedNZ_HeavyElec_NoInd,date=2025-3-10T01:25:51-06:00",AZ,peak generation,CO2,0.0821117,0.070380758,0.043277013,0.034355587,0.012591703,0.007113983,0.004226489,0.00105844,MTC
"UpdatedNZ_HeavyElec_NoInd,date=2025-3-10T01:25:51-06:00",AZ,process heat cement,CO2,0.2644945,0.272018435,0.237993226,0.260036814,0.242676315,0.234767164,0.235490621,0.228496016,MTC
"UpdatedNZ_HeavyElec_NoInd,date=2025-3-10T01:25:51-06:00",AZ,process heat dac,CO2,0,0,1.82E-06,9.23E-06,0.00532031,0.0401242,0.102061,0.102895,MTC
"UpdatedNZ_HeavyElec_NoInd,date=2025-3-10T01:25:51-06:00",AZ,regional biomass,CO2,-0.188089,-0.12712,-0.180115,-0.202738,-0.408428,-0.589229,-0.814481,-1.16724,MTC
"UpdatedNZ_HeavyElec_NoInd,date=2025-3-10T01:25:51-06:00",AZ,regional biomassOil,CO2,-0.00492947,-0.00467539,-0.00409316,-0.00331345,-0.00376646,-0.00282784,-0.00308918,-0.00498484,MTC
"UpdatedNZ_HeavyElec_NoInd,date=2025-3-10T01:25:51-06:00",AZ,regional corn for ethanol,CO2,-0.0886558,-0.0833825,-0.0735079,-0.0595445,-0.0662248,-0.0468125,-0.0304702,-0.0241168,MTC
"UpdatedNZ_HeavyElec_NoInd,date=2025-3-10T01:25:51-06:00",AZ,resid clothes dryers,CO2,0.00370762,0.00387661,0.003809817,0.003822487,0.003365771,0.003213596,0.003096302,0.002773262,MTC
"UpdatedNZ_HeavyElec_NoInd,date=2025-3-10T01:25:51-06:00",AZ,resid cooking,CO2,0.01949061,0.018861846,0.017598528,0.015568035,0.012762424,0.009269006,0.008360213,0.00699238,MTC
"UpdatedNZ_HeavyElec_NoInd,date=2025-3-10T01:25:51-06:00",AZ,resid heating,CO2,0.297734649,0.271809293,0.252410064,0.224514924,0.182604532,0.137607731,0.097365486,0.064803152,MTC
"UpdatedNZ_HeavyElec_NoInd,date=2025-3-10T01:25:51-06:00",AZ,resid hot water,CO2,0.25028347,0.237277587,0.226861817,0.214058988,0.162273764,0.149252124,0.137344961,0.114677498,MTC
"UpdatedNZ_HeavyElec_NoInd,date=2025-3-10T01:25:51-06:00",AZ,resid other,CO2,0.024752,0.01951982,0.02102393,0.0212293,0.02040566,0.02059816,0.01997118,0.01648975,MTC
"UpdatedNZ_HeavyElec_NoInd,date=2025-3-10T01:25:51-06:00",AZ,subpeak generation,CO2,0.1579153,0.14088955,0.09613514,0.082346755,0.038598576,0.027354798,0.032381689,0.011690259,MTC
"UpdatedNZ_HeavyElec_NoInd,date=2025-3-10T01:25:51-06:00",AZ,trn_aviation_intl,CO2,0.0892609,0.0837379,0.0843808,0.0830398,0.0804978,0.0849283,0.0885823,0.0872313,MTC
"UpdatedNZ_HeavyElec_NoInd,date=2025-3-10T01:25:51-06:00",AZ,trn_freight,CO2,0.166517,0.165711,0.15127646,0.1315633,0.1016765,0.090394,0.0858511,0.0730658,MTC
"UpdatedNZ_HeavyElec_NoInd,date=2025-3-10T01:25:51-06:00",AZ,trn_freight_road,CO2,2.521586,2.6495286,2.19297095,1.73184993,1.107877396,0.75061118,0.43913948,0.142756051,MTC
"UpdatedNZ_HeavyElec_NoInd,date=2025-3-10T01:25:51-06:00",AZ,trn_pass,CO2,0.34819498,0.33248424,0.33183534,0.32851397,0.29597992,0.2923194,0.25829306,0.14982161,MTC
"UpdatedNZ_HeavyElec_NoInd,date=2025-3-10T01:25:51-06:00",AZ,trn_pass_road,CO2,0.1101105,0.1344443,0.14516633,0.10209557,0.07038951,0.045925521,0.031786058,0.024373667,MTC
"UpdatedNZ_HeavyElec_NoInd,date=2025-3-10T01:25:51-06:00",AZ,trn_pass_road_LDV,CO2,0.019249,0.0143274,0.0033624,0.001749,0.00176895,0.00185752,0.00191349,0.00183146,MTC
"UpdatedNZ_HeavyElec_NoInd,date=2025-3-10T01:25:51-06:00",AZ,trn_pass_road_LDV_4W,CO2,5.4691019,4.63947797,3.66374241,2.28721225,1.279240014,0.55602233,0.4383471,0.33639799,MTC
"UpdatedNZ_HeavyElec_NoInd,date=2025-3-10T01:25:51-06:00",CA,H2 central production,CO2,0,0,0.049194004,0.099125325,0.085645074,0.101400861,0.124383975,0.194678529,MTC
"UpdatedNZ_HeavyElec_NoInd,date=2025-3-10T01:25:51-06:00",CA,H2 wholesale dispensing,CO2,0,0,0.140411,0.349849,0.5244582,0.7048721,0.882247,0.967327,MTC
"UpdatedNZ_HeavyElec_NoInd,date=2025-3-10T01:25:51-06:00",CA,N fertilizer,CO2,0.25424,0.2803743,0.34521463,0.3375367,0.2687799,0.18765047,0.132563993,0.087516385,MTC
"UpdatedNZ_HeavyElec_NoInd,date=2025-3-10T01:25:51-06:00",CA,airCO2,CO2,0,0,-6.98E-05,-3.74E-04,-0.238993,-2.1334,-6.68314,-6.70765,MTC
"UpdatedNZ_HeavyElec_NoInd,date=2025-3-10T01:25:51-06:00",CA,base load generation,CO2,7.16792756,3.587528751,4.903501253,4.62118335,1.957201316,1.40010953,1.272827872,1.063888726,MTC
"UpdatedNZ_HeavyElec_NoInd,date=2025-3-10T01:25:51-06:00",CA,biomass liquids,CO2,0.0925112,0.08685156,0.07666434,0.06211581,0.109366542,0.104936105,0.126928174,0.162958111,MTC
"UpdatedNZ_HeavyElec_NoInd,date=2025-3-10T01:25:51-06:00",CA,cement,CO2,1.05237,0.994581,0.994969498,1.00984389,0.710486419,0.438761189,0.312302065,0.229337967,MTC
"UpdatedNZ_HeavyElec_NoInd,date=2025-3-10T01:25:51-06:00",CA,comm cooking,CO2,0.275579,0.2955527,0.2837503,0.2782724,0.2448135,0.22195006,0.1951495,0.17207832,MTC
"UpdatedNZ_HeavyElec_NoInd,date=2025-3-10T01:25:51-06:00",CA,comm cooling,CO2,0.0213809,0.02283764,0.02286935,0.02280216,0.02186727,0.02076218,0.01895143,0.017661941,MTC
"UpdatedNZ_HeavyElec_NoInd,date=2025-3-10T01:25:51-06:00",CA,comm heating,CO2,1.342291,1.3480443,1.2999976,1.2499836,1.0625542,0.86413958,0.5336697,0.40391619,MTC
"UpdatedNZ_HeavyElec_NoInd,date=2025-3-10T01:25:51-06:00",CA,comm hot water,CO2,0.7384545,0.7806783,0.7609692,0.7470565,0.6539915,0.57247327,0.47332003,0.41240079,MTC
"UpdatedNZ_HeavyElec_NoInd,date=2025-3-10T01:25:51-06:00",CA,comm other,CO2,2.11515,2.191605,2.213372,2.194601,1.944223,1.815765,1.764136,1.556687,MTC
"UpdatedNZ_HeavyElec_NoInd,date=2025-3-10T01:25:51-06:00",CA,gas to liquids,CO2,0,0,0,0,1.20E-04,2.04E-04,7.30E-04,0.00223469,MTC
"UpdatedNZ_HeavyElec_NoInd,date=2025-3-10T01:25:51-06:00",CA,intermediate generation,CO2,5.7390651,3.3262603,3.602655443,3.264805419,1.661140985,1.156841199,1.028081825,0.556920973,MTC
"UpdatedNZ_HeavyElec_NoInd,date=2025-3-10T01:25:51-06:00",CA,oil refining,CO2,4.86282,4.49891,4.03161,3.4067,2.6690819,2.33473877,2.09763793,1.42692158,MTC
"UpdatedNZ_HeavyElec_NoInd,date=2025-3-10T01:25:51-06:00",CA,other industrial energy use,CO2,11.566796,12.02437979,12.62698441,13.35189628,13.33415039,13.49206807,13.44319532,11.6012206,MTC
"UpdatedNZ_HeavyElec_NoInd,date=2025-3-10T01:25:51-06:00",CA,peak generation,CO2,0.101985651,0.066100824,0.045254564,0.036862421,0.0120096,0.005967656,0.003183508,7.94E-04,MTC
"UpdatedNZ_HeavyElec_NoInd,date=2025-3-10T01:25:51-06:00",CA,process heat cement,CO2,0.86243845,0.81545145,0.81651605,0.85479104,0.80008322,0.76429486,0.761627866,0.737505269,MTC
"UpdatedNZ_HeavyElec_NoInd,date=2025-3-10T01:25:51-06:00",CA,process heat dac,CO2,0,0,1.38E-06,6.86E-06,0.00405623,0.0323906,0.0872056,0.0879221,MTC
"UpdatedNZ_HeavyElec_NoInd,date=2025-3-10T01:25:51-06:00",CA,regional biomass,CO2,-3.10432,-1.57695,-2.60966,-2.90439,-4.40365,-5.29485,-6.27648,-7.62985,MTC
"UpdatedNZ_HeavyElec_NoInd,date=2025-3-10T01:25:51-06:00",CA,regional biomassOil,CO2,-0.145409,-0.137913,-0.120739,-0.0977396,-0.114013,-0.0883157,-0.101202,-0.166177,MTC
"UpdatedNZ_HeavyElec_NoInd,date=2025-3-10T01:25:51-06:00",CA,regional corn for ethanol,CO2,-0.357048,-0.334776,-0.295814,-0.239704,-0.273114,-0.198182,-0.142966,-0.138592,MTC
"UpdatedNZ_HeavyElec_NoInd,date=2025-3-10T01:25:51-06:00",CA,resid clothes dryers,CO2,0.0884277,0.0984544,0.1005487,0.1038924,0.0965626,0.0942279,0.0928017,0.085323,MTC
"UpdatedNZ_HeavyElec_NoInd,date=2025-3-10T01:25:51-06:00",CA,resid cooking,CO2,0.3885058,0.40648162,0.40566483,0.39691439,0.365921596,0.320547457,0.307260567,0.275977363,MTC
"UpdatedNZ_HeavyElec_NoInd,date=2025-3-10T01:25:51-06:00",CA,resid heating,CO2,2.37199162,2.22916081,2.09905175,1.90156011,1.58217383,1.22997196,0.909316524,0.636405911,MTC
"UpdatedNZ_HeavyElec_NoInd,date=2025-3-10T01:25:51-06:00",CA,resid hot water,CO2,2.91244298,3.14278607,3.26908564,3.3959657,3.27706288,3.30263945,3.32709937,3.17323851,MTC
"UpdatedNZ_HeavyElec_NoInd,date=2025-3-10T01:25:51-06:00",CA,resid other,CO2,0.4548065,0.4075946,0.4380469,0.4618854,0.4488078,0.4566308,0.4545597,0.393581,MTC
"UpdatedNZ_HeavyElec_NoInd,date=2025-3-10T01:25:51-06:00",CA,subpeak generation,CO2,0.319275875,0.188304007,0.175496427,0.133505995,0.055884552,0.032467021,0.030687059,0.011270875,MTC
"UpdatedNZ_HeavyElec_NoInd,date=2025-3-10T01:25:51-06:00",CA,trn_aviation_intl,CO2,2.60669,2.46874,2.49768,2.41437,2.3221,2.42022,2.50029,2.45308,MTC
"UpdatedNZ_HeavyElec_NoInd,date=2025-3-10T01:25:51-06:00",CA,trn_freight,CO2,2.394555,2.7021498,2.2726368,2.1082452,1.72809,1.543035,1.176937,0.4841489,MTC
"UpdatedNZ_HeavyElec_NoInd,date=2025-3-10T01:25:51-06:00",CA,trn_freight_road,CO2,10.68508,11.221087,9.6225399,7.52862157,4.91466559,3.32393922,1.97577481,0.68350372,MTC
"UpdatedNZ_HeavyElec_NoInd,date=2025-3-10T01:25:51-06:00",CA,trn_pass,CO2,9.9906632,9.64775,9.7503654,9.5074059,8.4941763,8.2158454,7.0791466,3.986062,MTC
"UpdatedNZ_HeavyElec_NoInd,date=2025-3-10T01:25:51-06:00",CA,trn_pass_road,CO2,0.436891,0.5333154,0.57903586,0.40977906,0.28196274,0.18239543,0.12480065,0.096152344,MTC
"UpdatedNZ_HeavyElec_NoInd,date=2025-3-10T01:25:51-06:00",CA,trn_pass_road_LDV,CO2,0.104258,0.0847832,0.0162322,0.00836346,0.00824789,0.00843815,0.0084965,0.00793906,MTC
"UpdatedNZ_HeavyElec_NoInd,date=2025-3-10T01:25:51-06:00",CA,trn_pass_road_LDV_4W,CO2,29.6224644,24.9943962,19.6129648,12.09460706,6.6624061,2.8040226,2.198847,1.6699835,MTC
"UpdatedNZ_HeavyElec_NoInd,date=2025-3-10T01:25:51-06:00",CA,trn_shipping_intl,CO2,7.01843,7.203457,6.63299,6.41875,5.89512,5.74285,5.08616,2.26956,MTC
"UpdatedNZ_HeavyElec_NoInd,date=2025-3-10T01:25:51-06:00",CO,H2 central production,CO2,0,0,0.005801713,0.012062687,0.010909482,0.012465846,0.013532812,0.014806753,MTC
"UpdatedNZ_HeavyElec_NoInd,date=2025-3-10T01:25:51-06:00",CO,H2 wholesale dispensing,CO2,0,0,0.0196376,0.0502546,0.0742912,0.09693983,0.1102598,0.0951351,MTC
"UpdatedNZ_HeavyElec_NoInd,date=2025-3-10T01:25:51-06:00",CO,airCO2,CO2,0,0,-1.07E-04,-5.87E-04,-0.365234,-3.05289,-8.79439,-8.78542,MTC
"UpdatedNZ_HeavyElec_NoInd,date=2025-3-10T01:25:51-06:00",CO,base load generation,CO2,6.941332281,3.22569258,1.69643937,1.39942829,0.577311531,0.435908366,0.385636432,0.266162471,MTC
"UpdatedNZ_HeavyElec_NoInd,date=2025-3-10T01:25:51-06:00",CO,biomass liquids,CO2,0.0510594,0.0480223,0.0423353,0.0342934,0.047110201,0.03996895,0.041076179,0.058971317,MTC
"UpdatedNZ_HeavyElec_NoInd,date=2025-3-10T01:25:51-06:00",CO,cement,CO2,0.196014,0.176781,0.170658,0.17856393,0.12208967,0.07165745,0.049204461,0.036549505,MTC
"UpdatedNZ_HeavyElec_NoInd,date=2025-3-10T01:25:51-06:00",CO,coal to liquids,CO2,0,0,0,0,3.00E-05,4.92E-05,1.64E-04,3.62E-04,MTC
"UpdatedNZ_HeavyElec_NoInd,date=2025-3-10T01:25:51-06:00",CO,comm cooking,CO2,0.0724063,0.07724442,0.07292242,0.07273493,0.06352442,0.05732542,0.04987695,0.043608493,MTC
"UpdatedNZ_HeavyElec_NoInd,date=2025-3-10T01:25:51-06:00",CO,comm cooling,CO2,6.43E-04,6.77E-04,6.75E-04,6.81E-04,6.56E-04,6.26E-04,5.71E-04,5.36E-04,MTC
"UpdatedNZ_HeavyElec_NoInd,date=2025-3-10T01:25:51-06:00",CO,comm heating,CO2,0.53631584,0.52278158,0.4823723,0.44946005,0.367976566,0.28775881,0.15531813,0.116781992,MTC
"UpdatedNZ_HeavyElec_NoInd,date=2025-3-10T01:25:51-06:00",CO,comm hot water,CO2,0.1552732,0.16424519,0.1598574,0.15826631,0.1357325,0.11207316,0.082654178,0.067121981,MTC
"UpdatedNZ_HeavyElec_NoInd,date=2025-3-10T01:25:51-06:00",CO,comm other,CO2,0.2027635,0.2077503,0.218901,0.2476689,0.2682913,0.2881936,0.2899864,0.253641,MTC
"UpdatedNZ_HeavyElec_NoInd,date=2025-3-10T01:25:51-06:00",CO,gas to liquids,CO2,0,0,0,0,0.00101727,0.001720056,0.006161952,0.018868922,MTC
"UpdatedNZ_HeavyElec_NoInd,date=2025-3-10T01:25:51-06:00",CO,intermediate generation,CO2,3.436755117,2.479057622,2.069827046,1.813672945,1.151890347,0.972675947,0.883996991,0.466932401,MTC
"UpdatedNZ_HeavyElec_NoInd,date=2025-3-10T01:25:51-06:00",CO,oil refining,CO2,0.263945,0.244663,0.219182,0.18523,0.147397301,0.128685722,0.114642062,0.077736761,MTC
"UpdatedNZ_HeavyElec_NoInd,date=2025-3-10T01:25:51-06:00",CO,other industrial energy use,CO2,2.7217794,2.723907416,2.789945259,2.893678057,2.89600399,2.905027488,2.863665355,2.410571274,MTC
"UpdatedNZ_HeavyElec_NoInd,date=2025-3-10T01:25:51-06:00",CO,peak generation,CO2,0.03165764,0.027149225,0.016704198,0.013262619,0.004860957,0.002746173,0.001631709,4.09E-04,MTC
"UpdatedNZ_HeavyElec_NoInd,date=2025-3-10T01:25:51-06:00",CO,process heat cement,CO2,0.16063677,0.14492857,0.13992463,0.150340801,0.141516606,0.136403455,0.136980445,0.133515839,MTC
"UpdatedNZ_HeavyElec_NoInd,date=2025-3-10T01:25:51-06:00",CO,process heat dac,CO2,0,0,2.12E-06,1.08E-05,0.00621377,0.0469188,0.119432,0.120423,MTC
"UpdatedNZ_HeavyElec_NoInd,date=2025-3-10T01:25:51-06:00",CO,regional biomass,CO2,-0.289428,-0.265545,-0.28626,-0.307827,-0.461158,-0.542726,-0.712783,-1.18793,MTC
"UpdatedNZ_HeavyElec_NoInd,date=2025-3-10T01:25:51-06:00",CO,regional biomassOil,CO2,0,0,0,0,-8.57E-06,-3.79E-05,-5.68E-04,-0.00126198,MTC
"UpdatedNZ_HeavyElec_NoInd,date=2025-3-10T01:25:51-06:00",CO,regional corn for ethanol,CO2,-0.221624,-0.208441,-0.183757,-0.148851,-0.164038,-0.114852,-0.0741264,-0.0507105,MTC
"UpdatedNZ_HeavyElec_NoInd,date=2025-3-10T01:25:51-06:00",CO,resid clothes dryers,CO2,0.00701054,0.00728253,0.00713448,0.00715469,0.006318435,0.006059753,0.005866194,0.005285836,MTC
"UpdatedNZ_HeavyElec_NoInd,date=2025-3-10T01:25:51-06:00",CO,resid cooking,CO2,0.03745164,0.03695002,0.035254347,0.032374928,0.027808328,0.021863411,0.020144314,0.017228485,MTC
"UpdatedNZ_HeavyElec_NoInd,date=2025-3-10T01:25:51-06:00",CO,resid heating,CO2,1.50483168,1.41786533,1.33485877,1.22043951,1.02172392,0.800752076,0.597418609,0.421227099,MTC
"UpdatedNZ_HeavyElec_NoInd,date=2025-3-10T01:25:51-06:00",CO,resid hot water,CO2,0.47634052,0.4740052,0.46905015,0.463519325,0.396590197,0.380139015,0.363501494,0.319441472,MTC
"UpdatedNZ_HeavyElec_NoInd,date=2025-3-10T01:25:51-06:00",CO,resid other,CO2,0.0478528,0.038552,0.0409291,0.0412794,0.0399232,0.0403833,0.0392739,0.03279241,MTC
"UpdatedNZ_HeavyElec_NoInd,date=2025-3-10T01:25:51-06:00",CO,subpeak generation,CO2,0.06087896,0.05497627,0.037774583,0.03212978,0.014778562,0.010286989,0.011707272,0.004108759,MTC
"UpdatedNZ_HeavyElec_NoInd,date=2025-3-10T01:25:51-06:00",CO,trn_aviation_intl,CO2,0.214654,0.197686,0.197448,0.192364,0.186008,0.195214,0.202691,0.199717,MTC
"UpdatedNZ_HeavyElec_NoInd,date=2025-3-10T01:25:51-06:00",CO,trn_freight,CO2,0.124573,0.122905,0.11171261,0.097035,0.0749845,0.066665,0.0633164,0.0539027,MTC
"UpdatedNZ_HeavyElec_NoInd,date=2025-3-10T01:25:51-06:00",CO,trn_freight_road,CO2,1.886412,1.9663519,1.62201623,1.27924924,0.817521953,0.553861336,0.323929913,0.105202951,MTC
"UpdatedNZ_HeavyElec_NoInd,date=2025-3-10T01:25:51-06:00",CO,trn_pass,CO2,0.82555247,0.77389809,0.76566653,0.75033094,0.6728874,0.65652515,0.56845936,0.31585987,MTC
"UpdatedNZ_HeavyElec_NoInd,date=2025-3-10T01:25:51-06:00",CO,trn_pass_road,CO2,0.07956604,0.09898937,0.10819455,0.07737803,0.053302454,0.034468445,0.02359345,0.01809813,MTC
"UpdatedNZ_HeavyElec_NoInd,date=2025-3-10T01:25:51-06:00",CO,trn_pass_road_LDV,CO2,0.0159248,0.0120409,0.00244265,0.00126807,0.00127006,0.00131853,0.00134255,0.00126922,MTC
"UpdatedNZ_HeavyElec_NoInd,date=2025-3-10T01:25:51-06:00",CO,trn_pass_road_LDV_4W,CO2,4.52441867,3.80127339,2.9850099,1.843345961,1.016942796,0.42573242,0.33575375,0.25543528,MTC
"UpdatedNZ_HeavyElec_NoInd,date=2025-3-10T01:25:51-06:00",CO,trn_shipping_intl,CO2,0,0,0,0,0,0,0,0,MTC
"UpdatedNZ_HeavyElec_NoInd,date=2025-3-10T01:25:51-06:00",CT,H2 central production,CO2,0,0,0.003405526,0.007685466,0.005928754,0.00636892,0.006701418,0.006706797,MTC
"UpdatedNZ_HeavyElec_NoInd,date=2025-3-10T01:25:51-06:00",CT,H2 wholesale dispensing,CO2,0,0,0.00726156,0.01922566,0.02992595,0.04090127,0.04942579,0.04555604,MTC
"UpdatedNZ_HeavyElec_NoInd,date=2025-3-10T01:25:51-06:00",CT,airCO2,CO2,0,0,-3.74E-06,-2.08E-05,-0.0116093,-0.10582,-0.358956,-0.0241,MTC
"UpdatedNZ_HeavyElec_NoInd,date=2025-3-10T01:25:51-06:00",CT,base load generation,CO2,0.93222339,0.45647302,0.625356361,0.752906834,0.514261776,0.448213462,0.413932555,0.256778281,MTC
"UpdatedNZ_HeavyElec_NoInd,date=2025-3-10T01:25:51-06:00",CT,cement,CO2,0.069647,0.061658,0.0580835,0.062134278,0.043138458,0.02552491,0.017744952,0.013521158,MTC
"UpdatedNZ_HeavyElec_NoInd,date=2025-3-10T01:25:51-06:00",CT,comm cooking,CO2,0.02315634,0.02303118,0.021168925,0.019996005,0.016970642,0.015162028,0.01323861,0.011913869,MTC
"UpdatedNZ_HeavyElec_NoInd,date=2025-3-10T01:25:51-06:00",CT,comm cooling,CO2,0.0151287,0.01510951,0.01454311,0.01409896,0.01332322,0.01268971,0.011723575,0.011243278,MTC
"UpdatedNZ_HeavyElec_NoInd,date=2025-3-10T01:25:51-06:00",CT,comm heating,CO2,0.5689306,0.55352434,0.51557949,0.48618595,0.41240944,0.3360847,0.207387679,0.163870539,MTC
"UpdatedNZ_HeavyElec_NoInd,date=2025-3-10T01:25:51-06:00",CT,comm hot water,CO2,0.0646064,0.06403518,0.05996323,0.05677363,0.04803644,0.040973821,0.032557602,0.028537367,MTC
"UpdatedNZ_HeavyElec_NoInd,date=2025-3-10T01:25:51-06:00",CT,comm other,CO2,0.3195605,0.3100195,0.3084635,0.3082973,0.2885129,0.2802901,0.2775851,0.2510475,MTC
"UpdatedNZ_HeavyElec_NoInd,date=2025-3-10T01:25:51-06:00",CT,intermediate generation,CO2,1.22967049,0.989462198,0.970731409,0.921557945,0.660441206,0.547574394,0.455967853,0.292847858,MTC
"UpdatedNZ_HeavyElec_NoInd,date=2025-3-10T01:25:51-06:00",CT,other industrial energy use,CO2,0.44689151,0.449629295,0.467886177,0.490540225,0.500744967,0.511097152,0.514449407,0.465951008,MTC
"UpdatedNZ_HeavyElec_NoInd,date=2025-3-10T01:25:51-06:00",CT,peak generation,CO2,0.01761487,0.01439595,0.00993866,0.008871642,0.004899491,0.003508104,0.002434742,9.33E-04,MTC
"UpdatedNZ_HeavyElec_NoInd,date=2025-3-10T01:25:51-06:00",CT,process heat cement,CO2,0.057077106,0.050547943,0.047623171,0.051198604,0.047192155,0.044869143,0.044813545,0.043664286,MTC
"UpdatedNZ_HeavyElec_NoInd,date=2025-3-10T01:25:51-06:00",CT,process heat dac,CO2,0,0,7.36E-08,3.81E-07,1.98E-04,0.00162887,0.00480099,2.27E-04,MTC
"UpdatedNZ_HeavyElec_NoInd,date=2025-3-10T01:25:51-06:00",CT,regional biomass,CO2,-0.587438,-0.366483,-0.489131,-0.528631,-0.45381,-0.487226,-0.518535,-0.597938,MTC
"UpdatedNZ_HeavyElec_NoInd,date=2025-3-10T01:25:51-06:00",CT,resid clothes dryers,CO2,0.00487628,0.00487581,0.004674215,0.004660753,0.004201214,0.004192589,0.004205987,0.003902483,MTC
"UpdatedNZ_HeavyElec_NoInd,date=2025-3-10T01:25:51-06:00",CT,resid cooking,CO2,0.0309955,0.030365603,0.029051691,0.027144008,0.024517493,0.02108519,0.020372179,0.018139034,MTC
"UpdatedNZ_HeavyElec_NoInd,date=2025-3-10T01:25:51-06:00",CT,resid heating,CO2,1.2437479,1.2143333,1.16990848,1.1158855,0.99977569,0.85265834,0.69326088,0.52355238,MTC
"UpdatedNZ_HeavyElec_NoInd,date=2025-3-10T01:25:51-06:00",CT,resid hot water,CO2,0.3347025,0.32154051,0.30925772,0.29379118,0.23805363,0.22231217,0.20447857,0.17018374,MTC
"UpdatedNZ_HeavyElec_NoInd,date=2025-3-10T01:25:51-06:00",CT,resid other,CO2,0.0420597,0.0341631,0.0356661,0.0361746,0.0376498,0.0388332,0.0381562,0.0320447,MTC
"UpdatedNZ_HeavyElec_NoInd,date=2025-3-10T01:25:51-06:00",CT,subpeak generation,CO2,0.1040858,0.0824911,0.065797185,0.059339788,0.035232104,0.027097016,0.021809217,0.010719997,MTC
"UpdatedNZ_HeavyElec_NoInd,date=2025-3-10T01:25:51-06:00",CT,trn_aviation_intl,CO2,0.0355717,0.0315747,0.0310024,0.0300165,0.0290392,0.0306465,0.0320037,0.0318204,MTC
"UpdatedNZ_HeavyElec_NoInd,date=2025-3-10T01:25:51-06:00",CT,trn_freight,CO2,0.0582402,0.0550538,0.04921112,0.04243696,0.0328052,0.0295977,0.0288292,0.0251551,MTC
"UpdatedNZ_HeavyElec_NoInd,date=2025-3-10T01:25:51-06:00",CT,trn_freight_road,CO2,0.88194,0.88374369,0.72468633,0.579884947,0.388900457,0.285840219,0.186657504,0.067344397,MTC
"UpdatedNZ_HeavyElec_NoInd,date=2025-3-10T01:25:51-06:00",CT,trn_pass,CO2,0.13840727,0.12463041,0.1212375,0.11814684,0.1072915,0.10672053,0.09579876,0.05770792,MTC
"UpdatedNZ_HeavyElec_NoInd,date=2025-3-10T01:25:51-06:00",CT,trn_pass_road,CO2,0.03769097,0.04861809,0.05419637,0.040015498,0.027926969,0.01816279,0.01244803,0.009518249,MTC
"UpdatedNZ_HeavyElec_NoInd,date=2025-3-10T01:25:51-06:00",CT,trn_pass_road_LDV,CO2,0.0103311,0.00746082,0.00141257,7.29E-04,7.38E-04,7.74E-04,7.94E-04,7.52E-04,MTC
"UpdatedNZ_HeavyElec_NoInd,date=2025-3-10T01:25:51-06:00",CT,trn_pass_road_LDV_4W,CO2,2.93504824,2.45137642,1.92844603,1.193654979,0.66508714,0.28743143,0.23280324,0.18043508,MTC
"UpdatedNZ_HeavyElec_NoInd,date=2025-3-10T01:25:51-06:00",CT,trn_shipping_intl,CO2,0,0,0,0,0,0,0,0,MTC
"UpdatedNZ_HeavyElec_NoInd,date=2025-3-10T01:25:51-06:00",DC,H2 central production,CO2,0,0,1.59E-04,3.58E-04,3.49E-04,4.37E-04,5.06E-04,6.38E-04,MTC
"UpdatedNZ_HeavyElec_NoInd,date=2025-3-10T01:25:51-06:00",DC,H2 wholesale dispensing,CO2,0,0,4.24E-04,0.001091725,0.001663114,0.002231775,0.002629414,0.002367886,MTC
"UpdatedNZ_HeavyElec_NoInd,date=2025-3-10T01:25:51-06:00",DC,base load generation,CO2,0.00610964,0.002524559,0.005545093,0.006494696,0.004248247,0.004185687,0.004234315,0.003236857,MTC
"UpdatedNZ_HeavyElec_NoInd,date=2025-3-10T01:25:51-06:00",DC,comm cooking,CO2,0.01640433,0.016376847,0.014891262,0.013999256,0.011627128,0.010153332,0.008673632,0.007682841,MTC
"UpdatedNZ_HeavyElec_NoInd,date=2025-3-10T01:25:51-06:00",DC,comm cooling,CO2,6.84E-04,6.80E-04,6.50E-04,6.29E-04,5.90E-04,5.59E-04,5.17E-04,4.98E-04,MTC
"UpdatedNZ_HeavyElec_NoInd,date=2025-3-10T01:25:51-06:00",DC,comm heating,CO2,0.15249698,0.138407426,0.122907036,0.107354268,0.084517485,0.063779127,0.029269805,0.022993732,MTC
"UpdatedNZ_HeavyElec_NoInd,date=2025-3-10T01:25:51-06:00",DC,comm hot water,CO2,0.036217991,0.035253315,0.032232663,0.02969131,0.02400565,0.019708932,0.014924496,0.013096216,MTC
"UpdatedNZ_HeavyElec_NoInd,date=2025-3-10T01:25:51-06:00",DC,comm other,CO2,0.04572896,0.04234847,0.0477484,0.0616991,0.0754964,0.0846493,0.0856894,0.0756423,MTC
"UpdatedNZ_HeavyElec_NoInd,date=2025-3-10T01:25:51-06:00",DC,intermediate generation,CO2,0.00610964,0.010172436,0.014049361,0.01591415,0.015213978,0.015786804,0.016535469,0.014069543,MTC
"UpdatedNZ_HeavyElec_NoInd,date=2025-3-10T01:25:51-06:00",DC,other industrial energy use,CO2,0.001777741,0.001802771,0.001921941,0.001974988,0.00203453,0.002044806,0.001947003,0.001366797,MTC
"UpdatedNZ_HeavyElec_NoInd,date=2025-3-10T01:25:51-06:00",DC,peak generation,CO2,0,0,0,0,0,0,0,0,MTC
"UpdatedNZ_HeavyElec_NoInd,date=2025-3-10T01:25:51-06:00",DC,regional biomass,CO2,-0.0122193,-0.00303172,-0.00752375,-0.00717641,-0.00552202,-0.0068795,-0.00798334,-0.00995754,MTC
"UpdatedNZ_HeavyElec_NoInd,date=2025-3-10T01:25:51-06:00",DC,resid clothes dryers,CO2,0.00135468,0.001358289,0.001298333,0.001288107,0.00115494,0.001139183,0.001132049,0.00105113,MTC
"UpdatedNZ_HeavyElec_NoInd,date=2025-3-10T01:25:51-06:00",DC,resid cooking,CO2,0.006104662,0.005963519,0.005695867,0.0053512,0.004784327,0.00409178,0.003973207,0.003621385,MTC
"UpdatedNZ_HeavyElec_NoInd,date=2025-3-10T01:25:51-06:00",DC,resid heating,CO2,0.1428379,0.129855988,0.119234457,0.104882077,0.085518829,0.065377751,0.047958952,0.033794177,MTC
"UpdatedNZ_HeavyElec_NoInd,date=2025-3-10T01:25:51-06:00",DC,resid hot water,CO2,0.043076787,0.039952915,0.038010728,0.036151234,0.028499542,0.026957669,0.025692528,0.02246014,MTC
"UpdatedNZ_HeavyElec_NoInd,date=2025-3-10T01:25:51-06:00",DC,resid other,CO2,0.00723718,0.005545254,0.006090314,0.006281522,0.006219355,0.006457347,0.006522771,0.005752297,MTC
"UpdatedNZ_HeavyElec_NoInd,date=2025-3-10T01:25:51-06:00",DC,subpeak generation,CO2,0,0,0,0,0,0,0,0,MTC
"UpdatedNZ_HeavyElec_NoInd,date=2025-3-10T01:25:51-06:00",DC,trn_aviation_intl,CO2,0,0,0,0,0,0,0,0,MTC
"UpdatedNZ_HeavyElec_NoInd,date=2025-3-10T01:25:51-06:00",DC,trn_freight,CO2,0.00294766,0.00281926,0.002500367,0.002111901,0.001601473,0.001405936,0.001334535,0.001144086,MTC
"UpdatedNZ_HeavyElec_NoInd,date=2025-3-10T01:25:51-06:00",DC,trn_freight_road,CO2,0.04465084,0.045234811,0.036780341,0.028794492,0.018701828,0.013250433,0.008476661,0.003116584,MTC
"UpdatedNZ_HeavyElec_NoInd,date=2025-3-10T01:25:51-06:00",DC,trn_pass,CO2,1.25E-04,1.06E-04,1.16E-04,1.16E-04,1.14E-04,1.14E-04,1.12E-04,1.03E-04,MTC
"UpdatedNZ_HeavyElec_NoInd,date=2025-3-10T01:25:51-06:00",DC,trn_pass_road,CO2,0.00296546,0.004210277,0.004873537,0.003952962,0.002896084,0.00199996,0.001436161,0.001144107,MTC
"UpdatedNZ_HeavyElec_NoInd,date=2025-3-10T01:25:51-06:00",DC,trn_pass_road_LDV,CO2,7.76E-04,6.04E-04,7.32E-05,3.70E-05,3.56E-05,3.54E-05,3.46E-05,3.14E-05,MTC
"UpdatedNZ_HeavyElec_NoInd,date=2025-3-10T01:25:51-06:00",DC,trn_pass_road_LDV_4W,CO2,0.220473025,0.18120887,0.141343243,0.086030107,0.046861533,0.01903219,0.015527871,0.01196872,MTC
"UpdatedNZ_HeavyElec_NoInd,date=2025-3-10T01:25:51-06:00",DC,trn_shipping_intl,CO2,0,0,0,0,0,0,0,0,MTC
"UpdatedNZ_HeavyElec_NoInd,date=2025-3-10T01:25:51-06:00",DE,H2 central production,CO2,0,0,5.32E-04,0.001115206,9.71E-04,0.001112689,0.001244398,0.001543223,MTC
"UpdatedNZ_HeavyElec_NoInd,date=2025-3-10T01:25:51-06:00",DE,H2 wholesale dispensing,CO2,0,0,0.00163663,0.00422572,0.006503479,0.008777995,0.01053265,0.01029552,MTC
"UpdatedNZ_HeavyElec_NoInd,date=2025-3-10T01:25:51-06:00",DE,airCO2,CO2,0,0,-7.72E-06,-4.08E-05,-0.0235246,-0.198681,-0.612513,-0.589888,MTC
"UpdatedNZ_HeavyElec_NoInd,date=2025-3-10T01:25:51-06:00",DE,base load generation,CO2,0.244421616,0.140237552,0.111300759,0.091511813,0.041184084,0.031213137,0.025851563,0.014233921,MTC
"UpdatedNZ_HeavyElec_NoInd,date=2025-3-10T01:25:51-06:00",DE,comm cooking,CO2,0.01073987,0.010281316,0.009020591,0.00846549,0.00699488,0.006227373,0.005494133,0.004981857,MTC
"UpdatedNZ_HeavyElec_NoInd,date=2025-3-10T01:25:51-06:00",DE,comm cooling,CO2,3.10E-04,2.97E-04,2.75E-04,2.64E-04,2.46E-04,2.34E-04,2.17E-04,2.11E-04,MTC
"UpdatedNZ_HeavyElec_NoInd,date=2025-3-10T01:25:51-06:00",DE,comm heating,CO2,0.12469122,0.112809763,0.099468725,0.088700901,0.071062443,0.054793292,0.027192171,0.021528878,MTC
"UpdatedNZ_HeavyElec_NoInd,date=2025-3-10T01:25:51-06:00",DE,comm hot water,CO2,0.02663994,0.02544068,0.022842323,0.021255434,0.017347758,0.014441105,0.011082193,0.0097039,MTC
"UpdatedNZ_HeavyElec_NoInd,date=2025-3-10T01:25:51-06:00",DE,comm other,CO2,0.0548226,0.0509943,0.0514779,0.0540779,0.0556923,0.0580983,0.058113,0.051722,MTC
"UpdatedNZ_HeavyElec_NoInd,date=2025-3-10T01:25:51-06:00",DE,intermediate generation,CO2,0.557461927,0.501625899,0.449317708,0.399404291,0.299344456,0.251491549,0.214607952,0.136479036,MTC
"UpdatedNZ_HeavyElec_NoInd,date=2025-3-10T01:25:51-06:00",DE,oil refining,CO2,0.466896,0.432277,0.387213,0.327186,0.25644357,0.223947935,0.201160562,0.13667507,MTC
"UpdatedNZ_HeavyElec_NoInd,date=2025-3-10T01:25:51-06:00",DE,other industrial energy use,CO2,0.392672286,0.364474823,0.372150787,0.391505153,0.393655743,0.39966531,0.400848869,0.37231846,MTC
"UpdatedNZ_HeavyElec_NoInd,date=2025-3-10T01:25:51-06:00",DE,peak generation,CO2,0.01031265,0.008891948,0.0062807,0.005432914,0.003204728,0.002340001,0.001676592,7.14E-04,MTC
"UpdatedNZ_HeavyElec_NoInd,date=2025-3-10T01:25:51-06:00",DE,process heat dac,CO2,0,0,1.53E-07,7.53E-07,4.05E-04,0.00314168,0.00873377,0.0088252,MTC
"UpdatedNZ_HeavyElec_NoInd,date=2025-3-10T01:25:51-06:00",DE,regional biomass,CO2,-0.0381005,-0.0234545,-0.0293339,-0.0293746,-0.0300733,-0.0339376,-0.0360962,-0.041422,MTC
"UpdatedNZ_HeavyElec_NoInd,date=2025-3-10T01:25:51-06:00",DE,resid clothes dryers,CO2,0.00107068,0.001003588,9.12E-04,8.86E-04,7.76E-04,7.72E-04,7.72E-04,7.15E-04,MTC
"UpdatedNZ_HeavyElec_NoInd,date=2025-3-10T01:25:51-06:00",DE,resid cooking,CO2,0.00668067,0.006286175,0.005837865,0.005353007,0.004725842,0.003961631,0.003838353,0.003440109,MTC
"UpdatedNZ_HeavyElec_NoInd,date=2025-3-10T01:25:51-06:00",DE,resid heating,CO2,0.19150672,0.17087817,0.155773147,0.135749771,0.109401376,0.081814642,0.057576262,0.03831988,MTC
"UpdatedNZ_HeavyElec_NoInd,date=2025-3-10T01:25:51-06:00",DE,resid hot water,CO2,0.039753348,0.034733924,0.03167645,0.02905589,0.021298762,0.020108494,0.018975979,0.016226981,MTC
"UpdatedNZ_HeavyElec_NoInd,date=2025-3-10T01:25:51-06:00",DE,resid other,CO2,0.00901444,0.00668442,0.00718955,0.00727494,0.00735447,0.00766587,0.00762383,0.00653866,MTC
"UpdatedNZ_HeavyElec_NoInd,date=2025-3-10T01:25:51-06:00",DE,subpeak generation,CO2,0.0687019,0.06303161,0.048889709,0.043107853,0.028254626,0.022482795,0.018586717,0.010556063,MTC
"UpdatedNZ_HeavyElec_NoInd,date=2025-3-10T01:25:51-06:00",DE,trn_aviation_intl,CO2,0.00284835,0.00240131,0.00227579,0.00215867,0.0020621,0.00214315,0.00220533,0.0021548,MTC
"UpdatedNZ_HeavyElec_NoInd,date=2025-3-10T01:25:51-06:00",DE,trn_freight,CO2,0.01894229,0.017649956,0.014157081,0.012147335,0.00946497,0.00844519,0.007540815,0.005154842,MTC
"UpdatedNZ_HeavyElec_NoInd,date=2025-3-10T01:25:51-06:00",DE,trn_freight_road,CO2,0.1974143,0.18361388,0.146469558,0.113734574,0.07395118,0.052942035,0.034175717,0.012644142,MTC
"UpdatedNZ_HeavyElec_NoInd,date=2025-3-10T01:25:51-06:00",DE,trn_pass,CO2,0.011444439,0.009685578,0.009083189,0.00865391,0.007772305,0.007643755,0.006872861,0.004371203,MTC
"UpdatedNZ_HeavyElec_NoInd,date=2025-3-10T01:25:51-06:00",DE,trn_pass_road,CO2,0.008444714,0.011198323,0.012760594,0.009717369,0.006902736,0.004565207,0.003193828,0.002489353,MTC
"UpdatedNZ_HeavyElec_NoInd,date=2025-3-10T01:25:51-06:00",DE,trn_pass_road_LDV,CO2,0.00328101,0.00210225,3.88E-04,1.92E-04,1.90E-04,1.95E-04,1.97E-04,1.85E-04,MTC
"UpdatedNZ_HeavyElec_NoInd,date=2025-3-10T01:25:51-06:00",DE,trn_pass_road_LDV_4W,CO2,0.932254376,0.774430994,0.606551257,0.373846863,0.207007458,0.088267258,0.07225674,0.056659337,MTC
"UpdatedNZ_HeavyElec_NoInd,date=2025-3-10T01:25:51-06:00",DE,trn_shipping_intl,CO2,0.0245468,0.023345217,0.0203395,0.01929679,0.01760406,0.01726538,0.01604603,0.00915799,MTC
"UpdatedNZ_HeavyElec_NoInd,date=2025-3-10T01:25:51-06:00",FL,H2 central production,CO2,0,0,0.018730157,0.038418687,0.033171665,0.038325,0.045798829,0.073314919,MTC
"UpdatedNZ_HeavyElec_NoInd,date=2025-3-10T01:25:51-06:00",FL,H2 wholesale dispensing,CO2,0,0,0.0659421,0.1670025,0.2546149,0.3448765,0.4311049,0.4914512,MTC
"UpdatedNZ_HeavyElec_NoInd,date=2025-3-10T01:25:51-06:00",FL,N fertilizer,CO2,1.46745,1.5457391,1.68848293,1.62110233,1.22585494,0.7823427,0.53591244,0.362156762,MTC
"UpdatedNZ_HeavyElec_NoInd,date=2025-3-10T01:25:51-06:00",FL,airCO2,CO2,0,0,-2.56E-04,-0.0013923,-0.776384,-6.30924,-18.3057,-18.3566,MTC
"UpdatedNZ_HeavyElec_NoInd,date=2025-3-10T01:25:51-06:00",FL,base load generation,CO2,19.80242192,13.88192792,10.2042339,10.30556734,6.507393586,5.141819453,4.235454205,2.34021864,MTC
"UpdatedNZ_HeavyElec_NoInd,date=2025-3-10T01:25:51-06:00",FL,biomass liquids,CO2,0.00139007,0.00131842,0.00115424,9.34E-04,0.014779784,0.020317995,0.035508779,0.05089615,MTC
"UpdatedNZ_HeavyElec_NoInd,date=2025-3-10T01:25:51-06:00",FL,cement,CO2,0.637344,0.6396855,0.5556484,0.57739647,0.39036348,0.22234017,0.14627217,0.106989058,MTC
"UpdatedNZ_HeavyElec_NoInd,date=2025-3-10T01:25:51-06:00",FL,comm cooking,CO2,0.1394728,0.14030303,0.12784733,0.12077011,0.0998,0.08660027,0.07292879,0.063460698,MTC
"UpdatedNZ_HeavyElec_NoInd,date=2025-3-10T01:25:51-06:00",FL,comm cooling,CO2,0.0123256,0.01256549,0.01240287,0.01262967,0.01241225,0.01221303,0.011769224,0.011269978,MTC
"UpdatedNZ_HeavyElec_NoInd,date=2025-3-10T01:25:51-06:00",FL,comm heating,CO2,0.0671657,0.06378665,0.059142569,0.054908023,0.044918121,0.03487057,0.01812397,0.013140848,MTC
"UpdatedNZ_HeavyElec_NoInd,date=2025-3-10T01:25:51-06:00",FL,comm hot water,CO2,0.3628485,0.3604002,0.33801599,0.31952727,0.26244845,0.21283318,0.155002105,0.128862482,MTC
"UpdatedNZ_HeavyElec_NoInd,date=2025-3-10T01:25:51-06:00",FL,comm other,CO2,0.854839,0.85062,0.897019,0.931546,0.954355,0.98348,0.967007,0.839301,MTC
"UpdatedNZ_HeavyElec_NoInd,date=2025-3-10T01:25:51-06:00",FL,gas to liquids,CO2,0,0,0,0,4.38E-07,7.41E-07,2.65E-06,8.13E-06,MTC
"UpdatedNZ_HeavyElec_NoInd,date=2025-3-10T01:25:51-06:00",FL,intermediate generation,CO2,9.75113187,8.161539687,6.295519113,5.9852775,4.494720285,3.915417755,3.395585286,2.063264218,MTC
"UpdatedNZ_HeavyElec_NoInd,date=2025-3-10T01:25:51-06:00",FL,other industrial energy use,CO2,4.3725109,4.40013029,5.299919831,5.689493413,5.613083798,5.681214879,5.677597584,4.848255384,MTC
"UpdatedNZ_HeavyElec_NoInd,date=2025-3-10T01:25:51-06:00",FL,peak generation,CO2,0.12530224,0.107320407,0.075199204,0.057855413,0.033595124,0.025879521,0.01856803,0.006301488,MTC
"UpdatedNZ_HeavyElec_NoInd,date=2025-3-10T01:25:51-06:00",FL,process heat cement,CO2,0.5223155,0.52553388,0.454934862,0.487626979,0.444342659,0.420523005,0.414462366,0.396179065,MTC
"UpdatedNZ_HeavyElec_NoInd,date=2025-3-10T01:25:51-06:00",FL,process heat dac,CO2,0,0,5.06E-06,2.58E-05,0.0133925,0.100263,0.264432,0.266605,MTC
"UpdatedNZ_HeavyElec_NoInd,date=2025-3-10T01:25:51-06:00",FL,regional biomass,CO2,-3.91188,-2.80122,-3.9425,-4.61474,-6.90933,-8.54811,-9.47147,-10.1754,MTC
"UpdatedNZ_HeavyElec_NoInd,date=2025-3-10T01:25:51-06:00",FL,regional biomassOil,CO2,-0.0197165,-0.0187003,-0.0163715,-0.0132529,-0.0149865,-0.0111176,-0.0112436,-0.0169825,MTC
"UpdatedNZ_HeavyElec_NoInd,date=2025-3-10T01:25:51-06:00",FL,regional corn for ethanol,CO2,0,0,0,0,-0.0013049,-0.00218112,-0.00666272,-0.0156389,MTC
"UpdatedNZ_HeavyElec_NoInd,date=2025-3-10T01:25:51-06:00",FL,resid clothes dryers,CO2,0.00498704,0.00527816,0.00528532,0.00548992,0.005114691,0.00501402,0.0049144,0.004478149,MTC
"UpdatedNZ_HeavyElec_NoInd,date=2025-3-10T01:25:51-06:00",FL,resid cooking,CO2,0.0312801,0.030696211,0.029780509,0.027813031,0.024549039,0.020168206,0.01884047,0.016167381,MTC
"UpdatedNZ_HeavyElec_NoInd,date=2025-3-10T01:25:51-06:00",FL,resid heating,CO2,0.10101718,0.0900891,0.08264491,0.072140283,0.058839655,0.045253468,0.033530572,0.023992484,MTC
"UpdatedNZ_HeavyElec_NoInd,date=2025-3-10T01:25:51-06:00",FL,resid hot water,CO2,0.09937465,0.094971597,0.100741856,0.107870747,0.105578077,0.108881459,0.109381459,0.097720298,MTC
"UpdatedNZ_HeavyElec_NoInd,date=2025-3-10T01:25:51-06:00",FL,resid other,CO2,0.0422727,0.0365152,0.04387,0.0435628,0.0437879,0.0450992,0.0440462,0.0366497,MTC
"UpdatedNZ_HeavyElec_NoInd,date=2025-3-10T01:25:51-06:00",FL,subpeak generation,CO2,0.8712382,0.76851527,0.561292017,0.446311126,0.278703828,0.223010963,0.173224463,0.07376666,MTC
"UpdatedNZ_HeavyElec_NoInd,date=2025-3-10T01:25:51-06:00",FL,trn_aviation_intl,CO2,0.812034,0.752617,0.747782,0.722224,0.6904,0.719935,0.742495,0.722767,MTC
"UpdatedNZ_HeavyElec_NoInd,date=2025-3-10T01:25:51-06:00",FL,trn_freight,CO2,1.120058,1.2202127,0.9877258,0.8921814,0.7212899,0.6531986,0.5339529,0.2434335,MTC
"UpdatedNZ_HeavyElec_NoInd,date=2025-3-10T01:25:51-06:00",FL,trn_freight_road,CO2,5.713787,5.7399455,4.9144633,3.90592627,2.615634062,1.86730183,1.17579613,0.411917108,MTC
"UpdatedNZ_HeavyElec_NoInd,date=2025-3-10T01:25:51-06:00",FL,trn_pass,CO2,3.1190273,2.9317247,2.8842763,2.7891872,2.4822217,2.4393741,2.172703,1.3117312,MTC
"UpdatedNZ_HeavyElec_NoInd,date=2025-3-10T01:25:51-06:00",FL,trn_pass_road,CO2,0.2320732,0.2830498,0.3085384,0.21870734,0.15254837,0.100385654,0.07040445,0.054467034,MTC
"UpdatedNZ_HeavyElec_NoInd,date=2025-3-10T01:25:51-06:00",FL,trn_pass_road_LDV,CO2,0.0605671,0.0442196,0.010377,0.00519455,0.00517492,0.00534812,0.00542155,0.00510702,MTC
"UpdatedNZ_HeavyElec_NoInd,date=2025-3-10T01:25:51-06:00",FL,trn_pass_road_LDV_4W,CO2,17.2087668,14.61104955,11.55527097,7.2322223,4.07355164,1.8104836,1.4473552,1.1299888,MTC
"UpdatedNZ_HeavyElec_NoInd,date=2025-3-10T01:25:51-06:00",FL,trn_shipping_intl,CO2,3.08645,3.1099458,2.791697,2.670593,2.433108,2.381778,2.19295,1.17832,MTC
"UpdatedNZ_HeavyElec_NoInd,date=2025-3-10T01:25:51-06:00",GA,H2 central production,CO2,0,0,0.014328161,0.029907692,0.025192398,0.028552831,0.031616823,0.038473849,MTC
"UpdatedNZ_HeavyElec_NoInd,date=2025-3-10T01:25:51-06:00",GA,H2 wholesale dispensing,CO2,0,0,0.0459386,0.1177007,0.1785023,0.2386996,0.283531,0.2720979,MTC
"UpdatedNZ_HeavyElec_NoInd,date=2025-3-10T01:25:51-06:00",GA,N fertilizer,CO2,0.236869,0.2521508,0.282465443,0.272245883,0.208174357,0.135800141,0.09365756,0.062882006,MTC
"UpdatedNZ_HeavyElec_NoInd,date=2025-3-10T01:25:51-06:00",GA,airCO2,CO2,0,0,-1.48E-04,-7.75E-04,-0.438188,-3.59606,-10.56,-10.5908,MTC
"UpdatedNZ_HeavyElec_NoInd,date=2025-3-10T01:25:51-06:00",GA,base load generation,CO2,9.485618855,5.960289107,3.955920838,3.664598988,2.35223327,2.057218713,1.920341075,0.976160026,MTC
"UpdatedNZ_HeavyElec_NoInd,date=2025-3-10T01:25:51-06:00",GA,biomass liquids,CO2,0.04835314,0.04549715,0.04009233,0.03247585,0.048525588,0.043067573,0.047274574,0.057100675,MTC
"UpdatedNZ_HeavyElec_NoInd,date=2025-3-10T01:25:51-06:00",GA,cement,CO2,0.279304,0.285626,0.24587984,0.25594501,0.17314512,0.09814121,0.06364092,0.046377234,MTC
"UpdatedNZ_HeavyElec_NoInd,date=2025-3-10T01:25:51-06:00",GA,comm cooking,CO2,0.068824,0.06827252,0.06156735,0.05611166,0.04499249,0.03750356,0.030042523,0.025942845,MTC
"UpdatedNZ_HeavyElec_NoInd,date=2025-3-10T01:25:51-06:00",GA,comm cooling,CO2,0.00402286,0.003995783,0.003822523,0.003672164,0.003426286,0.003228292,0.002957296,0.00283121,MTC
"UpdatedNZ_HeavyElec_NoInd,date=2025-3-10T01:25:51-06:00",GA,comm heating,CO2,0.42551709,0.39021664,0.349307824,0.304440327,0.237569896,0.174531436,0.07104024,0.051394845,MTC
"UpdatedNZ_HeavyElec_NoInd,date=2025-3-10T01:25:51-06:00",GA,comm hot water,CO2,0.1726629,0.16752684,0.15362322,0.1389618,0.10978066,0.085389317,0.057751598,0.048170367,MTC
"UpdatedNZ_HeavyElec_NoInd,date=2025-3-10T01:25:51-06:00",GA,comm other,CO2,0.367629,0.347017,0.365661,0.403749,0.439472,0.468062,0.46536,0.402641,MTC
"UpdatedNZ_HeavyElec_NoInd,date=2025-3-10T01:25:51-06:00",GA,intermediate generation,CO2,5.702372695,5.25283384,4.528369075,4.038460754,3.032972772,2.692081491,2.441555603,1.597218922,MTC
"UpdatedNZ_HeavyElec_NoInd,date=2025-3-10T01:25:51-06:00",GA,oil refining,CO2,0,0,0,0,0,0,0,0,MTC
"UpdatedNZ_HeavyElec_NoInd,date=2025-3-10T01:25:51-06:00",GA,other industrial energy use,CO2,6.7671398,6.776281938,7.463178304,7.947796253,7.867766038,7.95654189,7.950165679,6.726852761,MTC
"UpdatedNZ_HeavyElec_NoInd,date=2025-3-10T01:25:51-06:00",GA,peak generation,CO2,0.0729446,0.062670014,0.041193895,0.033461056,0.01859601,0.01364935,0.009735102,0.003623965,MTC
"UpdatedNZ_HeavyElec_NoInd,date=2025-3-10T01:25:51-06:00",GA,process heat cement,CO2,0.22889419,0.234259342,0.201065778,0.215014253,0.195927685,0.185233164,0.18226555,0.174154109,MTC
"UpdatedNZ_HeavyElec_NoInd,date=2025-3-10T01:25:51-06:00",GA,process heat dac,CO2,0,0,2.93E-06,1.43E-05,0.0075456,0.0569217,0.151396,0.152752,MTC
"UpdatedNZ_HeavyElec_NoInd,date=2025-3-10T01:25:51-06:00",GA,regional biomass,CO2,-4.57009,-4.3944,-5.04773,-5.48559,-5.66401,-5.95762,-6.22447,-5.83063,MTC
"UpdatedNZ_HeavyElec_NoInd,date=2025-3-10T01:25:51-06:00",GA,regional biomassOil,CO2,-0.0345041,-0.0327257,-0.0286503,-0.0231927,-0.0264626,-0.0198771,-0.0207586,-0.0318374,MTC
"UpdatedNZ_HeavyElec_NoInd,date=2025-3-10T01:25:51-06:00",GA,regional corn for ethanol,CO2,-0.199318,-0.187466,-0.165254,-0.133864,-0.14996,-0.10682,-0.0717779,-0.0609271,MTC
"UpdatedNZ_HeavyElec_NoInd,date=2025-3-10T01:25:51-06:00",GA,resid clothes dryers,CO2,0.0166893,0.01709821,0.01639774,0.01624224,0.01444609,0.01413864,0.01395283,0.01280317,MTC
"UpdatedNZ_HeavyElec_NoInd,date=2025-3-10T01:25:51-06:00",GA,resid cooking,CO2,0.07521145,0.072856122,0.068319944,0.061996702,0.053034908,0.042118968,0.039992378,0.035296674,MTC
"UpdatedNZ_HeavyElec_NoInd,date=2025-3-10T01:25:51-06:00",GA,resid heating,CO2,1.0666152,0.95934143,0.877546332,0.764049398,0.613665437,0.457580621,0.322549612,0.216154393,MTC
"UpdatedNZ_HeavyElec_NoInd,date=2025-3-10T01:25:51-06:00",GA,resid hot water,CO2,0.53076208,0.484162015,0.456588175,0.42918898,0.328387192,0.311790036,0.297323325,0.25627067,MTC
"UpdatedNZ_HeavyElec_NoInd,date=2025-3-10T01:25:51-06:00",GA,resid other,CO2,0.08918662,0.06652843,0.07439322,0.07637847,0.07532484,0.07800636,0.07850595,0.06723322,MTC
"UpdatedNZ_HeavyElec_NoInd,date=2025-3-10T01:25:51-06:00",GA,subpeak generation,CO2,0.49233,0.4448827,0.32223327,0.26725292,0.16793703,0.1344045,0.11006198,0.05728864,MTC
"UpdatedNZ_HeavyElec_NoInd,date=2025-3-10T01:25:51-06:00",GA,trn_aviation_intl,CO2,0.0961464,0.089054,0.0875683,0.0841097,0.0803251,0.083634,0.0861525,0.0839833,MTC
"UpdatedNZ_HeavyElec_NoInd,date=2025-3-10T01:25:51-06:00",GA,trn_freight,CO2,0.443869,0.46383331,0.38944399,0.3381817,0.2626812,0.2338784,0.2076571,0.13971865,MTC
"UpdatedNZ_HeavyElec_NoInd,date=2025-3-10T01:25:51-06:00",GA,trn_freight_road,CO2,4.625642,4.7616755,3.95623963,3.12980264,2.061319979,1.46790091,0.92936318,0.323326793,MTC
"UpdatedNZ_HeavyElec_NoInd,date=2025-3-10T01:25:51-06:00",GA,trn_pass,CO2,0.380429,0.3581599,0.3484816,0.3355545,0.2994588,0.294239,0.2631041,0.1614023,MTC
"UpdatedNZ_HeavyElec_NoInd,date=2025-3-10T01:25:51-06:00",GA,trn_pass_road,CO2,0.18416961,0.2254571,0.24669151,0.17606792,0.122978382,0.080791928,0.056385844,0.043699385,MTC
"UpdatedNZ_HeavyElec_NoInd,date=2025-3-10T01:25:51-06:00",GA,trn_pass_road_LDV,CO2,0.0347407,0.0259177,0.00563553,0.00283882,0.00281961,0.00290693,0.0029418,0.00276071,MTC
"UpdatedNZ_HeavyElec_NoInd,date=2025-3-10T01:25:51-06:00",GA,trn_pass_road_LDV_4W,CO2,9.87055025,8.32790605,6.56740206,4.09557946,2.296902722,1.00873542,0.8114319,0.6338757,MTC
"UpdatedNZ_HeavyElec_NoInd,date=2025-3-10T01:25:51-06:00",GA,trn_shipping_intl,CO2,0.575145,0.5818808,0.518315,0.494631,0.449978,0.441107,0.409716,0.2281375,MTC
"UpdatedNZ_HeavyElec_NoInd,date=2025-3-10T01:25:51-06:00",HI,H2 central production,CO2,0,0,0.003351159,0.01507834,0.013314487,0.012616566,0.011773235,0.007535681,MTC
"UpdatedNZ_HeavyElec_NoInd,date=2025-3-10T01:25:51-06:00",HI,H2 wholesale dispensing,CO2,0,0,0.00129242,0.003452811,0.005715491,0.007807023,0.010234342,0.012346982,MTC
"UpdatedNZ_HeavyElec_NoInd,date=2025-3-10T01:25:51-06:00",HI,base load generation,CO2,1.0921499,0.66515309,0.564213418,0.384072722,0.10498149,0.043217862,0.022373236,0.017717415,MTC
"UpdatedNZ_HeavyElec_NoInd,date=2025-3-10T01:25:51-06:00",HI,biomass liquids,CO2,0.00104255,9.89E-04,8.66E-04,7.01E-04,0.006991424,0.009155417,0.015064238,0.014047167,MTC
"UpdatedNZ_HeavyElec_NoInd,date=2025-3-10T01:25:51-06:00",HI,comm cooking,CO2,0.00297489,0.003041221,0.002886539,0.002664925,0.002226925,0.001837782,0.001402744,0.001170312,MTC
"UpdatedNZ_HeavyElec_NoInd,date=2025-3-10T01:25:51-06:00",HI,comm cooling,CO2,7.67E-05,7.49E-05,6.98E-05,6.23E-05,5.21E-05,4.27E-05,3.07E-05,2.72E-05,MTC
"UpdatedNZ_HeavyElec_NoInd,date=2025-3-10T01:25:51-06:00",HI,comm heating,CO2,0.060357089,0.063838269,0.065000884,0.066852966,0.063695118,0.062136439,0.057899847,0.049416913,MTC
"UpdatedNZ_HeavyElec_NoInd,date=2025-3-10T01:25:51-06:00",HI,comm hot water,CO2,0.0140687,0.014482315,0.013971916,0.012840355,0.010270615,0.007715283,0.004848692,0.003892842,MTC
"UpdatedNZ_HeavyElec_NoInd,date=2025-3-10T01:25:51-06:00",HI,comm other,CO2,0.0696331,0.0675548,0.0650776,0.0573665,0.0399799,0.0288683,0.0242524,0.01977242,MTC
"UpdatedNZ_HeavyElec_NoInd,date=2025-3-10T01:25:51-06:00",HI,intermediate generation,CO2,0.6281253,0.479974419,0.409177111,0.297156223,0.136090057,0.074386653,0.036163888,0.01562901,MTC
"UpdatedNZ_HeavyElec_NoInd,date=2025-3-10T01:25:51-06:00",HI,oil refining,CO2,0.37797,0.344051,0.309256,0.261591,0.1872775,0.1659999,0.156894129,0.109977855,MTC
"UpdatedNZ_HeavyElec_NoInd,date=2025-3-10T01:25:51-06:00",HI,other industrial energy use,CO2,0.1324156,0.139224806,0.143174106,0.146013986,0.144714752,0.142342479,0.135970786,0.096321739,MTC
"UpdatedNZ_HeavyElec_NoInd,date=2025-3-10T01:25:51-06:00",HI,peak generation,CO2,0.009193278,0.007704899,0.006292553,0.004222331,0.001818919,9.21E-04,3.94E-04,1.28E-04,MTC
"UpdatedNZ_HeavyElec_NoInd,date=2025-3-10T01:25:51-06:00",HI,regional biomass,CO2,-0.145128,-0.171429,-0.181291,-0.193575,-0.206231,-0.210533,-0.239473,-0.301505,MTC
"UpdatedNZ_HeavyElec_NoInd,date=2025-3-10T01:25:51-06:00",HI,regional biomassOil,CO2,-0.0147874,-0.0140245,-0.0122783,-0.00993959,-0.0111544,-0.00813537,-0.00749697,-0.0105683,MTC
"UpdatedNZ_HeavyElec_NoInd,date=2025-3-10T01:25:51-06:00",HI,regional corn for ethanol,CO2,0,0,0,0,-3.65E-04,-5.99E-04,-0.00190253,-0.00452363,MTC
"UpdatedNZ_HeavyElec_NoInd,date=2025-3-10T01:25:51-06:00",HI,resid clothes dryers,CO2,9.09E-05,8.91E-05,8.18E-05,7.45E-05,5.62E-05,5.00E-05,4.58E-05,4.02E-05,MTC
"UpdatedNZ_HeavyElec_NoInd,date=2025-3-10T01:25:51-06:00",HI,resid cooking,CO2,0.001154756,0.00111943,0.001033333,8.74E-04,6.65E-04,4.12E-04,3.39E-04,2.67E-04,MTC
"UpdatedNZ_HeavyElec_NoInd,date=2025-3-10T01:25:51-06:00",HI,resid heating,CO2,5.42E-04,4.82E-04,4.41E-04,3.81E-04,3.02E-04,2.20E-04,1.49E-04,9.55E-05,MTC
"UpdatedNZ_HeavyElec_NoInd,date=2025-3-10T01:25:51-06:00",HI,resid hot water,CO2,0.010247862,0.009350077,0.008782457,0.007816355,0.005245402,0.004701002,0.004287077,0.003674213,MTC
"UpdatedNZ_HeavyElec_NoInd,date=2025-3-10T01:25:51-06:00",HI,resid other,CO2,0.00180652,0.00133187,0.001314728,0.001157246,9.59E-04,9.04E-04,8.31E-04,6.70E-04,MTC
"UpdatedNZ_HeavyElec_NoInd,date=2025-3-10T01:25:51-06:00",HI,subpeak generation,CO2,0.05298194,0.04258117,0.03338394,0.02170649,0.008606103,0.004238378,0.001728092,3.73E-04,MTC
"UpdatedNZ_HeavyElec_NoInd,date=2025-3-10T01:25:51-06:00",HI,trn_aviation_intl,CO2,0.311078,0.285416,0.281541,0.271852,0.261858,0.274012,0.284086,0.279626,MTC
"UpdatedNZ_HeavyElec_NoInd,date=2025-3-10T01:25:51-06:00",HI,trn_freight,CO2,0.0817396,0.08839215,0.072803329,0.06756433,0.05663093,0.05195282,0.041365,0.01577139,MTC
"UpdatedNZ_HeavyElec_NoInd,date=2025-3-10T01:25:51-06:00",HI,trn_freight_road,CO2,0.2720622,0.27119692,0.238350035,0.196659236,0.139277587,0.098986539,0.060646426,0.021192848,MTC
"UpdatedNZ_HeavyElec_NoInd,date=2025-3-10T01:25:51-06:00",HI,trn_pass,CO2,1.189426329,1.118053114,1.096629849,1.062644689,0.955567045,0.936133581,0.827993993,0.494403953,MTC
"UpdatedNZ_HeavyElec_NoInd,date=2025-3-10T01:25:51-06:00",HI,trn_pass_road,CO2,0.01043402,0.013102876,0.0145166,0.010537406,0.007339126,0.004772924,0.003289179,0.002532365,MTC
"UpdatedNZ_HeavyElec_NoInd,date=2025-3-10T01:25:51-06:00",HI,trn_pass_road_LDV,CO2,0.00318682,0.00247862,5.22E-04,2.59E-04,2.49E-04,2.54E-04,2.56E-04,2.40E-04,MTC
"UpdatedNZ_HeavyElec_NoInd,date=2025-3-10T01:25:51-06:00",HI,trn_pass_road_LDV_4W,CO2,0.905613717,0.76536003,0.614988567,0.390675605,0.223045641,0.100909249,0.07792194,0.05739637,MTC
"UpdatedNZ_HeavyElec_NoInd,date=2025-3-10T01:25:51-06:00",HI,trn_shipping_intl,CO2,0.265014,0.26511615,0.2389578,0.2298297,0.2122502,0.2093344,0.1953137,0.1108009,MTC
"UpdatedNZ_HeavyElec_NoInd,date=2025-3-10T01:25:51-06:00",IA,H2 central production,CO2,0,0,0.006953567,0.016745498,0.015792733,0.018968014,0.022387514,0.029760237,MTC
"UpdatedNZ_HeavyElec_NoInd,date=2025-3-10T01:25:51-06:00",IA,H2 wholesale dispensing,CO2,0,0,0.0213657,0.0546631,0.0817359,0.10750776,0.1230016,0.1066621,MTC
"UpdatedNZ_HeavyElec_NoInd,date=2025-3-10T01:25:51-06:00",IA,N fertilizer,CO2,0.315695,0.337208,0.3807774,0.36742199,0.28173309,0.185087149,0.127909029,0.085682988,MTC
"UpdatedNZ_HeavyElec_NoInd,date=2025-3-10T01:25:51-06:00",IA,airCO2,CO2,0,0,-8.98E-05,-4.72E-04,-0.282382,-2.39077,-7.20756,-7.24468,MTC
"UpdatedNZ_HeavyElec_NoInd,date=2025-3-10T01:25:51-06:00",IA,base load generation,CO2,4.567310393,2.725037645,1.629283284,1.416210836,0.715861684,0.526557626,0.405892066,0.24914234,MTC
"UpdatedNZ_HeavyElec_NoInd,date=2025-3-10T01:25:51-06:00",IA,biomass liquids,CO2,1.58328,1.4891627,1.312741,1.0633707,1.53424585,1.335745295,1.42613347,1.672010695,MTC
"UpdatedNZ_HeavyElec_NoInd,date=2025-3-10T01:25:51-06:00",IA,cement,CO2,0.142047,0.137218,0.115924,0.12261212,0.081853228,0.045386923,0.029682029,0.02232909,MTC
"UpdatedNZ_HeavyElec_NoInd,date=2025-3-10T01:25:51-06:00",IA,comm cooking,CO2,0.02471788,0.02408959,0.021528495,0.019169974,0.014993176,0.012042286,0.009071638,0.007681057,MTC
"UpdatedNZ_HeavyElec_NoInd,date=2025-3-10T01:25:51-06:00",IA,comm cooling,CO2,4.17E-04,4.09E-04,3.88E-04,3.66E-04,3.34E-04,3.06E-04,2.67E-04,2.52E-04,MTC
"UpdatedNZ_HeavyElec_NoInd,date=2025-3-10T01:25:51-06:00",IA,comm heating,CO2,0.7201314,0.6651012,0.59691547,0.54302396,0.44009902,0.34306626,0.17831781,0.137707905,MTC
"UpdatedNZ_HeavyElec_NoInd,date=2025-3-10T01:25:51-06:00",IA,comm hot water,CO2,0.134585,0.13398476,0.12530975,0.11927455,0.09975637,0.081511549,0.05895806,0.048409134,MTC
"UpdatedNZ_HeavyElec_NoInd,date=2025-3-10T01:25:51-06:00",IA,comm other,CO2,0.1908664,0.182608,0.1814546,0.1822967,0.1753857,0.1737066,0.1679804,0.1443098,MTC
"UpdatedNZ_HeavyElec_NoInd,date=2025-3-10T01:25:51-06:00",IA,intermediate generation,CO2,3.648095537,2.313801658,1.799195374,1.490236734,0.942086818,0.936995631,1.061007435,0.822392667,MTC
"UpdatedNZ_HeavyElec_NoInd,date=2025-3-10T01:25:51-06:00",IA,other industrial energy use,CO2,2.8755536,2.819911,2.890723384,2.967036931,2.931429551,2.910243102,2.808911684,1.912918801,MTC
"UpdatedNZ_HeavyElec_NoInd,date=2025-3-10T01:25:51-06:00",IA,peak generation,CO2,0.024712252,0.021177512,0.015192945,0.012348601,0.006884537,0.004904162,0.003876009,0.001656071,MTC
"UpdatedNZ_HeavyElec_NoInd,date=2025-3-10T01:25:51-06:00",IA,process heat cement,CO2,0.11641009,0.113086643,0.095058994,0.10241286,0.093989643,0.089756267,0.089775342,0.087128813,MTC
"UpdatedNZ_HeavyElec_NoInd,date=2025-3-10T01:25:51-06:00",IA,process heat dac,CO2,0,0,1.77E-06,8.68E-06,0.00483253,0.0372354,0.0998059,0.100665,MTC
"UpdatedNZ_HeavyElec_NoInd,date=2025-3-10T01:25:51-06:00",IA,regional biomass,CO2,-0.432583,-0.390861,-0.423236,-0.454372,-2.70063,-3.82216,-6.95464,-15.5359,MTC
"UpdatedNZ_HeavyElec_NoInd,date=2025-3-10T01:25:51-06:00",IA,regional biomassOil,CO2,-0.714724,-0.677884,-0.593466,-0.480417,-0.545805,-0.407879,-0.423731,-0.649548,MTC
"UpdatedNZ_HeavyElec_NoInd,date=2025-3-10T01:25:51-06:00",IA,regional corn for ethanol,CO2,-6.65353,-6.25627,-5.51634,-4.46856,-4.98447,-3.53508,-2.33432,-1.90715,MTC
"UpdatedNZ_HeavyElec_NoInd,date=2025-3-10T01:25:51-06:00",IA,resid clothes dryers,CO2,0.00199226,0.001963908,0.001843406,0.001779418,0.001516027,0.001459558,0.001420526,0.001281175,MTC
"UpdatedNZ_HeavyElec_NoInd,date=2025-3-10T01:25:51-06:00",IA,resid cooking,CO2,0.01093064,0.010316046,0.009421485,0.008164937,0.006632454,0.004788501,0.004385983,0.003717083,MTC
"UpdatedNZ_HeavyElec_NoInd,date=2025-3-10T01:25:51-06:00",IA,resid heating,CO2,0.92917394,0.85237157,0.78817314,0.70079127,0.57435818,0.4383864,0.31628,0.215753067,MTC
"UpdatedNZ_HeavyElec_NoInd,date=2025-3-10T01:25:51-06:00",IA,resid hot water,CO2,0.21051516,0.19519495,0.18294333,0.170473446,0.129138248,0.119827969,0.111047124,0.093546596,MTC
"UpdatedNZ_HeavyElec_NoInd,date=2025-3-10T01:25:51-06:00",IA,resid other,CO2,0.01411252,0.01028444,0.01073747,0.01084749,0.01055484,0.01069862,0.0103484,0.00859393,MTC
"UpdatedNZ_HeavyElec_NoInd,date=2025-3-10T01:25:51-06:00",IA,subpeak generation,CO2,0.028961995,0.029963107,0.027150721,0.024658975,0.018340374,0.017433255,0.02698556,0.01840704,MTC
"UpdatedNZ_HeavyElec_NoInd,date=2025-3-10T01:25:51-06:00",IA,trn_aviation_intl,CO2,0.022694,0.0202226,0.0197978,0.0190824,0.018365,0.0192623,0.0200206,0.019686,MTC
"UpdatedNZ_HeavyElec_NoInd,date=2025-3-10T01:25:51-06:00",IA,trn_freight,CO2,0.148147,0.139871,0.12387678,0.1054727,0.0807941,0.0715975,0.0682045,0.0581881,MTC
"UpdatedNZ_HeavyElec_NoInd,date=2025-3-10T01:25:51-06:00",IA,trn_freight_road,CO2,2.243405,2.245266,1.81828052,1.41970392,0.911330875,0.631576023,0.382415564,0.128413036,MTC
"UpdatedNZ_HeavyElec_NoInd,date=2025-3-10T01:25:51-06:00",IA,trn_pass,CO2,0.09303519,0.08378983,0.08141172,0.07898239,0.07127396,0.07036231,0.06294261,0.0388527,MTC
"UpdatedNZ_HeavyElec_NoInd,date=2025-3-10T01:25:51-06:00",IA,trn_pass_road,CO2,0.09452197,0.1181255,0.12981015,0.09413589,0.06573679,0.043145056,0.029820572,0.022950237,MTC
"UpdatedNZ_HeavyElec_NoInd,date=2025-3-10T01:25:51-06:00",IA,trn_pass_road_LDV,CO2,0.0109896,0.0074994,0.00154291,7.90E-04,7.91E-04,8.23E-04,8.42E-04,8.00E-04,MTC
"UpdatedNZ_HeavyElec_NoInd,date=2025-3-10T01:25:51-06:00",IA,trn_pass_road_LDV_4W,CO2,3.1225917,2.59367561,2.02992851,1.252647484,0.69153462,0.29125867,0.23596354,0.18235181,MTC
"UpdatedNZ_HeavyElec_NoInd,date=2025-3-10T01:25:51-06:00",IA,trn_shipping_intl,CO2,0,0,0,0,0,0,0,0,MTC
"UpdatedNZ_HeavyElec_NoInd,date=2025-3-10T01:25:51-06:00",ID,H2 central production,CO2,0,0,0.004752591,0.01030679,0.008964901,0.010258923,0.011147424,0.012704372,MTC
"UpdatedNZ_HeavyElec_NoInd,date=2025-3-10T01:25:51-06:00",ID,H2 wholesale dispensing,CO2,0,0,0.0135244,0.03407566,0.04931171,0.06333495,0.0704596,0.05881152,MTC
"UpdatedNZ_HeavyElec_NoInd,date=2025-3-10T01:25:51-06:00",ID,airCO2,CO2,0,0,-2.95E-06,-1.58E-05,-0.010364,-0.087621,-0.258893,-0.258192,MTC
"UpdatedNZ_HeavyElec_NoInd,date=2025-3-10T01:25:51-06:00",ID,base load generation,CO2,0.1600904,0.054164634,0.109593173,0.140143222,0.082490891,0.074813288,0.087126477,0.075779396,MTC
"UpdatedNZ_HeavyElec_NoInd,date=2025-3-10T01:25:51-06:00",ID,biomass liquids,CO2,0.0228035,0.0214294,0.0189044,0.0153143,0.021074103,0.017896272,0.018399399,0.026154255,MTC
"UpdatedNZ_HeavyElec_NoInd,date=2025-3-10T01:25:51-06:00",ID,cement,CO2,0.0515836,0.05212063,0.04595865,0.048335279,0.03329897,0.019700192,0.013435646,0.009913355,MTC
"UpdatedNZ_HeavyElec_NoInd,date=2025-3-10T01:25:51-06:00",ID,comm cooking,CO2,0.02253069,0.02361955,0.022186122,0.021833617,0.018939017,0.016988656,0.014783169,0.013072106,MTC
"UpdatedNZ_HeavyElec_NoInd,date=2025-3-10T01:25:51-06:00",ID,comm cooling,CO2,2.50E-04,2.59E-04,2.54E-04,2.50E-04,2.36E-04,2.21E-04,1.98E-04,1.87E-04,MTC
"UpdatedNZ_HeavyElec_NoInd,date=2025-3-10T01:25:51-06:00",ID,comm heating,CO2,0.18594415,0.18084626,0.17045288,0.16330135,0.136586354,0.109334403,0.063306526,0.04762728,MTC
"UpdatedNZ_HeavyElec_NoInd,date=2025-3-10T01:25:51-06:00",ID,comm hot water,CO2,0.0498172,0.05197304,0.05021927,0.04909247,0.041821819,0.034338737,0.025242569,0.020762176,MTC
"UpdatedNZ_HeavyElec_NoInd,date=2025-3-10T01:25:51-06:00",ID,comm other,CO2,0.0664469,0.0667536,0.0678286,0.0750771,0.0789137,0.0841782,0.0851213,0.0750724,MTC
"UpdatedNZ_HeavyElec_NoInd,date=2025-3-10T01:25:51-06:00",ID,gas to liquids,CO2,0,0,0,0,2.19E-06,3.70E-06,1.33E-05,4.06E-05,MTC
"UpdatedNZ_HeavyElec_NoInd,date=2025-3-10T01:25:51-06:00",ID,intermediate generation,CO2,0.377984,0.29762328,0.273088912,0.230343938,0.108838856,0.072977209,0.05369142,0.022388673,MTC
"UpdatedNZ_HeavyElec_NoInd,date=2025-3-10T01:25:51-06:00",ID,other industrial energy use,CO2,0.92191229,0.933610032,0.975153816,1.017563137,1.01848297,1.018445747,0.993942943,0.712139132,MTC
"UpdatedNZ_HeavyElec_NoInd,date=2025-3-10T01:25:51-06:00",ID,peak generation,CO2,0.008267715,0.007071741,0.004521254,0.003462226,0.001241831,6.99E-04,4.19E-04,1.07E-04,MTC
"UpdatedNZ_HeavyElec_NoInd,date=2025-3-10T01:25:51-06:00",ID,process heat cement,CO2,0.042273712,0.042873926,0.037603806,0.041041383,0.03823318,0.036952006,0.037062146,0.036014875,MTC
"UpdatedNZ_HeavyElec_NoInd,date=2025-3-10T01:25:51-06:00",ID,process heat dac,CO2,0,0,5.81E-08,2.89E-07,1.75E-04,0.00133026,0.00344845,0.003478,MTC
"UpdatedNZ_HeavyElec_NoInd,date=2025-3-10T01:25:51-06:00",ID,regional biomass,CO2,-0.816878,-0.643371,-0.733821,-0.770283,-0.848281,-0.900583,-0.994303,-1.05556,MTC
"UpdatedNZ_HeavyElec_NoInd,date=2025-3-10T01:25:51-06:00",ID,regional biomassOil,CO2,0,0,0,0,-4.25E-06,-1.86E-05,-2.73E-04,-6.11E-04,MTC
"UpdatedNZ_HeavyElec_NoInd,date=2025-3-10T01:25:51-06:00",ID,regional corn for ethanol,CO2,-0.0989789,-0.0930144,-0.0820545,-0.066472,-0.0732575,-0.0513152,-0.0331598,-0.0227824,MTC
"UpdatedNZ_HeavyElec_NoInd,date=2025-3-10T01:25:51-06:00",ID,resid clothes dryers,CO2,0.00135752,0.001406905,0.00136526,0.001348568,0.001161447,0.001101297,0.001067167,9.65E-04,MTC
"UpdatedNZ_HeavyElec_NoInd,date=2025-3-10T01:25:51-06:00",ID,resid cooking,CO2,0.00849485,0.008316645,0.00778316,0.006938764,0.005752816,0.004294389,0.003926154,0.003345017,MTC
"UpdatedNZ_HeavyElec_NoInd,date=2025-3-10T01:25:51-06:00",ID,resid heating,CO2,0.475528516,0.441850728,0.41665471,0.380111005,0.314359777,0.24122902,0.173565926,0.116416699,MTC
"UpdatedNZ_HeavyElec_NoInd,date=2025-3-10T01:25:51-06:00",ID,resid hot water,CO2,0.09857139,0.094664019,0.089613355,0.084048024,0.063328414,0.058210135,0.053973023,0.045573112,MTC
"UpdatedNZ_HeavyElec_NoInd,date=2025-3-10T01:25:51-06:00",ID,resid other,CO2,0.0114743,0.00930118,0.00932394,0.00946771,0.00905019,0.00924006,0.00902942,0.00749872,MTC
"UpdatedNZ_HeavyElec_NoInd,date=2025-3-10T01:25:51-06:00",ID,subpeak generation,CO2,0.04369181,0.038802792,0.028023821,0.022241995,0.009886681,0.006269263,0.005023866,0.001987945,MTC
"UpdatedNZ_HeavyElec_NoInd,date=2025-3-10T01:25:51-06:00",ID,trn_aviation_intl,CO2,0.0190314,0.0177081,0.0178377,0.0176136,0.0171129,0.0180877,0.018893,0.0186003,MTC
"UpdatedNZ_HeavyElec_NoInd,date=2025-3-10T01:25:51-06:00",ID,trn_freight,CO2,0.0801442,0.0788048,0.07109119,0.06183733,0.047825,0.0424423,0.040215,0.0342924,MTC
"UpdatedNZ_HeavyElec_NoInd,date=2025-3-10T01:25:51-06:00",ID,trn_freight_road,CO2,1.213615,1.2615803,1.02947691,0.800459662,0.502077592,0.333736482,0.195389051,0.066138992,MTC
"UpdatedNZ_HeavyElec_NoInd,date=2025-3-10T01:25:51-06:00",ID,trn_pass,CO2,0.07613593,0.07182738,0.07181096,0.07150822,0.06471862,0.0642185,0.05737063,0.03463288,MTC
"UpdatedNZ_HeavyElec_NoInd,date=2025-3-10T01:25:51-06:00",ID,trn_pass_road,CO2,0.05047059,0.06045911,0.06461913,0.044892726,0.030866227,0.020169687,0.013952147,0.010680859,MTC
"UpdatedNZ_HeavyElec_NoInd,date=2025-3-10T01:25:51-06:00",ID,trn_pass_road_LDV,CO2,0.00524684,0.0036982,8.84E-04,4.64E-04,4.70E-04,4.96E-04,5.14E-04,4.95E-04,MTC
"UpdatedNZ_HeavyElec_NoInd,date=2025-3-10T01:25:51-06:00",ID,trn_pass_road_LDV_4W,CO2,1.490529813,1.256939182,0.989494151,0.616702335,0.343572288,0.14863956,0.11841683,0.09150498,MTC
"UpdatedNZ_HeavyElec_NoInd,date=2025-3-10T01:25:51-06:00",IL,H2 central production,CO2,0,0,0.021030532,0.050957634,0.048261964,0.059790369,0.070814928,0.09275552,MTC
"UpdatedNZ_HeavyElec_NoInd,date=2025-3-10T01:25:51-06:00",IL,H2 wholesale dispensing,CO2,0,0,0.0572747,0.148114,0.2231968,0.2970342,0.3481845,0.3114203,MTC
"UpdatedNZ_HeavyElec_NoInd,date=2025-3-10T01:25:51-06:00",IL,airCO2,CO2,0,0,-1.36E-04,-7.20E-04,-0.445751,-3.92513,-12.3787,-12.5137,MTC
"UpdatedNZ_HeavyElec_NoInd,date=2025-3-10T01:25:51-06:00",IL,base load generation,CO2,9.79313375,9.44199761,8.241785814,8.668637768,5.028799767,4.082556233,3.628026595,2.302317108,MTC
"UpdatedNZ_HeavyElec_NoInd,date=2025-3-10T01:25:51-06:00",IL,biomass liquids,CO2,0.6257027,0.5874369,0.5185466,0.4201319,0.643303646,0.580301604,0.65405154,0.806062261,MTC
"UpdatedNZ_HeavyElec_NoInd,date=2025-3-10T01:25:51-06:00",IL,cement,CO2,0.355331,0.3653628,0.322716,0.33623815,0.23048869,0.13467392,0.08980921,0.06537941,MTC
"UpdatedNZ_HeavyElec_NoInd,date=2025-3-10T01:25:51-06:00",IL,coal to liquids,CO2,0,0,0,0,9.44E-05,1.54E-04,5.15E-04,0.001127356,MTC
"UpdatedNZ_HeavyElec_NoInd,date=2025-3-10T01:25:51-06:00",IL,comm cooking,CO2,0.1027783,0.10344921,0.09562249,0.08837974,0.07254351,0.06133448,0.04968496,0.042913587,MTC
"UpdatedNZ_HeavyElec_NoInd,date=2025-3-10T01:25:51-06:00",IL,comm cooling,CO2,0.0166367,0.01657768,0.01589381,0.01502277,0.01368825,0.01253661,0.010981708,0.010379611,MTC
"UpdatedNZ_HeavyElec_NoInd,date=2025-3-10T01:25:51-06:00",IL,comm heating,CO2,2.3114938,2.22515015,2.04287926,1.8989202,1.58446581,1.29742574,0.821016415,0.677120015,MTC
"UpdatedNZ_HeavyElec_NoInd,date=2025-3-10T01:25:51-06:00",IL,comm hot water,CO2,0.3513319,0.35431473,0.33491273,0.32198813,0.27411045,0.23863342,0.197422437,0.175246401,MTC
"UpdatedNZ_HeavyElec_NoInd,date=2025-3-10T01:25:51-06:00",IL,comm other,CO2,0.511227,0.478147,0.501144,0.574763,0.632543,0.680578,0.683598,0.602005,MTC
"UpdatedNZ_HeavyElec_NoInd,date=2025-3-10T01:25:51-06:00",IL,gas to liquids,CO2,0,0,0,0,1.31E-06,2.22E-06,7.96E-06,2.44E-05,MTC
"UpdatedNZ_HeavyElec_NoInd,date=2025-3-10T01:25:51-06:00",IL,intermediate generation,CO2,11.88597214,7.06052795,5.976425392,5.564721674,4.161603803,4.061416428,4.12629291,3.186095907,MTC
"UpdatedNZ_HeavyElec_NoInd,date=2025-3-10T01:25:51-06:00",IL,oil refining,CO2,2.41018,2.23077,1.99887,1.68901,1.32586339,1.15871206,1.04014702,0.70785087,MTC
"UpdatedNZ_HeavyElec_NoInd,date=2025-3-10T01:25:51-06:00",IL,other industrial energy use,CO2,5.102978,5.148994299,5.263039651,5.402065763,5.354178268,5.320702979,5.177565811,3.786223469,MTC
"UpdatedNZ_HeavyElec_NoInd,date=2025-3-10T01:25:51-06:00",IL,peak generation,CO2,0.07101172,0.061875343,0.048380296,0.039172039,0.021312396,0.01447599,0.010162797,0.004270208,MTC
"UpdatedNZ_HeavyElec_NoInd,date=2025-3-10T01:25:51-06:00",IL,process heat cement,CO2,0.2912004,0.299953716,0.263741473,0.28479969,0.262333022,0.250969489,0.249630825,0.240678008,MTC
"UpdatedNZ_HeavyElec_NoInd,date=2025-3-10T01:25:51-06:00",IL,process heat dac,CO2,0,0,2.68E-06,1.32E-05,0.00760914,0.0607206,0.168931,0.170889,MTC
"UpdatedNZ_HeavyElec_NoInd,date=2025-3-10T01:25:51-06:00",IL,regional biomass,CO2,-0.416247,-0.359485,-0.540298,-0.620347,-2.29604,-3.28467,-5.26083,-10.3904,MTC
"UpdatedNZ_HeavyElec_NoInd,date=2025-3-10T01:25:51-06:00",IL,regional biomassOil,CO2,-0.411583,-0.390366,-0.341754,-0.276654,-0.315636,-0.237257,-0.249574,-0.386418,MTC
"UpdatedNZ_HeavyElec_NoInd,date=2025-3-10T01:25:51-06:00",IL,regional corn for ethanol,CO2,-2.58991,-2.43032,-2.14617,-1.73892,-1.94636,-1.38735,-0.935011,-0.797548,MTC
"UpdatedNZ_HeavyElec_NoInd,date=2025-3-10T01:25:51-06:00",IL,resid clothes dryers,CO2,0.0226291,0.022922,0.02204365,0.02151586,0.01858655,0.01795459,0.01755773,0.01601693,MTC
"UpdatedNZ_HeavyElec_NoInd,date=2025-3-10T01:25:51-06:00",IL,resid cooking,CO2,0.10167212,0.098710514,0.09278767,0.083973393,0.071301023,0.055791366,0.052460161,0.046061911,MTC
"UpdatedNZ_HeavyElec_NoInd,date=2025-3-10T01:25:51-06:00",IL,resid heating,CO2,4.49361104,4.22699919,3.95751827,3.58526641,3.01001142,2.39013105,1.83841311,1.355691547,MTC
"UpdatedNZ_HeavyElec_NoInd,date=2025-3-10T01:25:51-06:00",IL,resid hot water,CO2,1.10883322,1.06307615,1.02694245,0.989401855,0.806292366,0.768667142,0.7369108,0.64920409,MTC
"UpdatedNZ_HeavyElec_NoInd,date=2025-3-10T01:25:51-06:00",IL,resid other,CO2,0.120379,0.08713336,0.0921859,0.0957538,0.0924723,0.0944415,0.09402351,0.08029888,MTC
"UpdatedNZ_HeavyElec_NoInd,date=2025-3-10T01:25:51-06:00",IL,subpeak generation,CO2,0.42862709,0.42016142,0.36816329,0.31541295,0.19483037,0.148263023,0.125466519,0.070468187,MTC
"UpdatedNZ_HeavyElec_NoInd,date=2025-3-10T01:25:51-06:00",IL,trn_aviation_intl,CO2,0.616188,0.567916,0.568902,0.550149,0.527014,0.549515,0.567814,0.557392,MTC
"UpdatedNZ_HeavyElec_NoInd,date=2025-3-10T01:25:51-06:00",IL,trn_freight,CO2,0.398082032,0.393517662,0.360126128,0.309632743,0.235816834,0.208102966,0.19782146,0.168651043,MTC
"UpdatedNZ_HeavyElec_NoInd,date=2025-3-10T01:25:51-06:00",IL,trn_freight_road,CO2,6.026013,6.292755,5.2400777,4.15693983,2.699261631,1.88564113,1.16316348,0.398608814,MTC
"UpdatedNZ_HeavyElec_NoInd,date=2025-3-10T01:25:51-06:00",IL,trn_pass,CO2,2.3715373,2.2322786,2.2201584,2.1604608,1.9276647,1.8830112,1.6564002,0.9640083,MTC
"UpdatedNZ_HeavyElec_NoInd,date=2025-3-10T01:25:51-06:00",IL,trn_pass_road,CO2,0.2515386,0.3114136,0.33978522,0.24384745,0.16945201,0.11103546,0.076840314,0.059440092,MTC
"UpdatedNZ_HeavyElec_NoInd,date=2025-3-10T01:25:51-06:00",IL,trn_pass_road_LDV,CO2,0.0330096,0.0248939,0.00504641,0.00262238,0.00259407,0.00266958,0.00270181,0.0025363,MTC
"UpdatedNZ_HeavyElec_NoInd,date=2025-3-10T01:25:51-06:00",IL,trn_pass_road_LDV_4W,CO2,9.37884484,7.84189089,6.16762215,3.82404855,2.125290221,0.91052738,0.7315206,0.56397584,MTC
"UpdatedNZ_HeavyElec_NoInd,date=2025-3-10T01:25:51-06:00",IL,trn_shipping_intl,CO2,6.04E-04,6.11E-04,5.53E-04,5.33E-04,4.87E-04,4.78E-04,4.41E-04,2.29E-04,MTC
"UpdatedNZ_HeavyElec_NoInd,date=2025-3-10T01:25:51-06:00",IN,H2 central production,CO2,0,0,0.014234848,0.029572669,0.026241926,0.029799796,0.032737259,0.03689222,MTC
"UpdatedNZ_HeavyElec_NoInd,date=2025-3-10T01:25:51-06:00",IN,H2 wholesale dispensing,CO2,0,0,0.0471209,0.1209535,0.1822296,0.2425872,0.2844524,0.2581486,MTC
"UpdatedNZ_HeavyElec_NoInd,date=2025-3-10T01:25:51-06:00",IN,airCO2,CO2,0,0,-2.43E-04,-0.00125088,-0.733668,-6.17786,-18.5895,-18.6398,MTC
"UpdatedNZ_HeavyElec_NoInd,date=2025-3-10T01:25:51-06:00",IN,base load generation,CO2,15.98214503,7.525785217,4.233739662,3.750707025,2.320707879,1.99274812,1.828749313,1.089116414,MTC
"UpdatedNZ_HeavyElec_NoInd,date=2025-3-10T01:25:51-06:00",IN,biomass liquids,CO2,0.4739039,0.4454805,0.3928581,0.3182548,0.473651356,0.420468763,0.463250344,0.566007703,MTC
"UpdatedNZ_HeavyElec_NoInd,date=2025-3-10T01:25:51-06:00",IN,cement,CO2,0.195419,0.1971046,0.16956925,0.17715909,0.11967568,0.06808176,0.044797089,0.033016886,MTC
"UpdatedNZ_HeavyElec_NoInd,date=2025-3-10T01:25:51-06:00",IN,coal to liquids,CO2,0,0,0,0,5.52E-05,8.93E-05,3.02E-04,6.52E-04,MTC
"UpdatedNZ_HeavyElec_NoInd,date=2025-3-10T01:25:51-06:00",IN,comm cooking,CO2,0.0404224,0.04000052,0.036149625,0.032838405,0.026319485,0.021840302,0.017356673,0.015027284,MTC
"UpdatedNZ_HeavyElec_NoInd,date=2025-3-10T01:25:51-06:00",IN,comm cooling,CO2,0.0063474,0.006280001,0.005972642,0.005691086,0.005253144,0.004899621,0.004416219,0.004237445,MTC
"UpdatedNZ_HeavyElec_NoInd,date=2025-3-10T01:25:51-06:00",IN,comm heating,CO2,0.9315271,0.8866226,0.81404966,0.76911332,0.64265985,0.52491369,0.32351018,0.257585939,MTC
"UpdatedNZ_HeavyElec_NoInd,date=2025-3-10T01:25:51-06:00",IN,comm hot water,CO2,0.1462355,0.14564704,0.13543013,0.12937719,0.10854246,0.092643706,0.074128986,0.064949444,MTC
"UpdatedNZ_HeavyElec_NoInd,date=2025-3-10T01:25:51-06:00",IN,comm other,CO2,0.249589,0.233392,0.242838,0.270532,0.29257,0.3124557,0.313622,0.2767903,MTC
"UpdatedNZ_HeavyElec_NoInd,date=2025-3-10T01:25:51-06:00",IN,gas to liquids,CO2,0,0,0,0,3.07E-06,5.19E-06,1.86E-05,5.69E-05,MTC
"UpdatedNZ_HeavyElec_NoInd,date=2025-3-10T01:25:51-06:00",IN,intermediate generation,CO2,8.500802236,5.074540288,3.915575983,3.532884399,2.911382261,2.865814678,2.938699115,2.344037567,MTC
"UpdatedNZ_HeavyElec_NoInd,date=2025-3-10T01:25:51-06:00",IN,oil refining,CO2,1.12906,1.04588,0.936881,0.791633,0.62383833,0.54474973,0.48789678,0.3313948,MTC
"UpdatedNZ_HeavyElec_NoInd,date=2025-3-10T01:25:51-06:00",IN,other industrial energy use,CO2,8.3206495,8.2517881,8.392109482,8.622385457,8.521021437,8.496588898,8.360328219,6.447953756,MTC
"UpdatedNZ_HeavyElec_NoInd,date=2025-3-10T01:25:51-06:00",IN,peak generation,CO2,0.116936716,0.095687403,0.044571786,0.03184567,0.021944043,0.014986421,0.008319066,0.00279361,MTC
"UpdatedNZ_HeavyElec_NoInd,date=2025-3-10T01:25:51-06:00",IN,process heat cement,CO2,0.16015006,0.161992314,0.138762145,0.14960592,0.137167911,0.130671662,0.129817135,0.125199338,MTC
"UpdatedNZ_HeavyElec_NoInd,date=2025-3-10T01:25:51-06:00",IN,process heat dac,CO2,0,0,4.82E-06,2.31E-05,0.0126154,0.09736,0.263755,0.266349,MTC
"UpdatedNZ_HeavyElec_NoInd,date=2025-3-10T01:25:51-06:00",IN,regional biomass,CO2,-0.693501,-0.618596,-0.691328,-0.759961,-1.70329,-2.2648,-3.49759,-6.77405,MTC
"UpdatedNZ_HeavyElec_NoInd,date=2025-3-10T01:25:51-06:00",IN,regional biomassOil,CO2,-0.256315,-0.243103,-0.212829,-0.172288,-0.19617,-0.147068,-0.153889,-0.237468,MTC
"UpdatedNZ_HeavyElec_NoInd,date=2025-3-10T01:25:51-06:00",IN,regional corn for ethanol,CO2,-1.97855,-1.85922,-1.64007,-1.32866,-1.48447,-1.05523,-0.703038,-0.5855,MTC
"UpdatedNZ_HeavyElec_NoInd,date=2025-3-10T01:25:51-06:00",IN,resid clothes dryers,CO2,0.00823316,0.00824745,0.00780167,0.00761602,0.006604074,0.006436388,0.00633893,0.00580541,MTC
"UpdatedNZ_HeavyElec_NoInd,date=2025-3-10T01:25:51-06:00",IN,resid cooking,CO2,0.03940361,0.03750107,0.034560397,0.030580718,0.025432193,0.01927038,0.018119191,0.015834799,MTC
"UpdatedNZ_HeavyElec_NoInd,date=2025-3-10T01:25:51-06:00",IN,resid heating,CO2,1.69030658,1.55236229,1.43891549,1.28693537,1.05987706,0.81730899,0.601238612,0.420290261,MTC
"UpdatedNZ_HeavyElec_NoInd,date=2025-3-10T01:25:51-06:00",IN,resid hot water,CO2,0.41885736,0.38512393,0.361353816,0.338416188,0.256063629,0.23968191,0.225582634,0.193372172,MTC
"UpdatedNZ_HeavyElec_NoInd,date=2025-3-10T01:25:51-06:00",IN,resid other,CO2,0.04807792,0.03416793,0.03711207,0.03847388,0.03772083,0.0388389,0.03873107,0.0330409,MTC
"UpdatedNZ_HeavyElec_NoInd,date=2025-3-10T01:25:51-06:00",IN,subpeak generation,CO2,0.459000566,0.419077497,0.332747898,0.284024786,0.183349695,0.14328629,0.11912185,0.06529118,MTC
"UpdatedNZ_HeavyElec_NoInd,date=2025-3-10T01:25:51-06:00",IN,trn_aviation_intl,CO2,0.189616,0.173879,0.171611,0.166229,0.159409,0.166842,0.172967,0.169715,MTC
"UpdatedNZ_HeavyElec_NoInd,date=2025-3-10T01:25:51-06:00",IN,trn_freight,CO2,0.32386651,0.31711792,0.28178793,0.24128357,0.18417975,0.16280725,0.15418092,0.129724584,MTC
"UpdatedNZ_HeavyElec_NoInd,date=2025-3-10T01:25:51-06:00",IN,trn_freight_road,CO2,4.764142,4.9027911,4.00928064,3.15982764,2.05490984,1.44878185,0.9113613,0.322923009,MTC
"UpdatedNZ_HeavyElec_NoInd,date=2025-3-10T01:25:51-06:00",IN,trn_pass,CO2,0.737983,0.6881856,0.6722882,0.6544923,0.5858129,0.5782164,0.5184344,0.3165378,MTC
"UpdatedNZ_HeavyElec_NoInd,date=2025-3-10T01:25:51-06:00",IN,trn_pass_road,CO2,0.18809976,0.22870981,0.24893208,0.176672099,0.122972288,0.080554936,0.055842029,0.043024912,MTC
"UpdatedNZ_HeavyElec_NoInd,date=2025-3-10T01:25:51-06:00",IN,trn_pass_road_LDV,CO2,0.0220124,0.0157404,0.00344351,0.001774,0.00177032,0.00183948,0.00188007,0.00178529,MTC
"UpdatedNZ_HeavyElec_NoInd,date=2025-3-10T01:25:51-06:00",IN,trn_pass_road_LDV_4W,CO2,6.25417123,5.23937537,4.12132883,2.56668772,1.435387584,0.62724271,0.5089536,0.39821432,MTC
"UpdatedNZ_HeavyElec_NoInd,date=2025-3-10T01:25:51-06:00",IN,trn_shipping_intl,CO2,0.038479,0.03860076,0.03453676,0.03315797,0.0302884,0.02976142,0.0275593,0.01486361,MTC
"UpdatedNZ_HeavyElec_NoInd,date=2025-3-10T01:25:51-06:00",KS,H2 central production,CO2,0,0,0.006787499,0.013967592,0.012420062,0.013882678,0.01472851,0.015170162,MTC
"UpdatedNZ_HeavyElec_NoInd,date=2025-3-10T01:25:51-06:00",KS,H2 wholesale dispensing,CO2,0,0,0.0223444,0.0570233,0.0843435,0.1098006,0.1236305,0.1039343,MTC
"UpdatedNZ_HeavyElec_NoInd,date=2025-3-10T01:25:51-06:00",KS,airCO2,CO2,0,0,-9.39E-05,-5.12E-04,-0.313362,-2.62256,-7.65397,-7.64408,MTC
"UpdatedNZ_HeavyElec_NoInd,date=2025-3-10T01:25:51-06:00",KS,base load generation,CO2,7.281148591,3.830412419,2.214409827,1.774233738,0.845266775,0.60208681,0.494848461,0.292256751,MTC
"UpdatedNZ_HeavyElec_NoInd,date=2025-3-10T01:25:51-06:00",KS,biomass liquids,CO2,0.20509977,0.192899813,0.170056289,0.137752803,0.187027813,0.156901537,0.157916041,0.178405169,MTC
"UpdatedNZ_HeavyElec_NoInd,date=2025-3-10T01:25:51-06:00",KS,cement,CO2,0.113979,0.11386252,0.09829956,0.102767127,0.069285845,0.039495682,0.026227763,0.019379796,MTC
"UpdatedNZ_HeavyElec_NoInd,date=2025-3-10T01:25:51-06:00",KS,comm cooking,CO2,0.02338255,0.02374842,0.021772909,0.020115953,0.016383497,0.013581155,0.010599665,0.008865048,MTC
"UpdatedNZ_HeavyElec_NoInd,date=2025-3-10T01:25:51-06:00",KS,comm cooling,CO2,6.66E-04,6.95E-04,6.96E-04,7.07E-04,6.89E-04,6.64E-04,6.18E-04,5.77E-04,MTC
"UpdatedNZ_HeavyElec_NoInd,date=2025-3-10T01:25:51-06:00",KS,comm heating,CO2,0.3750708,0.36188201,0.32899456,0.30287623,0.24814354,0.196471794,0.111608284,0.08703732,MTC
"UpdatedNZ_HeavyElec_NoInd,date=2025-3-10T01:25:51-06:00",KS,comm hot water,CO2,0.1027053,0.10472811,0.0988866,0.09498919,0.08017741,0.067642429,0.052616006,0.04462393,MTC
"UpdatedNZ_HeavyElec_NoInd,date=2025-3-10T01:25:51-06:00",KS,comm other,CO2,0.1041254,0.1068572,0.1104334,0.1242715,0.1362286,0.1451317,0.1429122,0.122176,MTC
"UpdatedNZ_HeavyElec_NoInd,date=2025-3-10T01:25:51-06:00",KS,gas to liquids,CO2,0,0,0,0,1.28E-04,2.16E-04,7.75E-04,0.00237283,MTC
"UpdatedNZ_HeavyElec_NoInd,date=2025-3-10T01:25:51-06:00",KS,intermediate generation,CO2,0.35133017,0.243619631,0.207119141,0.189745014,0.14087809,0.133580831,0.160841258,0.104781034,MTC
"UpdatedNZ_HeavyElec_NoInd,date=2025-3-10T01:25:51-06:00",KS,oil refining,CO2,0.868722,0.805264,0.721419,0.609665,0.48506779,0.42342807,0.37717572,0.25538024,MTC
"UpdatedNZ_HeavyElec_NoInd,date=2025-3-10T01:25:51-06:00",KS,other industrial energy use,CO2,1.7396893,1.777259549,1.830100478,1.910393176,1.915805112,1.939392104,1.923815064,1.633035572,MTC
"UpdatedNZ_HeavyElec_NoInd,date=2025-3-10T01:25:51-06:00",KS,peak generation,CO2,0.003724272,0.003175605,0.001892424,0.001468456,6.52E-04,4.28E-04,3.37E-04,8.95E-05,MTC
"UpdatedNZ_HeavyElec_NoInd,date=2025-3-10T01:25:51-06:00",KS,process heat cement,CO2,0.093408356,0.093616738,0.080480604,0.086808861,0.080062192,0.076739105,0.076730824,0.074250432,MTC
"UpdatedNZ_HeavyElec_NoInd,date=2025-3-10T01:25:51-06:00",KS,process heat dac,CO2,0,0,1.85E-06,9.38E-06,0.0053266,0.0402516,0.103565,0.104426,MTC
"UpdatedNZ_HeavyElec_NoInd,date=2025-3-10T01:25:51-06:00",KS,regional biomass,CO2,-0.142551,-0.132901,-0.163789,-0.19013,-0.478997,-0.657981,-1.09786,-2.05538,MTC
"UpdatedNZ_HeavyElec_NoInd,date=2025-3-10T01:25:51-06:00",KS,regional biomassOil,CO2,-0.00246473,-0.00233769,-0.00204657,-0.00165672,-0.00219906,-0.00222643,-0.00664027,-0.0167731,MTC
"UpdatedNZ_HeavyElec_NoInd,date=2025-3-10T01:25:51-06:00",KS,regional corn for ethanol,CO2,-0.889482,-0.836566,-0.737505,-0.597409,-0.661616,-0.465475,-0.296311,-0.222476,MTC
"UpdatedNZ_HeavyElec_NoInd,date=2025-3-10T01:25:51-06:00",KS,resid clothes dryers,CO2,0.00234868,0.002540464,0.002557377,0.002628023,0.002400789,0.00228911,0.00220955,0.001982514,MTC
"UpdatedNZ_HeavyElec_NoInd,date=2025-3-10T01:25:51-06:00",KS,resid cooking,CO2,0.01161046,0.011620917,0.01114528,0.010280465,0.00879124,0.006864551,0.006236101,0.005270193,MTC
"UpdatedNZ_HeavyElec_NoInd,date=2025-3-10T01:25:51-06:00",KS,resid heating,CO2,0.71176523,0.68166867,0.643781,0.59172975,0.50060219,0.39790311,0.30211068,0.216872432,MTC
"UpdatedNZ_HeavyElec_NoInd,date=2025-3-10T01:25:51-06:00",KS,resid hot water,CO2,0.23490192,0.23868515,0.237359144,0.23472275,0.202210824,0.19211017,0.182439153,0.158891185,MTC
"UpdatedNZ_HeavyElec_NoInd,date=2025-3-10T01:25:51-06:00",KS,resid other,CO2,0.01437122,0.01331781,0.01392737,0.01388715,0.01326331,0.0133681,0.01296385,0.01077118,MTC
"UpdatedNZ_HeavyElec_NoInd,date=2025-3-10T01:25:51-06:00",KS,subpeak generation,CO2,0.002666696,0.002051925,0.001461236,0.002225696,0.002281219,0.003022062,0.010571268,0.004381774,MTC
"UpdatedNZ_HeavyElec_NoInd,date=2025-3-10T01:25:51-06:00",KS,trn_aviation_intl,CO2,0.0372347,0.0344584,0.0341808,0.0330505,0.0317929,0.0333303,0.0346277,0.0340087,MTC
"UpdatedNZ_HeavyElec_NoInd,date=2025-3-10T01:25:51-06:00",KS,trn_freight,CO2,0.1517,0.149763,0.13503469,0.1155253,0.0885178,0.0783543,0.0743295,0.062992,MTC
"UpdatedNZ_HeavyElec_NoInd,date=2025-3-10T01:25:51-06:00",KS,trn_freight_road,CO2,2.297196,2.3953056,1.96673091,1.54073899,0.981737851,0.667417627,0.39133213,0.125093824,MTC
"UpdatedNZ_HeavyElec_NoInd,date=2025-3-10T01:25:51-06:00",KS,trn_pass,CO2,0.1487499,0.14040841,0.13807138,0.13422764,0.12026435,0.11797429,0.10395039,0.06096893,MTC
"UpdatedNZ_HeavyElec_NoInd,date=2025-3-10T01:25:51-06:00",KS,trn_pass_road,CO2,0.1042036,0.12797907,0.13916423,0.09991532,0.06996556,0.04634078,0.032235125,0.024904813,MTC
"UpdatedNZ_HeavyElec_NoInd,date=2025-3-10T01:25:51-06:00",KS,trn_pass_road_LDV,CO2,0.00890219,0.00647213,0.0013681,7.09E-04,7.08E-04,7.36E-04,7.53E-04,7.15E-04,MTC
"UpdatedNZ_HeavyElec_NoInd,date=2025-3-10T01:25:51-06:00",KS,trn_pass_road_LDV_4W,CO2,2.52936974,2.10669547,1.650427866,1.020277749,0.563031836,0.23615685,0.18956932,0.1454853,MTC
"UpdatedNZ_HeavyElec_NoInd,date=2025-3-10T01:25:51-06:00",KS,trn_shipping_intl,CO2,0,0,0,0,0,0,0,0,MTC
"UpdatedNZ_HeavyElec_NoInd,date=2025-3-10T01:25:51-06:00",KY,H2 central production,CO2,0,0,0.009962674,0.02586081,0.024862155,0.032559236,0.040344841,0.055297309,MTC
"UpdatedNZ_HeavyElec_NoInd,date=2025-3-10T01:25:51-06:00",KY,H2 wholesale dispensing,CO2,0,0,0.0291505,0.075774,0.1148284,0.1541822,0.1830836,0.1691761,MTC
"UpdatedNZ_HeavyElec_NoInd,date=2025-3-10T01:25:51-06:00",KY,airCO2,CO2,0,0,-1.48E-04,-7.60E-04,-0.445532,-3.75161,-11.2888,-11.3193,MTC
"UpdatedNZ_HeavyElec_NoInd,date=2025-3-10T01:25:51-06:00",KY,base load generation,CO2,14.52563952,8.094399267,4.67052489,3.91090295,2.028097207,1.682725125,1.491097583,0.825078855,MTC
"UpdatedNZ_HeavyElec_NoInd,date=2025-3-10T01:25:51-06:00",KY,biomass liquids,CO2,0.0229747,0.02166363,0.01905641,0.01543372,0.068387714,0.085144409,0.138153531,0.194978306,MTC
"UpdatedNZ_HeavyElec_NoInd,date=2025-3-10T01:25:51-06:00",KY,cement,CO2,0.0907379,0.089606192,0.07709236,0.081137371,0.054764738,0.031397194,0.021087911,0.015715163,MTC
"UpdatedNZ_HeavyElec_NoInd,date=2025-3-10T01:25:51-06:00",KY,coal to liquids,CO2,0,0,0,0,7.86E-05,1.27E-04,4.29E-04,9.27E-04,MTC
"UpdatedNZ_HeavyElec_NoInd,date=2025-3-10T01:25:51-06:00",KY,comm cooking,CO2,0.0330572,0.03237409,0.029152297,0.026306814,0.020888527,0.017153087,0.013409485,0.011602918,MTC
"UpdatedNZ_HeavyElec_NoInd,date=2025-3-10T01:25:51-06:00",KY,comm cooling,CO2,3.85E-04,3.78E-04,3.60E-04,3.45E-04,3.20E-04,3.00E-04,2.72E-04,2.63E-04,MTC
"UpdatedNZ_HeavyElec_NoInd,date=2025-3-10T01:25:51-06:00",KY,comm heating,CO2,0.36824648,0.3331274,0.29866913,0.2634095,0.20741284,0.15485442,0.066518565,0.049479601,MTC
"UpdatedNZ_HeavyElec_NoInd,date=2025-3-10T01:25:51-06:00",KY,comm hot water,CO2,0.1218999,0.11927811,0.11024685,0.10315894,0.08424206,0.068406946,0.049883806,0.042576324,MTC
"UpdatedNZ_HeavyElec_NoInd,date=2025-3-10T01:25:51-06:00",KY,comm other,CO2,0.0995897,0.0916327,0.1004257,0.126029,0.1516512,0.1697029,0.1716753,0.1496876,MTC
"UpdatedNZ_HeavyElec_NoInd,date=2025-3-10T01:25:51-06:00",KY,gas to liquids,CO2,0,0,0,0,5.13E-05,8.67E-05,3.10E-04,9.51E-04,MTC
"UpdatedNZ_HeavyElec_NoInd,date=2025-3-10T01:25:51-06:00",KY,intermediate generation,CO2,7.14134134,4.62992312,3.71426388,3.330755141,2.565558389,2.612158049,2.759595487,2.271151105,MTC
"UpdatedNZ_HeavyElec_NoInd,date=2025-3-10T01:25:51-06:00",KY,oil refining,CO2,0.713671,0.661093,0.592197,0.500386,0.394324,0.34433315,0.30839633,0.20947208,MTC
"UpdatedNZ_HeavyElec_NoInd,date=2025-3-10T01:25:51-06:00",KY,other industrial energy use,CO2,2.8916161,2.894453875,2.968121426,3.073174902,3.076745953,3.088445613,3.04242931,2.442801331,MTC
"UpdatedNZ_HeavyElec_NoInd,date=2025-3-10T01:25:51-06:00",KY,peak generation,CO2,0.111095,0.090921838,0.042368338,0.030291365,0.020884241,0.014281865,0.007959256,0.002708923,MTC
"UpdatedNZ_HeavyElec_NoInd,date=2025-3-10T01:25:51-06:00",KY,process heat cement,CO2,0.074361382,0.07374932,0.063170826,0.068823744,0.063381743,0.060941195,0.061019091,0.059253159,MTC
"UpdatedNZ_HeavyElec_NoInd,date=2025-3-10T01:25:51-06:00",KY,process heat dac,CO2,0,0,2.92E-06,1.40E-05,0.00766092,0.0591235,0.16017,0.161745,MTC
"UpdatedNZ_HeavyElec_NoInd,date=2025-3-10T01:25:51-06:00",KY,regional biomass,CO2,-0.64726,-0.630414,-0.678502,-0.730423,-1.21049,-1.51678,-2.11379,-3.51751,MTC
"UpdatedNZ_HeavyElec_NoInd,date=2025-3-10T01:25:51-06:00",KY,regional biomassOil,CO2,-0.120764,-0.114539,-0.100276,-0.0811741,-0.0903846,-0.0650094,-0.0542534,-0.0680788,MTC
"UpdatedNZ_HeavyElec_NoInd,date=2025-3-10T01:25:51-06:00",KY,regional corn for ethanol,CO2,-0.0627659,-0.0589803,-0.0520284,-0.0421495,-0.0506939,-0.0396054,-0.0417137,-0.0649857,MTC
"UpdatedNZ_HeavyElec_NoInd,date=2025-3-10T01:25:51-06:00",KY,resid clothes dryers,CO2,0.00659164,0.00654683,0.00620994,0.00617398,0.005440188,0.005391236,0.005374877,0.004980967,MTC
"UpdatedNZ_HeavyElec_NoInd,date=2025-3-10T01:25:51-06:00",KY,resid cooking,CO2,0.0299984,0.028611007,0.026550053,0.023991989,0.020348705,0.015958181,0.015220586,0.013507789,MTC
"UpdatedNZ_HeavyElec_NoInd,date=2025-3-10T01:25:51-06:00",KY,resid heating,CO2,0.73328946,0.65245837,0.596607193,0.519909579,0.417052074,0.310425091,0.217648455,0.144709656,MTC
"UpdatedNZ_HeavyElec_NoInd,date=2025-3-10T01:25:51-06:00",KY,resid hot water,CO2,0.13399284,0.117138796,0.107339814,0.099082763,0.072233107,0.069574297,0.066969325,0.058015157,MTC
"UpdatedNZ_HeavyElec_NoInd,date=2025-3-10T01:25:51-06:00",KY,resid other,CO2,0.03574716,0.02533775,0.02753757,0.02903576,0.028655,0.02985803,0.03019924,0.02621767,MTC
"UpdatedNZ_HeavyElec_NoInd,date=2025-3-10T01:25:51-06:00",KY,subpeak generation,CO2,0.25267916,0.238762982,0.182416618,0.154978036,0.105850565,0.085799189,0.07483369,0.043947167,MTC
"UpdatedNZ_HeavyElec_NoInd,date=2025-3-10T01:25:51-06:00",KY,trn_aviation_intl,CO2,0.250998,0.22772,0.225129,0.221136,0.213144,0.225231,0.235219,0.232312,MTC
"UpdatedNZ_HeavyElec_NoInd,date=2025-3-10T01:25:51-06:00",KY,trn_freight,CO2,0.198314,0.189887,0.16974662,0.1467787,0.1124286,0.1002201,0.0962327,0.0832401,MTC
"UpdatedNZ_HeavyElec_NoInd,date=2025-3-10T01:25:51-06:00",KY,trn_freight_road,CO2,3.003114,3.0452624,2.48741498,1.97730487,1.290927453,0.92034375,0.58359158,0.208775705,MTC
"UpdatedNZ_HeavyElec_NoInd,date=2025-3-10T01:25:51-06:00",KY,trn_pass,CO2,0.96756923,0.88998884,0.86909982,0.85852339,0.77174775,0.77088401,0.69796199,0.42909487,MTC
"UpdatedNZ_HeavyElec_NoInd,date=2025-3-10T01:25:51-06:00",KY,trn_pass_road,CO2,0.12381263,0.15137654,0.16449407,0.11669688,0.081175931,0.053262735,0.03701667,0.028339075,MTC
"UpdatedNZ_HeavyElec_NoInd,date=2025-3-10T01:25:51-06:00",KY,trn_pass_road_LDV,CO2,0.0154053,0.010539,0.00247025,0.00128915,0.00130068,0.00137391,0.00142258,0.00137041,MTC
"UpdatedNZ_HeavyElec_NoInd,date=2025-3-10T01:25:51-06:00",KY,trn_pass_road_LDV_4W,CO2,4.37727067,3.67280624,2.89382348,1.809833186,1.017647062,0.45174123,0.36809856,0.28946153,MTC
"UpdatedNZ_HeavyElec_NoInd,date=2025-3-10T01:25:51-06:00",KY,trn_shipping_intl,CO2,0,0,0,0,0,0,0,0,MTC
"UpdatedNZ_HeavyElec_NoInd,date=2025-3-10T01:25:51-06:00",LA,H2 central production,CO2,0,0,0.012099653,0.026542154,0.023759254,0.028419981,0.034386866,0.052956533,MTC
"UpdatedNZ_HeavyElec_NoInd,date=2025-3-10T01:25:51-06:00",LA,H2 wholesale dispensing,CO2,0,0,0.0393685,0.1029902,0.1600798,0.2198683,0.2770844,0.3068051,MTC
"UpdatedNZ_HeavyElec_NoInd,date=2025-3-10T01:25:51-06:00",LA,N fertilizer,CO2,1.58508,1.687338,1.89019791,1.8218101,1.39305535,0.90874502,0.62673594,0.420792474,MTC
"UpdatedNZ_HeavyElec_NoInd,date=2025-3-10T01:25:51-06:00",LA,airCO2,CO2,0,0,-1.91E-04,-0.00100113,-0.565808,-4.64292,-13.6339,-13.6736,MTC
"UpdatedNZ_HeavyElec_NoInd,date=2025-3-10T01:25:51-06:00",LA,base load generation,CO2,5.18098276,3.478727473,2.730117093,2.473364023,1.618702847,1.396065574,1.286075682,0.655839161,MTC
"UpdatedNZ_HeavyElec_NoInd,date=2025-3-10T01:25:51-06:00",LA,biomass liquids,CO2,0,0,0,0,0,0,0,0,MTC
"UpdatedNZ_HeavyElec_NoInd,date=2025-3-10T01:25:51-06:00",LA,cement,CO2,0.10559,0.0924115,0.0868103,0.092135971,0.062042287,0.034931631,0.023171692,0.017462324,MTC
"UpdatedNZ_HeavyElec_NoInd,date=2025-3-10T01:25:51-06:00",LA,coal to liquids,CO2,0,0,0,0,1.58E-06,2.42E-06,8.46E-06,1.71E-05,MTC
"UpdatedNZ_HeavyElec_NoInd,date=2025-3-10T01:25:51-06:00",LA,comm cooking,CO2,0.0395288,0.03848721,0.034512919,0.03118493,0.024725416,0.020366205,0.016059941,0.013889135,MTC
"UpdatedNZ_HeavyElec_NoInd,date=2025-3-10T01:25:51-06:00",LA,comm cooling,CO2,0.0126125,0.01238175,0.0118212,0.011375,0.01060672,0.009991217,0.009148519,0.008765662,MTC
"UpdatedNZ_HeavyElec_NoInd,date=2025-3-10T01:25:51-06:00",LA,comm heating,CO2,0.11911308,0.107240468,0.095144988,0.082752802,0.064528607,0.047824623,0.019984217,0.015079826,MTC
"UpdatedNZ_HeavyElec_NoInd,date=2025-3-10T01:25:51-06:00",LA,comm hot water,CO2,0.08793498,0.08453435,0.07706156,0.07011888,0.055677918,0.044091508,0.030941314,0.026299165,MTC
"UpdatedNZ_HeavyElec_NoInd,date=2025-3-10T01:25:51-06:00",LA,comm other,CO2,0.2504164,0.2322291,0.2455734,0.275438,0.301255,0.322103,0.322595,0.284367,MTC
"UpdatedNZ_HeavyElec_NoInd,date=2025-3-10T01:25:51-06:00",LA,gas to liquids,CO2,0,0,0,0,0.00113644,0.001921537,0.006883763,0.021079233,MTC
"UpdatedNZ_HeavyElec_NoInd,date=2025-3-10T01:25:51-06:00",LA,intermediate generation,CO2,4.69745655,4.509322061,3.910533766,3.445229572,2.514226038,2.171346299,1.911874138,1.189632085,MTC
"UpdatedNZ_HeavyElec_NoInd,date=2025-3-10T01:25:51-06:00",LA,oil refining,CO2,8.5816,7.95427,7.12382,6.01975,4.7614539,4.1552306,3.7134744,2.5185969,MTC
"UpdatedNZ_HeavyElec_NoInd,date=2025-3-10T01:25:51-06:00",LA,other industrial energy use,CO2,18.1444821,17.496954,18.69334965,19.96929794,20.73326506,21.48265763,21.85053364,20.34799016,MTC
"UpdatedNZ_HeavyElec_NoInd,date=2025-3-10T01:25:51-06:00",LA,other industrial feedstocks,CO2,2.7182,1.89873,0.918022,1.05272,0.53343,0.533682,0.602609,0.476566,MTC
"UpdatedNZ_HeavyElec_NoInd,date=2025-3-10T01:25:51-06:00",LA,peak generation,CO2,0.07014229,0.060395793,0.039341156,0.031943321,0.017681425,0.012883861,0.009090328,0.003298203,MTC
"UpdatedNZ_HeavyElec_NoInd,date=2025-3-10T01:25:51-06:00",LA,process heat cement,CO2,0.086532761,0.07575915,0.071175827,0.07668403,0.071004097,0.067276527,0.06689439,0.064975536,MTC
"UpdatedNZ_HeavyElec_NoInd,date=2025-3-10T01:25:51-06:00",LA,process heat dac,CO2,0,0,3.78E-06,1.85E-05,0.00974313,0.0734902,0.195449,0.197199,MTC
"UpdatedNZ_HeavyElec_NoInd,date=2025-3-10T01:25:51-06:00",LA,regional biomass,CO2,-2.42178,-2.33803,-2.6508,-3.08137,-3.4042,-3.70804,-3.91641,-3.56484,MTC
"UpdatedNZ_HeavyElec_NoInd,date=2025-3-10T01:25:51-06:00",LA,regional corn for ethanol,CO2,0,0,0,0,0,0,0,0,MTC
"UpdatedNZ_HeavyElec_NoInd,date=2025-3-10T01:25:51-06:00",LA,resid clothes dryers,CO2,0.00585466,0.00579743,0.00555754,0.00557852,0.004997779,0.004963906,0.004955118,0.00458951,MTC
"UpdatedNZ_HeavyElec_NoInd,date=2025-3-10T01:25:51-06:00",LA,resid cooking,CO2,0.02631318,0.024793807,0.022917046,0.020443229,0.017106698,0.013084455,0.012437904,0.010940552,MTC
"UpdatedNZ_HeavyElec_NoInd,date=2025-3-10T01:25:51-06:00",LA,resid heating,CO2,0.277813129,0.247108909,0.225319664,0.195453195,0.15663899,0.11683426,0.08276186,0.056059206,MTC
"UpdatedNZ_HeavyElec_NoInd,date=2025-3-10T01:25:51-06:00",LA,resid hot water,CO2,0.197562509,0.175425143,0.164554895,0.155156089,0.118136232,0.113731336,0.109784807,0.095343067,MTC
"UpdatedNZ_HeavyElec_NoInd,date=2025-3-10T01:25:51-06:00",LA,resid other,CO2,0.03116192,0.0222682,0.02505052,0.02606736,0.02592375,0.02713482,0.0275845,0.0237241,MTC
"UpdatedNZ_HeavyElec_NoInd,date=2025-3-10T01:25:51-06:00",LA,subpeak generation,CO2,0.4734287,0.43339593,0.307678862,0.252940824,0.153795444,0.119697788,0.09484985,0.046160682,MTC
"UpdatedNZ_HeavyElec_NoInd,date=2025-3-10T01:25:51-06:00",LA,trn_aviation_intl,CO2,0.727631,0.650473,0.642,0.624412,0.601786,0.632257,0.657933,0.649484,MTC
"UpdatedNZ_HeavyElec_NoInd,date=2025-3-10T01:25:51-06:00",LA,trn_freight,CO2,0.635269,0.6631867,0.53655055,0.4862909,0.3929419,0.3597854,0.3076491,0.1593319,MTC
"UpdatedNZ_HeavyElec_NoInd,date=2025-3-10T01:25:51-06:00",LA,trn_freight_road,CO2,4.025481,3.9264079,3.33840246,2.69310528,1.823205787,1.3343966,0.86553343,0.306122974,MTC
"UpdatedNZ_HeavyElec_NoInd,date=2025-3-10T01:25:51-06:00",LA,trn_pass,CO2,2.7917203,2.53517617,2.4735283,2.4160997,2.1723201,2.1517839,1.9323454,1.1645631,MTC
"UpdatedNZ_HeavyElec_NoInd,date=2025-3-10T01:25:51-06:00",LA,trn_pass_road,CO2,0.1819537,0.227118,0.24906048,0.18082025,0.12704657,0.08424342,0.05880486,0.04537794,MTC
"UpdatedNZ_HeavyElec_NoInd,date=2025-3-10T01:25:51-06:00",LA,trn_pass_road_LDV,CO2,0.0166143,0.011165,0.0024352,0.00127219,0.00128382,0.00134286,0.00138021,0.00131725,MTC
"UpdatedNZ_HeavyElec_NoInd,date=2025-3-10T01:25:51-06:00",LA,trn_pass_road_LDV_4W,CO2,4.72053796,3.90999116,3.06758389,1.904231729,1.061020536,0.45890733,0.37774532,0.29576102,MTC
"UpdatedNZ_HeavyElec_NoInd,date=2025-3-10T01:25:51-06:00",LA,trn_shipping_intl,CO2,1.5352,1.5191408,1.356468,1.305741,1.195598,1.180201,1.105485,0.623184,MTC
"UpdatedNZ_HeavyElec_NoInd,date=2025-3-10T01:25:51-06:00",MA,H2 central production,CO2,0,0,0.006363324,0.014174226,0.011051976,0.011783838,0.012301006,0.012322104,MTC
"UpdatedNZ_HeavyElec_NoInd,date=2025-3-10T01:25:51-06:00",MA,H2 wholesale dispensing,CO2,0,0,0.0136682,0.03612636,0.05622343,0.07709927,0.0938647,0.0888692,MTC
"UpdatedNZ_HeavyElec_NoInd,date=2025-3-10T01:25:51-06:00",MA,airCO2,CO2,0,0,-1.35E-06,-7.54E-06,-0.00420008,-0.0382843,-0.129865,-0.00871906,MTC
"UpdatedNZ_HeavyElec_NoInd,date=2025-3-10T01:25:51-06:00",MA,base load generation,CO2,1.64961336,0.596047722,0.70323306,0.762288481,0.478429081,0.379593752,0.308540778,0.19915306,MTC
"UpdatedNZ_HeavyElec_NoInd,date=2025-3-10T01:25:51-06:00",MA,biomass liquids,CO2,1.74E-04,1.65E-04,1.44E-04,1.17E-04,0.00166718,0.002269251,0.003900422,0.005138423,MTC
"UpdatedNZ_HeavyElec_NoInd,date=2025-3-10T01:25:51-06:00",MA,cement,CO2,0.0800618,0.0752073,0.0728316,0.07668165,0.054673708,0.034324334,0.024867815,0.018493235,MTC
"UpdatedNZ_HeavyElec_NoInd,date=2025-3-10T01:25:51-06:00",MA,comm cooking,CO2,0.0429942,0.04353939,0.04057763,0.03824836,0.0325125,0.02879565,0.024801476,0.022078448,MTC
"UpdatedNZ_HeavyElec_NoInd,date=2025-3-10T01:25:51-06:00",MA,comm cooling,CO2,0.0254464,0.02582944,0.02511629,0.02433371,0.02297504,0.02179327,0.020042815,0.019113692,MTC
"UpdatedNZ_HeavyElec_NoInd,date=2025-3-10T01:25:51-06:00",MA,comm heating,CO2,1.0686046,1.03924527,0.96734854,0.8980854,0.75193572,0.60564726,0.364157401,0.288403477,MTC
"UpdatedNZ_HeavyElec_NoInd,date=2025-3-10T01:25:51-06:00",MA,comm hot water,CO2,0.112418,0.11231932,0.10579016,0.09945343,0.083803095,0.071160236,0.056415093,0.049539247,MTC
"UpdatedNZ_HeavyElec_NoInd,date=2025-3-10T01:25:51-06:00",MA,comm other,CO2,0.5307157,0.51394,0.5145752,0.5199825,0.4931985,0.4851984,0.4817026,0.4334455,MTC
"UpdatedNZ_HeavyElec_NoInd,date=2025-3-10T01:25:51-06:00",MA,intermediate generation,CO2,1.687960133,1.309427839,1.303304328,1.245856519,0.895717572,0.74906429,0.629004253,0.40731591,MTC
"UpdatedNZ_HeavyElec_NoInd,date=2025-3-10T01:25:51-06:00",MA,other industrial energy use,CO2,0.81357735,0.836017038,0.878809143,0.922423221,0.940558352,0.957931082,0.96155337,0.859100419,MTC
"UpdatedNZ_HeavyElec_NoInd,date=2025-3-10T01:25:51-06:00",MA,peak generation,CO2,0.02306021,0.01884616,0.012985855,0.011608945,0.006439211,0.00462871,0.003238103,0.001261636,MTC
"UpdatedNZ_HeavyElec_NoInd,date=2025-3-10T01:25:51-06:00",MA,process heat cement,CO2,0.065612136,0.061655818,0.059715174,0.063320241,0.058881579,0.056649947,0.0568786,0.055322642,MTC
"UpdatedNZ_HeavyElec_NoInd,date=2025-3-10T01:25:51-06:00",MA,process heat dac,CO2,0,0,2.66E-08,1.38E-07,7.16E-05,5.89E-04,0.00173693,8.20E-05,MTC
"UpdatedNZ_HeavyElec_NoInd,date=2025-3-10T01:25:51-06:00",MA,regional biomass,CO2,-0.872066,-0.555032,-0.824791,-1.00702,-0.917209,-1.01303,-1.0701,-1.21754,MTC
"UpdatedNZ_HeavyElec_NoInd,date=2025-3-10T01:25:51-06:00",MA,regional biomassOil,CO2,-0.00246456,-0.00233751,-0.00204643,-0.00165661,-0.00187024,-0.00138252,-0.00137037,-0.00204733,MTC
"UpdatedNZ_HeavyElec_NoInd,date=2025-3-10T01:25:51-06:00",MA,regional corn for ethanol,CO2,0,0,0,0,-1.35E-04,-2.25E-04,-6.90E-04,-0.00163028,MTC
"UpdatedNZ_HeavyElec_NoInd,date=2025-3-10T01:25:51-06:00",MA,resid clothes dryers,CO2,0.0110646,0.01149221,0.01127284,0.01133432,0.01031512,0.01024336,0.01023958,0.00950227,MTC
"UpdatedNZ_HeavyElec_NoInd,date=2025-3-10T01:25:51-06:00",MA,resid cooking,CO2,0.0589981,0.05889265,0.05699241,0.05371961,0.048716207,0.042144873,0.04078022,0.036601316,MTC
"UpdatedNZ_HeavyElec_NoInd,date=2025-3-10T01:25:51-06:00",MA,resid heating,CO2,2.2595168,2.2404163,2.1739034,2.0750142,1.8574588,1.5836167,1.29402864,0.9877676,MTC
"UpdatedNZ_HeavyElec_NoInd,date=2025-3-10T01:25:51-06:00",MA,resid hot water,CO2,0.625199,0.61858773,0.60790873,0.59125005,0.50325003,0.48112348,0.45710517,0.39794918,MTC
"UpdatedNZ_HeavyElec_NoInd,date=2025-3-10T01:25:51-06:00",MA,resid other,CO2,0.0753303,0.0620471,0.0655774,0.0671336,0.069329,0.0715005,0.0708269,0.0602784,MTC
"UpdatedNZ_HeavyElec_NoInd,date=2025-3-10T01:25:51-06:00",MA,subpeak generation,CO2,0.1362631,0.1079923,0.0858964,0.078215654,0.047895985,0.037811662,0.031682064,0.017066479,MTC
"UpdatedNZ_HeavyElec_NoInd,date=2025-3-10T01:25:51-06:00",MA,trn_aviation_intl,CO2,0.149289,0.136955,0.136524,0.132299,0.127854,0.134567,0.140184,0.139386,MTC
"UpdatedNZ_HeavyElec_NoInd,date=2025-3-10T01:25:51-06:00",MA,trn_freight,CO2,0.10844102,0.10900058,0.098301692,0.0858826,0.06679137,0.06046382,0.05801757,0.048188039,MTC
"UpdatedNZ_HeavyElec_NoInd,date=2025-3-10T01:25:51-06:00",MA,trn_freight_road,CO2,1.523008,1.5911645,1.33342126,1.07702772,0.730045175,0.538890794,0.352723121,0.127371135,MTC
"UpdatedNZ_HeavyElec_NoInd,date=2025-3-10T01:25:51-06:00",MA,trn_pass,CO2,0.57476241,0.5377415,0.53209052,0.51883018,0.47004144,0.46506734,0.41414275,0.24524416,MTC
"UpdatedNZ_HeavyElec_NoInd,date=2025-3-10T01:25:51-06:00",MA,trn_pass_road,CO2,0.06685726,0.08523827,0.09426409,0.06894993,0.04797675,0.031223314,0.021408881,0.016399452,MTC
"UpdatedNZ_HeavyElec_NoInd,date=2025-3-10T01:25:51-06:00",MA,trn_pass_road_LDV,CO2,0.0195547,0.0153904,0.0028686,0.00149039,0.0015007,0.00156309,0.00159307,0.00149902,MTC
"UpdatedNZ_HeavyElec_NoInd,date=2025-3-10T01:25:51-06:00",MA,trn_pass_road_LDV_4W,CO2,5.55593873,4.66023571,3.67226852,2.27531883,1.269168852,0.5491984,0.4410155,0.34039418,MTC
"UpdatedNZ_HeavyElec_NoInd,date=2025-3-10T01:25:51-06:00",MA,trn_shipping_intl,CO2,0.0326897,0.03311459,0.02996171,0.02904117,0.0267683,0.02667227,0.02527825,0.01476357,MTC
"UpdatedNZ_HeavyElec_NoInd,date=2025-3-10T01:25:51-06:00",MD,H2 central production,CO2,0,0,0.005864378,0.012840308,0.01148273,0.013874706,0.016019775,0.021694288,MTC
"UpdatedNZ_HeavyElec_NoInd,date=2025-3-10T01:25:51-06:00",MD,H2 wholesale dispensing,CO2,0,0,0.0168292,0.0430128,0.06517526,0.08721589,0.1028816,0.0946981,MTC
"UpdatedNZ_HeavyElec_NoInd,date=2025-3-10T01:25:51-06:00",MD,airCO2,CO2,0,0,-3.65E-05,-1.93E-04,-0.111306,-0.940056,-2.89809,-2.79104,MTC
"UpdatedNZ_HeavyElec_NoInd,date=2025-3-10T01:25:51-06:00",MD,base load generation,CO2,2.83105654,1.569483342,1.38719426,1.340441288,0.824442546,0.791179358,0.784363177,0.51580927,MTC
"UpdatedNZ_HeavyElec_NoInd,date=2025-3-10T01:25:51-06:00",MD,cement,CO2,0.144515,0.131764,0.123483,0.127838085,0.086657527,0.049347627,0.032842105,0.024339546,MTC
"UpdatedNZ_HeavyElec_NoInd,date=2025-3-10T01:25:51-06:00",MD,coal to liquids,CO2,0,0,0,0,2.58E-06,4.00E-06,1.39E-05,2.85E-05,MTC
"UpdatedNZ_HeavyElec_NoInd,date=2025-3-10T01:25:51-06:00",MD,comm cooking,CO2,0.0655417,0.06595798,0.06027433,0.05679296,0.04750449,0.04187875,0.036246159,0.032293095,MTC
"UpdatedNZ_HeavyElec_NoInd,date=2025-3-10T01:25:51-06:00",MD,comm cooling,CO2,0.00206895,0.002063115,0.001973349,0.001897988,0.001774639,0.00167787,0.001547963,0.00149209,MTC
"UpdatedNZ_HeavyElec_NoInd,date=2025-3-10T01:25:51-06:00",MD,comm heating,CO2,0.748034769,0.6969349,0.630866673,0.565282545,0.453916126,0.348431849,0.174257,0.133630758,MTC
"UpdatedNZ_HeavyElec_NoInd,date=2025-3-10T01:25:51-06:00",MD,comm hot water,CO2,0.1580851,0.15561928,0.14404093,0.13377497,0.10941529,0.090090126,0.068323436,0.059395981,MTC
"UpdatedNZ_HeavyElec_NoInd,date=2025-3-10T01:25:51-06:00",MD,comm other,CO2,0.296318,0.281595,0.294119,0.321922,0.345685,0.367207,0.367035,0.324519,MTC
"UpdatedNZ_HeavyElec_NoInd,date=2025-3-10T01:25:51-06:00",MD,intermediate generation,CO2,2.04535359,1.49959059,1.379901101,1.318679119,1.078217003,1.096138155,1.132477983,0.96124786,MTC
"UpdatedNZ_HeavyElec_NoInd,date=2025-3-10T01:25:51-06:00",MD,other industrial energy use,CO2,0.75587167,0.769000726,0.806968837,0.838130899,0.840034237,0.844337638,0.833350105,0.642892506,MTC
"UpdatedNZ_HeavyElec_NoInd,date=2025-3-10T01:25:51-06:00",MD,peak generation,CO2,0.0090691,0.007803292,0.005516998,0.004780212,0.002848196,0.002102197,0.001529479,6.79E-04,MTC
"UpdatedNZ_HeavyElec_NoInd,date=2025-3-10T01:25:51-06:00",MD,process heat cement,CO2,0.11843324,0.10802356,0.101246935,0.106613343,0.098029335,0.09206821,0.090575398,0.08708976,MTC
"UpdatedNZ_HeavyElec_NoInd,date=2025-3-10T01:25:51-06:00",MD,process heat dac,CO2,0,0,7.23E-07,3.56E-06,0.00191627,0.0148648,0.0413236,0.0417562,MTC
"UpdatedNZ_HeavyElec_NoInd,date=2025-3-10T01:25:51-06:00",MD,regional biomass,CO2,-0.49817,-0.349943,-0.444606,-0.462905,-0.504491,-0.598758,-0.669766,-0.77973,MTC
"UpdatedNZ_HeavyElec_NoInd,date=2025-3-10T01:25:51-06:00",MD,resid clothes dryers,CO2,0.00805282,0.00825528,0.00789666,0.00782134,0.00698588,0.006867681,0.006815845,0.00631685,MTC
"UpdatedNZ_HeavyElec_NoInd,date=2025-3-10T01:25:51-06:00",MD,resid cooking,CO2,0.04378005,0.043061054,0.041041545,0.038174254,0.033947603,0.028683296,0.027656074,0.024870803,MTC
"UpdatedNZ_HeavyElec_NoInd,date=2025-3-10T01:25:51-06:00",MD,resid heating,CO2,1.2140598,1.10072659,1.01232459,0.88864829,0.72105958,0.5442439,0.38840123,0.263011333,MTC
"UpdatedNZ_HeavyElec_NoInd,date=2025-3-10T01:25:51-06:00",MD,resid hot water,CO2,0.27913726,0.25638056,0.241583811,0.226343735,0.172683177,0.162787978,0.154049581,0.132880297,MTC
"UpdatedNZ_HeavyElec_NoInd,date=2025-3-10T01:25:51-06:00",MD,resid other,CO2,0.0563168,0.0441089,0.0487519,0.0498601,0.0500252,0.0520415,0.0519714,0.0449423,MTC
"UpdatedNZ_HeavyElec_NoInd,date=2025-3-10T01:25:51-06:00",MD,subpeak generation,CO2,0.060419,0.05498789,0.04314136,0.03839472,0.026440848,0.021930255,0.018990225,0.011949207,MTC
"UpdatedNZ_HeavyElec_NoInd,date=2025-3-10T01:25:51-06:00",MD,trn_aviation_intl,CO2,0.032555,0.0299367,0.0293297,0.0280615,0.0268116,0.0278626,0.028657,0.02801,MTC
"UpdatedNZ_HeavyElec_NoInd,date=2025-3-10T01:25:51-06:00",MD,trn_freight,CO2,0.11836235,0.117501329,0.103583427,0.08779861,0.06678654,0.058748005,0.055290403,0.046170318,MTC
"UpdatedNZ_HeavyElec_NoInd,date=2025-3-10T01:25:51-06:00",MD,trn_freight_road,CO2,1.721583,1.7906767,1.46100999,1.14699097,0.750403174,0.533444453,0.342179008,0.126203145,MTC
"UpdatedNZ_HeavyElec_NoInd,date=2025-3-10T01:25:51-06:00",MD,trn_pass,CO2,0.12925999,0.12066821,0.1173721,0.11283889,0.10107876,0.09918621,0.0887007,0.05534034,MTC
"UpdatedNZ_HeavyElec_NoInd,date=2025-3-10T01:25:51-06:00",MD,trn_pass_road,CO2,0.07178594,0.0897741,0.09933127,0.07230767,0.050744277,0.033391338,0.023289489,0.018133366,MTC
"UpdatedNZ_HeavyElec_NoInd,date=2025-3-10T01:25:51-06:00",MD,trn_pass_road_LDV,CO2,0.0198782,0.0151713,0.00301038,0.00151684,0.0015014,0.00154219,0.00155388,0.00145481,MTC
"UpdatedNZ_HeavyElec_NoInd,date=2025-3-10T01:25:51-06:00",MD,trn_pass_road_LDV_4W,CO2,5.6477395,4.75584134,3.74788458,2.33079471,1.30454083,0.57145486,0.4608672,0.36104201,MTC
"UpdatedNZ_HeavyElec_NoInd,date=2025-3-10T01:25:51-06:00",MD,trn_shipping_intl,CO2,0.0194199,0.019593858,0.01748014,0.01669457,0.01523085,0.01493658,0.01386646,0.00785197,MTC
"UpdatedNZ_HeavyElec_NoInd,date=2025-3-10T01:25:51-06:00",ME,H2 central production,CO2,0,0,0.002791039,0.006209177,0.004827361,0.005101058,0.005315387,0.005588104,MTC
"UpdatedNZ_HeavyElec_NoInd,date=2025-3-10T01:25:51-06:00",ME,H2 wholesale dispensing,CO2,0,0,0.00593635,0.01569704,0.02446595,0.03354925,0.04089498,0.03933109,MTC
"UpdatedNZ_HeavyElec_NoInd,date=2025-3-10T01:25:51-06:00",ME,base load generation,CO2,0.6189215,0.11991119,0.309360309,0.404959738,0.252292178,0.212005819,0.180481371,0.167412317,MTC
"UpdatedNZ_HeavyElec_NoInd,date=2025-3-10T01:25:51-06:00",ME,biomass liquids,CO2,1.74E-04,1.65E-04,1.44E-04,1.17E-04,0.001667911,0.002270333,0.003901885,0.005139632,MTC
"UpdatedNZ_HeavyElec_NoInd,date=2025-3-10T01:25:51-06:00",ME,comm cooking,CO2,0.00326987,0.003253768,0.002986832,0.002699422,0.002195481,0.001838148,0.001470892,0.001277138,MTC
"UpdatedNZ_HeavyElec_NoInd,date=2025-3-10T01:25:51-06:00",ME,comm cooling,CO2,0.00101672,0.001023626,9.90E-04,9.55E-04,8.98E-04,8.50E-04,7.80E-04,7.45E-04,MTC
"UpdatedNZ_HeavyElec_NoInd,date=2025-3-10T01:25:51-06:00",ME,comm heating,CO2,0.3511639,0.35237631,0.34389633,0.33588036,0.29433097,0.2444729,0.156238314,0.116053265,MTC
"UpdatedNZ_HeavyElec_NoInd,date=2025-3-10T01:25:51-06:00",ME,comm hot water,CO2,0.01383484,0.013914663,0.01329343,0.012394289,0.010233899,0.008021525,0.005396523,0.004302992,MTC
"UpdatedNZ_HeavyElec_NoInd,date=2025-3-10T01:25:51-06:00",ME,comm other,CO2,0.0842814,0.0833135,0.0834209,0.0838848,0.0819506,0.0813335,0.0796305,0.0700771,MTC
"UpdatedNZ_HeavyElec_NoInd,date=2025-3-10T01:25:51-06:00",ME,intermediate generation,CO2,0.54156932,0.367572273,0.446622149,0.458351274,0.291455387,0.248413898,0.209128732,0.134900817,MTC
"UpdatedNZ_HeavyElec_NoInd,date=2025-3-10T01:25:51-06:00",ME,other industrial energy use,CO2,1.46282848,1.482626524,1.685791347,1.845648674,1.864677817,1.89874389,1.914797579,1.675382505,MTC
"UpdatedNZ_HeavyElec_NoInd,date=2025-3-10T01:25:51-06:00",ME,peak generation,CO2,0.002631615,0.002150712,0.001483715,0.001324309,7.31E-04,5.23E-04,3.63E-04,1.39E-04,MTC
"UpdatedNZ_HeavyElec_NoInd,date=2025-3-10T01:25:51-06:00",ME,regional biomass,CO2,-2.46828,-1.98002,-2.50654,-2.91791,-2.74393,-2.84576,-2.90226,-2.94495,MTC
"UpdatedNZ_HeavyElec_NoInd,date=2025-3-10T01:25:51-06:00",ME,regional biomassOil,CO2,-0.00246456,-0.00233751,-0.00204643,-0.00165661,-0.00187028,-0.00138259,-0.0013706,-0.00204778,MTC
"UpdatedNZ_HeavyElec_NoInd,date=2025-3-10T01:25:51-06:00",ME,regional corn for ethanol,CO2,0,0,0,0,-1.35E-04,-2.25E-04,-6.90E-04,-0.00163072,MTC
"UpdatedNZ_HeavyElec_NoInd,date=2025-3-10T01:25:51-06:00",ME,resid clothes dryers,CO2,1.80E-04,1.86E-04,1.80E-04,1.79E-04,1.61E-04,1.59E-04,1.58E-04,1.46E-04,MTC
"UpdatedNZ_HeavyElec_NoInd,date=2025-3-10T01:25:51-06:00",ME,resid cooking,CO2,0.004733747,0.00472668,0.004570756,0.004243311,0.003841888,0.003291543,0.003128558,0.002704676,MTC
"UpdatedNZ_HeavyElec_NoInd,date=2025-3-10T01:25:51-06:00",ME,resid heating,CO2,0.912274863,0.902258403,0.889873059,0.869849004,0.781999442,0.662217135,0.525476301,0.377090055,MTC
"UpdatedNZ_HeavyElec_NoInd,date=2025-3-10T01:25:51-06:00",ME,resid hot water,CO2,0.054867576,0.051789883,0.048517145,0.042802857,0.029407337,0.024711554,0.019388598,0.012904913,MTC
"UpdatedNZ_HeavyElec_NoInd,date=2025-3-10T01:25:51-06:00",ME,resid other,CO2,0.00791774,0.006796445,0.007165041,0.007115453,0.007570502,0.007761909,0.00739931,0.005934806,MTC
"UpdatedNZ_HeavyElec_NoInd,date=2025-3-10T01:25:51-06:00",ME,subpeak generation,CO2,0.015545941,0.012320612,0.009793523,0.008820439,0.005231729,0.004012046,0.003210684,0.001573426,MTC
"UpdatedNZ_HeavyElec_NoInd,date=2025-3-10T01:25:51-06:00",ME,trn_aviation_intl,CO2,0.0219622,0.0204347,0.0204307,0.0201055,0.0195234,0.0207838,0.0218829,0.0217623,MTC
"UpdatedNZ_HeavyElec_NoInd,date=2025-3-10T01:25:51-06:00",ME,trn_freight,CO2,0.0588239,0.060647028,0.05246725,0.04646385,0.03670882,0.03352445,0.03106807,0.022625894,MTC
"UpdatedNZ_HeavyElec_NoInd,date=2025-3-10T01:25:51-06:00",ME,trn_freight_road,CO2,0.6701249,0.69186994,0.58067629,0.469388008,0.319665586,0.236713545,0.155411249,0.056139723,MTC
"UpdatedNZ_HeavyElec_NoInd,date=2025-3-10T01:25:51-06:00",ME,trn_pass,CO2,0.08580468,0.08116136,0.08025868,0.07938911,0.07235668,0.07308781,0.06709565,0.04198502,MTC
"UpdatedNZ_HeavyElec_NoInd,date=2025-3-10T01:25:51-06:00",ME,trn_pass_road,CO2,0.026457675,0.032195711,0.034856797,0.024461367,0.016887971,0.010954359,0.007530982,0.005716789,MTC
"UpdatedNZ_HeavyElec_NoInd,date=2025-3-10T01:25:51-06:00",ME,trn_pass_road_LDV,CO2,0.00552129,0.00408664,9.65E-04,5.01E-04,5.14E-04,5.49E-04,5.74E-04,5.54E-04,MTC
"UpdatedNZ_HeavyElec_NoInd,date=2025-3-10T01:25:51-06:00",ME,trn_pass_road_LDV_4W,CO2,1.56875374,1.330657006,1.055285379,0.663654198,0.377063129,0.17165921,0.13882413,0.10895836,MTC
"UpdatedNZ_HeavyElec_NoInd,date=2025-3-10T01:25:51-06:00",ME,trn_shipping_intl,CO2,0.0605543,0.06114464,0.05508439,0.0533314,0.0491579,0.0489774,0.0464334,0.02715326,MTC
"UpdatedNZ_HeavyElec_NoInd,date=2025-3-10T01:25:51-06:00",MI,H2 central production,CO2,0,0,0.010311157,0.021409357,0.018821396,0.021501444,0.023566419,0.0264154,MTC
"UpdatedNZ_HeavyElec_NoInd,date=2025-3-10T01:25:51-06:00",MI,H2 wholesale dispensing,CO2,0,0,0.0337427,0.0865695,0.1300962,0.1730674,0.2028787,0.1845207,MTC
"UpdatedNZ_HeavyElec_NoInd,date=2025-3-10T01:25:51-06:00",MI,airCO2,CO2,0,0,-1.40E-04,-7.18E-04,-0.42121,-3.5468,-10.6725,-10.7014,MTC
"UpdatedNZ_HeavyElec_NoInd,date=2025-3-10T01:25:51-06:00",MI,base load generation,CO2,10.99804907,6.64691471,5.527202101,5.666389962,3.781424846,3.157743756,2.810904807,1.580974283,MTC
"UpdatedNZ_HeavyElec_NoInd,date=2025-3-10T01:25:51-06:00",MI,biomass liquids,CO2,0.110286,0.103634,0.091419,0.0740607,0.102888975,0.088028977,0.091824349,0.133107601,MTC
"UpdatedNZ_HeavyElec_NoInd,date=2025-3-10T01:25:51-06:00",MI,cement,CO2,0.207088,0.192558,0.187032,0.19193037,0.13212101,0.07854284,0.0542589,0.039799661,MTC
"UpdatedNZ_HeavyElec_NoInd,date=2025-3-10T01:25:51-06:00",MI,comm cooking,CO2,0.0746841,0.07492752,0.06874141,0.0631266,0.05123754,0.04293622,0.034491778,0.029764899,MTC
"UpdatedNZ_HeavyElec_NoInd,date=2025-3-10T01:25:51-06:00",MI,comm cooling,CO2,0.00773048,0.00771816,0.007419734,0.007075693,0.006525861,0.006068001,0.005446843,0.005201697,MTC
"UpdatedNZ_HeavyElec_NoInd,date=2025-3-10T01:25:51-06:00",MI,comm heating,CO2,2.0544343,1.9851544,1.8444494,1.7499101,1.469345,1.20715935,0.7652362,0.61221723,MTC
"UpdatedNZ_HeavyElec_NoInd,date=2025-3-10T01:25:51-06:00",MI,comm hot water,CO2,0.2595257,0.26089381,0.24541365,0.23524999,0.19842896,0.170871893,0.139215064,0.122802547,MTC
"UpdatedNZ_HeavyElec_NoInd,date=2025-3-10T01:25:51-06:00",MI,comm other,CO2,0.396956,0.372329,0.393254,0.446827,0.490463,0.527182,0.530078,0.468979,MTC
"UpdatedNZ_HeavyElec_NoInd,date=2025-3-10T01:25:51-06:00",MI,gas to liquids,CO2,0,0,0,0,5.26E-05,8.89E-05,3.18E-04,9.75E-04,MTC
"UpdatedNZ_HeavyElec_NoInd,date=2025-3-10T01:25:51-06:00",MI,intermediate generation,CO2,6.624437739,3.533175387,2.902479217,2.707677159,2.236212591,2.100757298,2.073019165,1.586383795,MTC
"UpdatedNZ_HeavyElec_NoInd,date=2025-3-10T01:25:51-06:00",MI,oil refining,CO2,0.338251,0.313331,0.280677,0.237163,0.18689327,0.163199649,0.146167382,0.099281406,MTC
"UpdatedNZ_HeavyElec_NoInd,date=2025-3-10T01:25:51-06:00",MI,other industrial energy use,CO2,4.720875,4.764292911,4.952954209,5.163408548,5.148381496,5.169993876,5.121212614,4.132071429,MTC
"UpdatedNZ_HeavyElec_NoInd,date=2025-3-10T01:25:51-06:00",MI,peak generation,CO2,0.0899938,0.073643726,0.034308279,0.024517174,0.016897,0.011544203,0.006415731,0.002162773,MTC
"UpdatedNZ_HeavyElec_NoInd,date=2025-3-10T01:25:51-06:00",MI,process heat cement,CO2,0.16971254,0.15786388,0.15335155,0.161920432,0.150684253,0.143814867,0.143231914,0.138540317,MTC
"UpdatedNZ_HeavyElec_NoInd,date=2025-3-10T01:25:51-06:00",MI,process heat dac,CO2,0,0,2.76E-06,1.33E-05,0.00724271,0.0558958,0.151426,0.152915,MTC
"UpdatedNZ_HeavyElec_NoInd,date=2025-3-10T01:25:51-06:00",MI,regional biomass,CO2,-2.44039,-2.1104,-2.46898,-2.66337,-3.09637,-3.46029,-3.96337,-5.02816,MTC
"UpdatedNZ_HeavyElec_NoInd,date=2025-3-10T01:25:51-06:00",MI,regional biomassOil,CO2,0,0,0,0,-2.13E-05,-9.22E-05,-0.00134166,-0.00299276,MTC
"UpdatedNZ_HeavyElec_NoInd,date=2025-3-10T01:25:51-06:00",MI,regional corn for ethanol,CO2,-0.478697,-0.449825,-0.396805,-0.321461,-0.35393,-0.247716,-0.158895,-0.107392,MTC
"UpdatedNZ_HeavyElec_NoInd,date=2025-3-10T01:25:51-06:00",MI,resid clothes dryers,CO2,0.0162775,0.01667781,0.01614941,0.01594663,0.01401121,0.01364656,0.0134291,0.01233844,MTC
"UpdatedNZ_HeavyElec_NoInd,date=2025-3-10T01:25:51-06:00",MI,resid cooking,CO2,0.0795594,0.07790221,0.074038718,0.068047768,0.059068101,0.047918264,0.045544165,0.040369881,MTC
"UpdatedNZ_HeavyElec_NoInd,date=2025-3-10T01:25:51-06:00",MI,resid heating,CO2,4.4029901,4.1781283,3.9598376,3.65874568,3.10867352,2.49540564,1.92657904,1.40905705,MTC
"UpdatedNZ_HeavyElec_NoInd,date=2025-3-10T01:25:51-06:00",MI,resid hot water,CO2,0.83869597,0.80966604,0.78881116,0.76526299,0.630401199,0.600911223,0.574863583,0.50559171,MTC
"UpdatedNZ_HeavyElec_NoInd,date=2025-3-10T01:25:51-06:00",MI,resid other,CO2,0.0979899,0.0730141,0.0799105,0.0828888,0.0815249,0.0838725,0.0836244,0.0718585,MTC
"UpdatedNZ_HeavyElec_NoInd,date=2025-3-10T01:25:51-06:00",MI,subpeak generation,CO2,0.5216944,0.47696049,0.38879764,0.33556353,0.213681496,0.166591574,0.138661229,0.075308378,MTC
"UpdatedNZ_HeavyElec_NoInd,date=2025-3-10T01:25:51-06:00",MI,trn_aviation_intl,CO2,0.0898415,0.0844191,0.084976,0.0827272,0.0793263,0.083001,0.0860266,0.0844191,MTC
"UpdatedNZ_HeavyElec_NoInd,date=2025-3-10T01:25:51-06:00",MI,trn_freight,CO2,0.2260253,0.228934752,0.20681713,0.17885129,0.13690423,0.12119228,0.11384654,0.093485214,MTC
"UpdatedNZ_HeavyElec_NoInd,date=2025-3-10T01:25:51-06:00",MI,trn_freight_road,CO2,3.20097,3.3737483,2.81494827,2.23580703,1.463410037,1.03375194,0.65055052,0.230596501,MTC
"UpdatedNZ_HeavyElec_NoInd,date=2025-3-10T01:25:51-06:00",MI,trn_pass,CO2,0.35231095,0.33679108,0.33659944,0.3295329,0.29523808,0.29137312,0.26133606,0.16030887,MTC
"UpdatedNZ_HeavyElec_NoInd,date=2025-3-10T01:25:51-06:00",MI,trn_pass_road,CO2,0.1378164,0.16925046,0.18380113,0.13048856,0.09066704,0.05960254,0.041598922,0.032159299,MTC
"UpdatedNZ_HeavyElec_NoInd,date=2025-3-10T01:25:51-06:00",MI,trn_pass_road_LDV,CO2,0.032867,0.0251392,0.00573933,0.00295202,0.00294345,0.00305594,0.00311992,0.00295607,MTC
"UpdatedNZ_HeavyElec_NoInd,date=2025-3-10T01:25:51-06:00",MI,trn_pass_road_LDV_4W,CO2,9.33815749,7.92946815,6.27733019,3.93171339,2.216493563,0.98707656,0.7885666,0.6149535,MTC
"UpdatedNZ_HeavyElec_NoInd,date=2025-3-10T01:25:51-06:00",MI,trn_shipping_intl,CO2,0.0608562,0.06193452,0.05612467,0.0540805,0.0493992,0.0485379,0.0449449,0.02427798,MTC
"UpdatedNZ_HeavyElec_NoInd,date=2025-3-10T01:25:51-06:00",MN,H2 central production,CO2,0,0,0.007288567,0.015001037,0.013134514,0.014480854,0.015509974,0.016561599,MTC
"UpdatedNZ_HeavyElec_NoInd,date=2025-3-10T01:25:51-06:00",MN,H2 wholesale dispensing,CO2,0,0,0.023368,0.0596722,0.0892179,0.1175994,0.1354636,0.1196664,MTC
"UpdatedNZ_HeavyElec_NoInd,date=2025-3-10T01:25:51-06:00",MN,airCO2,CO2,0,0,-7.42E-05,-3.90E-04,-0.23327,-1.97495,-5.95393,-5.98459,MTC
"UpdatedNZ_HeavyElec_NoInd,date=2025-3-10T01:25:51-06:00",MN,base load generation,CO2,4.315061567,2.279306791,1.679788183,1.718507886,1.09176251,0.80537788,0.634288903,0.411935421,MTC
"UpdatedNZ_HeavyElec_NoInd,date=2025-3-10T01:25:51-06:00",MN,biomass liquids,CO2,0.4844097,0.4556363,0.4016394,0.3253436,0.474579557,0.415717053,0.447855965,0.528782832,MTC
"UpdatedNZ_HeavyElec_NoInd,date=2025-3-10T01:25:51-06:00",MN,cement,CO2,0.153036,0.136559,0.128633,0.134893681,0.091364815,0.052039448,0.034850845,0.026096252,MTC
"UpdatedNZ_HeavyElec_NoInd,date=2025-3-10T01:25:51-06:00",MN,comm cooking,CO2,0.0384647,0.03774456,0.033859435,0.029718439,0.022948027,0.017975666,0.012992936,0.010793478,MTC
"UpdatedNZ_HeavyElec_NoInd,date=2025-3-10T01:25:51-06:00",MN,comm cooling,CO2,3.92E-04,3.88E-04,3.69E-04,3.48E-04,3.17E-04,2.90E-04,2.53E-04,2.37E-04,MTC
"UpdatedNZ_HeavyElec_NoInd,date=2025-3-10T01:25:51-06:00",MN,comm heating,CO2,1.19784578,1.11914868,1.01333274,0.92176814,0.74514951,0.577751689,0.29712455,0.225381854,MTC
"UpdatedNZ_HeavyElec_NoInd,date=2025-3-10T01:25:51-06:00",MN,comm hot water,CO2,0.1759333,0.1735713,0.16031715,0.14828257,0.12003637,0.09583829,0.067414172,0.056043677,MTC
"UpdatedNZ_HeavyElec_NoInd,date=2025-3-10T01:25:51-06:00",MN,comm other,CO2,0.1929627,0.1806376,0.1860392,0.2087101,0.228161,0.2428486,0.2393344,0.2055044,MTC
"UpdatedNZ_HeavyElec_NoInd,date=2025-3-10T01:25:51-06:00",MN,intermediate generation,CO2,3.806910601,1.98610672,1.523640269,1.347831597,1.048819061,0.998481744,1.094923925,0.818531781,MTC
"UpdatedNZ_HeavyElec_NoInd,date=2025-3-10T01:25:51-06:00",MN,oil refining,CO2,0.97096,0.899812,0.806107,0.681178,0.53997236,0.47145731,0.42094033,0.28563812,MTC
"UpdatedNZ_HeavyElec_NoInd,date=2025-3-10T01:25:51-06:00",MN,other industrial energy use,CO2,2.7718712,2.781283607,2.881475591,2.98906164,3.004352225,3.01966381,2.96877772,2.320308853,MTC
"UpdatedNZ_HeavyElec_NoInd,date=2025-3-10T01:25:51-06:00",MN,peak generation,CO2,0.065947989,0.056731678,0.044156238,0.036854196,0.01997148,0.01420226,0.011300763,0.00476528,MTC
"UpdatedNZ_HeavyElec_NoInd,date=2025-3-10T01:25:51-06:00",MN,process heat cement,CO2,0.1254163,0.11195292,0.105468267,0.112345807,0.104388587,0.099608996,0.099588317,0.096861537,MTC
"UpdatedNZ_HeavyElec_NoInd,date=2025-3-10T01:25:51-06:00",MN,process heat dac,CO2,0,0,1.47E-06,7.17E-06,0.00399205,0.0307592,0.082447,0.083157,MTC
"UpdatedNZ_HeavyElec_NoInd,date=2025-3-10T01:25:51-06:00",MN,regional biomass,CO2,-1.66987,-1.2461,-1.47194,-1.53509,-2.37646,-2.8133,-3.89311,-6.47623,MTC
"UpdatedNZ_HeavyElec_NoInd,date=2025-3-10T01:25:51-06:00",MN,regional biomassOil,CO2,-0.25878,-0.245441,-0.214876,-0.173944,-0.197826,-0.14798,-0.153403,-0.23421,MTC
"UpdatedNZ_HeavyElec_NoInd,date=2025-3-10T01:25:51-06:00",MN,regional corn for ethanol,CO2,-2.02339,-1.90258,-1.67756,-1.35892,-1.51797,-1.07817,-0.716495,-0.593599,MTC
"UpdatedNZ_HeavyElec_NoInd,date=2025-3-10T01:25:51-06:00",MN,resid clothes dryers,CO2,0.00305442,0.003078359,0.002911358,0.002815002,0.002401467,0.002299043,0.002230898,0.002008661,MTC
"UpdatedNZ_HeavyElec_NoInd,date=2025-3-10T01:25:51-06:00",MN,resid cooking,CO2,0.01613949,0.015334695,0.014009107,0.012107801,0.00977764,0.006986801,0.00637219,0.005392057,MTC
"UpdatedNZ_HeavyElec_NoInd,date=2025-3-10T01:25:51-06:00",MN,resid heating,CO2,1.90033,1.75234932,1.62738262,1.45453428,1.19502512,0.91388589,0.65969445,0.449059443,MTC
"UpdatedNZ_HeavyElec_NoInd,date=2025-3-10T01:25:51-06:00",MN,resid hot water,CO2,0.31633007,0.29606062,0.278151539,0.259121613,0.196021184,0.181540069,0.1682454,0.141848974,MTC
"UpdatedNZ_HeavyElec_NoInd,date=2025-3-10T01:25:51-06:00",MN,resid other,CO2,0.02053226,0.01509649,0.01579473,0.01597127,0.01547143,0.01566789,0.01517625,0.01261909,MTC
"UpdatedNZ_HeavyElec_NoInd,date=2025-3-10T01:25:51-06:00",MN,subpeak generation,CO2,0.079786137,0.08069959,0.076259831,0.069573688,0.049559216,0.046117477,0.069190737,0.046473194,MTC
"UpdatedNZ_HeavyElec_NoInd,date=2025-3-10T01:25:51-06:00",MN,trn_aviation_intl,CO2,0.11526,0.105137,0.103446,0.0996155,0.0958131,0.100344,0.104145,0.10244,MTC
"UpdatedNZ_HeavyElec_NoInd,date=2025-3-10T01:25:51-06:00",MN,trn_freight,CO2,0.16216825,0.159441618,0.140932651,0.12069585,0.09273335,0.08228549,0.077468846,0.06413443,MTC
"UpdatedNZ_HeavyElec_NoInd,date=2025-3-10T01:25:51-06:00",MN,trn_freight_road,CO2,2.343414,2.4115325,1.96843516,1.54276,0.99541304,0.690099255,0.41794874,0.140285061,MTC
"UpdatedNZ_HeavyElec_NoInd,date=2025-3-10T01:25:51-06:00",MN,trn_pass,CO2,0.44702725,0.41439286,0.40315018,0.38987929,0.3491308,0.34227737,0.30113302,0.17489912,MTC
"UpdatedNZ_HeavyElec_NoInd,date=2025-3-10T01:25:51-06:00",MN,trn_pass_road,CO2,0.09768744,0.12195981,0.13410901,0.09692508,0.067424452,0.043977241,0.030273817,0.023284541,MTC
"UpdatedNZ_HeavyElec_NoInd,date=2025-3-10T01:25:51-06:00",MN,trn_pass_road_LDV,CO2,0.018171,0.0134423,0.0026841,0.00136943,0.00136542,0.00141528,0.00144169,0.00136259,MTC
"UpdatedNZ_HeavyElec_NoInd,date=2025-3-10T01:25:51-06:00",MN,trn_pass_road_LDV_4W,CO2,5.16287004,4.32715028,3.39630024,2.09943967,1.16215905,0.49232136,0.39318768,0.30249839,MTC
"UpdatedNZ_HeavyElec_NoInd,date=2025-3-10T01:25:51-06:00",MN,trn_shipping_intl,CO2,0.03082,0.03095183,0.02765125,0.02651934,0.02426102,0.02385743,0.02193365,0.01105757,MTC
"UpdatedNZ_HeavyElec_NoInd,date=2025-3-10T01:25:51-06:00",MO,H2 central production,CO2,0,0,0.011449688,0.026377991,0.025042532,0.030217168,0.034912897,0.042489674,MTC
"UpdatedNZ_HeavyElec_NoInd,date=2025-3-10T01:25:51-06:00",MO,H2 wholesale dispensing,CO2,0,0,0.0320973,0.0829819,0.125361,0.166876,0.1945853,0.1708597,MTC
"UpdatedNZ_HeavyElec_NoInd,date=2025-3-10T01:25:51-06:00",MO,N fertilizer,CO2,0.68406,0.7485113,0.90167133,0.87868021,0.69321299,0.47750129,0.33606528,0.223116108,MTC
"UpdatedNZ_HeavyElec_NoInd,date=2025-3-10T01:25:51-06:00",MO,airCO2,CO2,0,0,-7.98E-05,-4.23E-04,-0.261767,-2.3049,-7.26906,-7.34834,MTC
"UpdatedNZ_HeavyElec_NoInd,date=2025-3-10T01:25:51-06:00",MO,base load generation,CO2,8.5248422,4.184778339,2.22843955,1.958488452,1.033011009,0.846309752,0.76011087,0.494815663,MTC
"UpdatedNZ_HeavyElec_NoInd,date=2025-3-10T01:25:51-06:00",MO,biomass liquids,CO2,0.1394915,0.1312473,0.1156502,0.0936836,0.290080238,0.338434404,0.518440004,0.712467175,MTC
"UpdatedNZ_HeavyElec_NoInd,date=2025-3-10T01:25:51-06:00",MO,cement,CO2,0.224546,0.22371456,0.19522588,0.20335743,0.13786961,0.07939045,0.053253816,0.039410805,MTC
"UpdatedNZ_HeavyElec_NoInd,date=2025-3-10T01:25:51-06:00",MO,coal to liquids,CO2,0,0,0,0,4.83E-07,7.88E-07,2.63E-06,5.76E-06,MTC
"UpdatedNZ_HeavyElec_NoInd,date=2025-3-10T01:25:51-06:00",MO,comm cooking,CO2,0.0391224,0.03809061,0.034389474,0.029953816,0.023134151,0.018127337,0.013168512,0.011063349,MTC
"UpdatedNZ_HeavyElec_NoInd,date=2025-3-10T01:25:51-06:00",MO,comm cooling,CO2,0.00101246,9.90E-04,9.38E-04,8.76E-04,7.90E-04,7.17E-04,6.21E-04,5.86E-04,MTC
"UpdatedNZ_HeavyElec_NoInd,date=2025-3-10T01:25:51-06:00",MO,comm heating,CO2,0.6915673,0.632888,0.57472349,0.51592413,0.41485384,0.31929872,0.15848992,0.121446262,MTC
"UpdatedNZ_HeavyElec_NoInd,date=2025-3-10T01:25:51-06:00",MO,comm hot water,CO2,0.1808806,0.17667846,0.16405083,0.15050102,0.12167026,0.09682555,0.068125041,0.057323728,MTC
"UpdatedNZ_HeavyElec_NoInd,date=2025-3-10T01:25:51-06:00",MO,comm other,CO2,0.202287,0.1848367,0.1946798,0.2294872,0.2619322,0.2841281,0.2820588,0.2414489,MTC
"UpdatedNZ_HeavyElec_NoInd,date=2025-3-10T01:25:51-06:00",MO,intermediate generation,CO2,10.23606011,6.32909846,5.076691887,4.499006763,3.785288058,3.762065547,3.872215512,3.044849535,MTC
"UpdatedNZ_HeavyElec_NoInd,date=2025-3-10T01:25:51-06:00",MO,other industrial energy use,CO2,1.5325127,1.54202393,1.574056107,1.611463409,1.601342483,1.59269729,1.548650331,1.149226577,MTC
"UpdatedNZ_HeavyElec_NoInd,date=2025-3-10T01:25:51-06:00",MO,peak generation,CO2,0.039406582,0.03424791,0.025844495,0.020346678,0.011298259,0.007642636,0.005271791,0.002241969,MTC
"UpdatedNZ_HeavyElec_NoInd,date=2025-3-10T01:25:51-06:00",MO,process heat cement,CO2,0.18401998,0.184056531,0.159866114,0.172247424,0.158915949,0.152396285,0.152411251,0.147642744,MTC
"UpdatedNZ_HeavyElec_NoInd,date=2025-3-10T01:25:51-06:00",MO,process heat dac,CO2,0,0,1.57E-06,7.77E-06,0.00446839,0.0356544,0.0991875,0.100337,MTC
"UpdatedNZ_HeavyElec_NoInd,date=2025-3-10T01:25:51-06:00",MO,regional biomass,CO2,-0.471602,-0.447782,-0.475917,-0.484445,-1.75069,-2.38464,-4.09046,-8.85449,MTC
"UpdatedNZ_HeavyElec_NoInd,date=2025-3-10T01:25:51-06:00",MO,regional biomassOil,CO2,-0.495377,-0.469842,-0.411333,-0.332978,-0.369795,-0.26455,-0.212457,-0.254602,MTC
"UpdatedNZ_HeavyElec_NoInd,date=2025-3-10T01:25:51-06:00",MO,regional corn for ethanol,CO2,-0.453869,-0.4259,-0.376106,-0.304737,-0.349063,-0.257481,-0.214259,-0.265771,MTC
"UpdatedNZ_HeavyElec_NoInd,date=2025-3-10T01:25:51-06:00",MO,resid clothes dryers,CO2,0.0038837,0.00384296,0.003633472,0.00349231,0.002961458,0.002856799,0.002790701,0.002533236,MTC
"UpdatedNZ_HeavyElec_NoInd,date=2025-3-10T01:25:51-06:00",MO,resid cooking,CO2,0.0195297,0.018297506,0.016590425,0.014174058,0.011315042,0.00794886,0.007332367,0.006268996,MTC
"UpdatedNZ_HeavyElec_NoInd,date=2025-3-10T01:25:51-06:00",MO,resid heating,CO2,1.35780845,1.23836299,1.15002512,1.02511553,0.83925392,0.63955938,0.460497888,0.312793415,MTC
"UpdatedNZ_HeavyElec_NoInd,date=2025-3-10T01:25:51-06:00",MO,resid hot water,CO2,0.39191092,0.35622829,0.330756722,0.303892078,0.221495597,0.205362466,0.19157737,0.162389676,MTC
"UpdatedNZ_HeavyElec_NoInd,date=2025-3-10T01:25:51-06:00",MO,resid other,CO2,0.02435128,0.01688043,0.01779588,0.01830772,0.01775946,0.01812359,0.0178537,0.01489452,MTC
"UpdatedNZ_HeavyElec_NoInd,date=2025-3-10T01:25:51-06:00",MO,subpeak generation,CO2,0.20595543,0.21205282,0.18874085,0.163490495,0.104372266,0.081642753,0.071794673,0.042701906,MTC
"UpdatedNZ_HeavyElec_NoInd,date=2025-3-10T01:25:51-06:00",MO,trn_aviation_intl,CO2,0.0749642,0.0682169,0.0680979,0.066147,0.0637139,0.0669594,0.0697133,0.068584,MTC
"UpdatedNZ_HeavyElec_NoInd,date=2025-3-10T01:25:51-06:00",MO,trn_freight,CO2,0.232595,0.224195,0.20305569,0.1738775,0.1331688,0.1181147,0.1129251,0.0967559,MTC
"UpdatedNZ_HeavyElec_NoInd,date=2025-3-10T01:25:51-06:00",MO,trn_freight_road,CO2,3.522206,3.5935177,2.96754777,2.34348874,1.524120427,1.07018598,0.66413379,0.228703202,MTC
"UpdatedNZ_HeavyElec_NoInd,date=2025-3-10T01:25:51-06:00",MO,trn_pass,CO2,0.29637146,0.27334528,0.27040899,0.26399985,0.23761383,0.23539132,0.21160754,0.1290996,MTC
"UpdatedNZ_HeavyElec_NoInd,date=2025-3-10T01:25:51-06:00",MO,trn_pass_road,CO2,0.13987072,0.17174817,0.1865621,0.132383754,0.091593374,0.059781335,0.041310911,0.031697165,MTC
"UpdatedNZ_HeavyElec_NoInd,date=2025-3-10T01:25:51-06:00",MO,trn_pass_road_LDV,CO2,0.0222301,0.0157534,0.00356711,0.00183127,0.00183683,0.00191915,0.0019732,0.00187908,MTC
"UpdatedNZ_HeavyElec_NoInd,date=2025-3-10T01:25:51-06:00",MO,trn_pass_road_LDV_4W,CO2,6.31628241,5.30770659,4.18668406,2.61020636,1.462062447,0.64015513,0.5155259,0.40031157,MTC
"UpdatedNZ_HeavyElec_NoInd,date=2025-3-10T01:25:51-06:00",MO,trn_shipping_intl,CO2,0,0,0,0,0,0,0,0,MTC
"UpdatedNZ_HeavyElec_NoInd,date=2025-3-10T01:25:51-06:00",MS,H2 central production,CO2,0,0,0.0067416,0.014295679,0.012424213,0.013995811,0.015678771,0.019023411,MTC
"UpdatedNZ_HeavyElec_NoInd,date=2025-3-10T01:25:51-06:00",MS,H2 wholesale dispensing,CO2,0,0,0.0223415,0.0584702,0.0894467,0.1211369,0.1466371,0.1431979,MTC
"UpdatedNZ_HeavyElec_NoInd,date=2025-3-10T01:25:51-06:00",MS,airCO2,CO2,0,0,-5.22E-05,-2.74E-04,-0.154633,-1.26901,-3.72651,-3.73739,MTC
"UpdatedNZ_HeavyElec_NoInd,date=2025-3-10T01:25:51-06:00",MS,base load generation,CO2,1.86521352,1.569204984,1.17516601,1.167774816,0.66386357,0.565680097,0.518454246,0.256032336,MTC
"UpdatedNZ_HeavyElec_NoInd,date=2025-3-10T01:25:51-06:00",MS,biomass liquids,CO2,0.0311145,0.0294088,0.0258197,0.02090711,0.155781839,0.205182964,0.347334171,0.489414204,MTC
"UpdatedNZ_HeavyElec_NoInd,date=2025-3-10T01:25:51-06:00",MS,cement,CO2,0.0851705,0.083931577,0.072571431,0.076455737,0.051723432,0.029813867,0.020119285,0.014951563,MTC
"UpdatedNZ_HeavyElec_NoInd,date=2025-3-10T01:25:51-06:00",MS,coal to liquids,CO2,0,0,0,0,1.80E-06,2.75E-06,9.62E-06,1.94E-05,MTC
"UpdatedNZ_HeavyElec_NoInd,date=2025-3-10T01:25:51-06:00",MS,comm cooking,CO2,0.0283995,0.0279127,0.025138642,0.023092848,0.018584352,0.015619425,0.012640971,0.011044704,MTC
"UpdatedNZ_HeavyElec_NoInd,date=2025-3-10T01:25:51-06:00",MS,comm cooling,CO2,5.95E-04,5.88E-04,5.64E-04,5.50E-04,5.19E-04,4.96E-04,4.62E-04,4.47E-04,MTC
"UpdatedNZ_HeavyElec_NoInd,date=2025-3-10T01:25:51-06:00",MS,comm heating,CO2,0.13274723,0.122096288,0.109600577,0.097418682,0.077124524,0.057947545,0.026110973,0.019487667,MTC
"UpdatedNZ_HeavyElec_NoInd,date=2025-3-10T01:25:51-06:00",MS,comm hot water,CO2,0.1099138,0.10859364,0.10121875,0.09665615,0.08042567,0.06667173,0.050289733,0.042814175,MTC
"UpdatedNZ_HeavyElec_NoInd,date=2025-3-10T01:25:51-06:00",MS,comm other,CO2,0.0976419,0.0917766,0.0981159,0.112862,0.1273944,0.1389601,0.1399327,0.1220436,MTC
"UpdatedNZ_HeavyElec_NoInd,date=2025-3-10T01:25:51-06:00",MS,gas to liquids,CO2,0,0,0,0,2.02E-05,3.41E-05,1.22E-04,3.74E-04,MTC
"UpdatedNZ_HeavyElec_NoInd,date=2025-3-10T01:25:51-06:00",MS,intermediate generation,CO2,4.197510871,4.088051924,3.59180913,3.165426874,2.250661086,1.90345273,1.635733639,0.971843318,MTC
"UpdatedNZ_HeavyElec_NoInd,date=2025-3-10T01:25:51-06:00",MS,oil refining,CO2,0.932765,0.864578,0.774313,0.654308,0.51753989,0.45164765,0.4036309,0.27375586,MTC
"UpdatedNZ_HeavyElec_NoInd,date=2025-3-10T01:25:51-06:00",MS,other industrial energy use,CO2,2.5893974,2.5457029,2.732406215,2.903388018,2.917875556,2.965466259,2.978217102,2.606227386,MTC
"UpdatedNZ_HeavyElec_NoInd,date=2025-3-10T01:25:51-06:00",MS,peak generation,CO2,0.067959169,0.058495714,0.038281559,0.031063899,0.017153784,0.01249598,0.008812332,0.003183651,MTC
"UpdatedNZ_HeavyElec_NoInd,date=2025-3-10T01:25:51-06:00",MS,process heat cement,CO2,0.069798893,0.069009641,0.059486395,0.064772614,0.059527146,0.057226741,0.057223904,0.055404505,MTC
"UpdatedNZ_HeavyElec_NoInd,date=2025-3-10T01:25:51-06:00",MS,process heat dac,CO2,0,0,1.03E-06,5.05E-06,0.00266278,0.020087,0.0534255,0.0539042,MTC
"UpdatedNZ_HeavyElec_NoInd,date=2025-3-10T01:25:51-06:00",MS,regional biomass,CO2,-1.08028,-1.06129,-1.18214,-1.31032,-2.1862,-2.66844,-3.8727,-6.88783,MTC
"UpdatedNZ_HeavyElec_NoInd,date=2025-3-10T01:25:51-06:00",MS,regional biomassOil,CO2,-0.25878,-0.245442,-0.214876,-0.173945,-0.194723,-0.141588,-0.12709,-0.172545,MTC
"UpdatedNZ_HeavyElec_NoInd,date=2025-3-10T01:25:51-06:00",MS,regional corn for ethanol,CO2,-0.0558616,-0.0525398,-0.0463145,-0.0375172,-0.0535307,-0.0492618,-0.0797401,-0.157778,MTC
"UpdatedNZ_HeavyElec_NoInd,date=2025-3-10T01:25:51-06:00",MS,resid clothes dryers,CO2,0.00525684,0.00526922,0.00506523,0.00512817,0.004620551,0.004609819,0.004615134,0.004291823,MTC
"UpdatedNZ_HeavyElec_NoInd,date=2025-3-10T01:25:51-06:00",MS,resid cooking,CO2,0.02476928,0.023828953,0.022454711,0.020714339,0.018000025,0.014673505,0.014109339,0.012576268,MTC
"UpdatedNZ_HeavyElec_NoInd,date=2025-3-10T01:25:51-06:00",MS,resid heating,CO2,0.23804894,0.212388661,0.194277333,0.169234333,0.136028823,0.101611312,0.071671739,0.048021968,MTC
"UpdatedNZ_HeavyElec_NoInd,date=2025-3-10T01:25:51-06:00",MS,resid hot water,CO2,0.1113471,0.098745491,0.092351937,0.086563075,0.065070804,0.062480501,0.059824263,0.051428169,MTC
"UpdatedNZ_HeavyElec_NoInd,date=2025-3-10T01:25:51-06:00",MS,resid other,CO2,0.03000562,0.02226259,0.02494542,0.0259665,0.02594503,0.0271906,0.02756921,0.02380593,MTC
"UpdatedNZ_HeavyElec_NoInd,date=2025-3-10T01:25:51-06:00",MS,subpeak generation,CO2,0.458675779,0.418394694,0.29805732,0.244658444,0.148031821,0.114888102,0.090602443,0.043638568,MTC
"UpdatedNZ_HeavyElec_NoInd,date=2025-3-10T01:25:51-06:00",MS,trn_aviation_intl,CO2,0.243144,0.221548,0.219372,0.216429,0.208644,0.22117,0.23151,0.228632,MTC
"UpdatedNZ_HeavyElec_NoInd,date=2025-3-10T01:25:51-06:00",MS,trn_freight,CO2,0.1972629,0.1971441,0.1688711,0.1487052,0.1158121,0.10437842,0.09583245,0.07053375,MTC
"UpdatedNZ_HeavyElec_NoInd,date=2025-3-10T01:25:51-06:00",MS,trn_freight_road,CO2,2.313069,2.325521,1.92846884,1.54817272,1.026335212,0.74454404,0.47886486,0.169387757,MTC
"UpdatedNZ_HeavyElec_NoInd,date=2025-3-10T01:25:51-06:00",MS,trn_pass,CO2,0.93561592,0.86442591,0.84328804,0.83398537,0.74878065,0.75220925,0.68700307,0.4268066,MTC
"UpdatedNZ_HeavyElec_NoInd,date=2025-3-10T01:25:51-06:00",MS,trn_pass_road,CO2,0.1052663,0.12880742,0.13963476,0.09932476,0.0697573,0.04660216,0.032968114,0.025241036,MTC
"UpdatedNZ_HeavyElec_NoInd,date=2025-3-10T01:25:51-06:00",MS,trn_pass_road_LDV,CO2,0.0122282,0.00818278,0.00208829,0.00108495,0.00110093,0.00116999,0.00121816,0.00117972,MTC
"UpdatedNZ_HeavyElec_NoInd,date=2025-3-10T01:25:51-06:00",MS,trn_pass_road_LDV_4W,CO2,3.47459489,2.92379937,2.31041151,1.453997027,0.824119614,0.37330827,0.30555637,0.24192709,MTC
"UpdatedNZ_HeavyElec_NoInd,date=2025-3-10T01:25:51-06:00",MS,trn_shipping_intl,CO2,0.184979,0.18421849,0.1644271,0.1587314,0.1451796,0.1435816,0.1345766,0.0758605,MTC
"UpdatedNZ_HeavyElec_NoInd,date=2025-3-10T01:25:51-06:00",MT,H2 central production,CO2,0,0,0.002834069,0.006088663,0.00543434,0.006161615,0.006639186,0.007449691,MTC
"UpdatedNZ_HeavyElec_NoInd,date=2025-3-10T01:25:51-06:00",MT,H2 wholesale dispensing,CO2,0,0,0.00859683,0.02174386,0.03168223,0.04080368,0.04552283,0.03811239,MTC
"UpdatedNZ_HeavyElec_NoInd,date=2025-3-10T01:25:51-06:00",MT,airCO2,CO2,0,0,-3.86E-05,-2.07E-04,-0.135856,-1.14859,-3.39381,-3.38463,MTC
"UpdatedNZ_HeavyElec_NoInd,date=2025-3-10T01:25:51-06:00",MT,base load generation,CO2,1.26293812,0.459834183,0.428876385,0.542162388,0.356002075,0.321195973,0.362485079,0.27229118,MTC
"UpdatedNZ_HeavyElec_NoInd,date=2025-3-10T01:25:51-06:00",MT,coal to liquids,CO2,0,0,0,0,4.50E-05,7.21E-05,2.43E-04,5.13E-04,MTC
"UpdatedNZ_HeavyElec_NoInd,date=2025-3-10T01:25:51-06:00",MT,comm cooking,CO2,0.02301467,0.022233666,0.019826285,0.019577622,0.016997817,0.015670056,0.014209457,0.013078207,MTC
"UpdatedNZ_HeavyElec_NoInd,date=2025-3-10T01:25:51-06:00",MT,comm cooling,CO2,1.53E-04,1.48E-04,1.39E-04,1.37E-04,1.29E-04,1.22E-04,1.11E-04,1.08E-04,MTC
"UpdatedNZ_HeavyElec_NoInd,date=2025-3-10T01:25:51-06:00",MT,comm heating,CO2,0.21494049,0.19496556,0.175115414,0.166684836,0.139357995,0.113189076,0.065780635,0.052458735,MTC
"UpdatedNZ_HeavyElec_NoInd,date=2025-3-10T01:25:51-06:00",MT,comm hot water,CO2,0.04258161,0.04107847,0.037394996,0.036292476,0.030786851,0.026161358,0.020344645,0.017753442,MTC
"UpdatedNZ_HeavyElec_NoInd,date=2025-3-10T01:25:51-06:00",MT,comm other,CO2,0.049297,0.0452842,0.0447999,0.052204,0.0581765,0.0645233,0.0668269,0.060244,MTC
"UpdatedNZ_HeavyElec_NoInd,date=2025-3-10T01:25:51-06:00",MT,gas to liquids,CO2,0,0,0,0,2.58E-05,4.37E-05,1.57E-04,4.79E-04,MTC
"UpdatedNZ_HeavyElec_NoInd,date=2025-3-10T01:25:51-06:00",MT,intermediate generation,CO2,3.727262537,2.384270797,1.97400497,1.658401246,1.148521183,1.043354658,0.997236036,0.575740801,MTC
"UpdatedNZ_HeavyElec_NoInd,date=2025-3-10T01:25:51-06:00",MT,oil refining,CO2,0.521731,0.483323,0.433127,0.366012,0.29055931,0.253649298,0.226291546,0.153593231,MTC
"UpdatedNZ_HeavyElec_NoInd,date=2025-3-10T01:25:51-06:00",MT,other industrial energy use,CO2,0.45668181,0.44328022,0.456152535,0.467167191,0.461007909,0.454825474,0.433819433,0.299384649,MTC
"UpdatedNZ_HeavyElec_NoInd,date=2025-3-10T01:25:51-06:00",MT,peak generation,CO2,0.001977119,0.001690671,0.001080073,8.27E-04,2.96E-04,1.67E-04,9.98E-05,2.54E-05,MTC
"UpdatedNZ_HeavyElec_NoInd,date=2025-3-10T01:25:51-06:00",MT,process heat dac,CO2,0,0,7.61E-07,3.78E-06,0.00229614,0.0174377,0.0452041,0.0455916,MTC
"UpdatedNZ_HeavyElec_NoInd,date=2025-3-10T01:25:51-06:00",MT,regional biomass,CO2,-0.268418,-0.254489,-0.265129,-0.280554,-0.336133,-0.373434,-0.43289,-0.482355,MTC
"UpdatedNZ_HeavyElec_NoInd,date=2025-3-10T01:25:51-06:00",MT,resid clothes dryers,CO2,9.41E-04,9.11E-04,8.49E-04,8.29E-04,7.07E-04,6.81E-04,6.67E-04,6.06E-04,MTC
"UpdatedNZ_HeavyElec_NoInd,date=2025-3-10T01:25:51-06:00",MT,resid cooking,CO2,0.0088606,0.008533496,0.008007097,0.007315802,0.006333508,0.005064161,0.004736833,0.004091674,MTC
"UpdatedNZ_HeavyElec_NoInd,date=2025-3-10T01:25:51-06:00",MT,resid heating,CO2,0.44636672,0.41069,0.384113208,0.351710404,0.292376477,0.225973328,0.164043298,0.110909189,MTC
"UpdatedNZ_HeavyElec_NoInd,date=2025-3-10T01:25:51-06:00",MT,resid hot water,CO2,0.08356335,0.07824033,0.073085198,0.068357648,0.051811714,0.047586477,0.043481203,0.035943164,MTC
"UpdatedNZ_HeavyElec_NoInd,date=2025-3-10T01:25:51-06:00",MT,resid other,CO2,0.0132253,0.01064159,0.01041643,0.01044707,0.01018147,0.01041532,0.01010167,0.00835213,MTC
"UpdatedNZ_HeavyElec_NoInd,date=2025-3-10T01:25:51-06:00",MT,subpeak generation,CO2,0.010437147,0.009270242,0.006709092,0.005352475,0.002423902,0.001549514,0.001281898,5.33E-04,MTC
"UpdatedNZ_HeavyElec_NoInd,date=2025-3-10T01:25:51-06:00",MT,trn_aviation_intl,CO2,0.0220893,0.0191524,0.0185936,0.0181942,0.0176809,0.0186961,0.0195429,0.0192487,MTC
"UpdatedNZ_HeavyElec_NoInd,date=2025-3-10T01:25:51-06:00",MT,trn_freight,CO2,0.0584421,0.0532242,0.0460423,0.03957612,0.03060345,0.0271517,0.0257289,0.021953,MTC
"UpdatedNZ_HeavyElec_NoInd,date=2025-3-10T01:25:51-06:00",MT,trn_freight_road,CO2,0.884999,0.85722482,0.67717047,0.519362353,0.321616369,0.213365879,0.124933784,0.042299288,MTC
"UpdatedNZ_HeavyElec_NoInd,date=2025-3-10T01:25:51-06:00",MT,trn_pass,CO2,0.08691022,0.07561746,0.07229328,0.07117761,0.06431471,0.06384102,0.05702178,0.03412038,MTC
"UpdatedNZ_HeavyElec_NoInd,date=2025-3-10T01:25:51-06:00",MT,trn_pass_road,CO2,0.03735821,0.04629586,0.0504175,0.036185368,0.02514326,0.0165242,0.011463618,0.008776368,MTC
"UpdatedNZ_HeavyElec_NoInd,date=2025-3-10T01:25:51-06:00",MT,trn_pass_road_LDV,CO2,0.00374159,0.00229092,5.10E-04,2.64E-04,2.67E-04,2.82E-04,2.93E-04,2.84E-04,MTC
"UpdatedNZ_HeavyElec_NoInd,date=2025-3-10T01:25:51-06:00",MT,trn_pass_road_LDV_4W,CO2,1.062885603,0.880392666,0.686408439,0.422756409,0.232068392,0.096716344,0.07874078,0.06111771,MTC
"UpdatedNZ_HeavyElec_NoInd,date=2025-3-10T01:25:51-06:00",MT,trn_shipping_intl,CO2,0,0,0,0,0,0,0,0,MTC
"UpdatedNZ_HeavyElec_NoInd,date=2025-3-10T01:25:51-06:00",NC,H2 central production,CO2,0,0,0.012068535,0.027685258,0.023457045,0.028714455,0.033948909,0.045206388,MTC
"UpdatedNZ_HeavyElec_NoInd,date=2025-3-10T01:25:51-06:00",NC,H2 wholesale dispensing,CO2,0,0,0.0337587,0.0864302,0.1302738,0.1731444,0.2024285,0.1832247,MTC
"UpdatedNZ_HeavyElec_NoInd,date=2025-3-10T01:25:51-06:00",NC,N fertilizer,CO2,0.255535,0.2720212,0.30472512,0.293699772,0.224579282,0.146501795,0.101038213,0.067837396,MTC
"UpdatedNZ_HeavyElec_NoInd,date=2025-3-10T01:25:51-06:00",NC,airCO2,CO2,0,0,-1.18E-04,-6.20E-04,-0.350612,-2.87734,-8.44942,-8.47409,MTC
"UpdatedNZ_HeavyElec_NoInd,date=2025-3-10T01:25:51-06:00",NC,base load generation,CO2,9.697139432,4.503832235,4.069170961,4.127876939,2.799848435,2.46088897,2.303965741,1.183644969,MTC
"UpdatedNZ_HeavyElec_NoInd,date=2025-3-10T01:25:51-06:00",NC,biomass liquids,CO2,0.00173759,0.00164802,0.00144279,0.00116796,0.018381507,0.025248111,0.044027529,0.062604303,MTC
"UpdatedNZ_HeavyElec_NoInd,date=2025-3-10T01:25:51-06:00",NC,cement,CO2,0.229391,0.206686,0.194542,0.20224128,0.1363773,0.07706308,0.050926007,0.037661035,MTC
"UpdatedNZ_HeavyElec_NoInd,date=2025-3-10T01:25:51-06:00",NC,comm cooking,CO2,0.0615648,0.06046544,0.05443741,0.04901305,0.03878638,0.031761234,0.024800789,0.021268221,MTC
"UpdatedNZ_HeavyElec_NoInd,date=2025-3-10T01:25:51-06:00",NC,comm cooling,CO2,0.00250488,0.002475129,0.002370494,0.002277358,0.002122951,0.001999211,0.001829875,0.001752001,MTC
"UpdatedNZ_HeavyElec_NoInd,date=2025-3-10T01:25:51-06:00",NC,comm heating,CO2,0.6434449,0.57641504,0.5154955,0.44719639,0.34724257,0.25320961,0.096058346,0.068409128,MTC
"UpdatedNZ_HeavyElec_NoInd,date=2025-3-10T01:25:51-06:00",NC,comm hot water,CO2,0.1588126,0.15307839,0.14035768,0.12606305,0.09876632,0.075557686,0.049208501,0.040563177,MTC
"UpdatedNZ_HeavyElec_NoInd,date=2025-3-10T01:25:51-06:00",NC,comm other,CO2,0.365855,0.344142,0.36408,0.404829,0.444542,0.4750934,0.4719419,0.4065274,MTC
"UpdatedNZ_HeavyElec_NoInd,date=2025-3-10T01:25:51-06:00",NC,intermediate generation,CO2,4.791564824,4.231595608,3.673985779,3.33375205,2.556292634,2.303368349,2.11949768,1.422008874,MTC
"UpdatedNZ_HeavyElec_NoInd,date=2025-3-10T01:25:51-06:00",NC,oil refining,CO2,0,0,0,0,0,0,0,0,MTC
"UpdatedNZ_HeavyElec_NoInd,date=2025-3-10T01:25:51-06:00",NC,other industrial energy use,CO2,3.5514987,3.560130579,3.804591358,3.991199368,4.008568153,4.043113412,4.021224752,3.333662206,MTC
"UpdatedNZ_HeavyElec_NoInd,date=2025-3-10T01:25:51-06:00",NC,peak generation,CO2,0.055477268,0.047753297,0.031331485,0.02539933,0.014010791,0.010204925,0.007196404,0.002600483,MTC
"UpdatedNZ_HeavyElec_NoInd,date=2025-3-10T01:25:51-06:00",NC,process heat cement,CO2,0.18798997,0.1694413,0.1595051,0.16860022,0.154740036,0.145065258,0.142473335,0.136674615,MTC
"UpdatedNZ_HeavyElec_NoInd,date=2025-3-10T01:25:51-06:00",NC,process heat dac,CO2,0,0,2.34E-06,1.15E-05,0.00603754,0.0455451,0.121137,0.122222,MTC
"UpdatedNZ_HeavyElec_NoInd,date=2025-3-10T01:25:51-06:00",NC,regional biomass,CO2,-2.29346,-1.9575,-2.25013,-2.3998,-2.67374,-2.96284,-3.27848,-3.58856,MTC
"UpdatedNZ_HeavyElec_NoInd,date=2025-3-10T01:25:51-06:00",NC,regional biomassOil,CO2,-0.0246456,-0.0233753,-0.0204643,-0.0165661,-0.0187314,-0.0138925,-0.0140245,-0.0211679,MTC
"UpdatedNZ_HeavyElec_NoInd,date=2025-3-10T01:25:51-06:00",NC,regional corn for ethanol,CO2,0,0,0,0,-0.00158812,-0.00265327,-0.00809324,-0.0190103,MTC
"UpdatedNZ_HeavyElec_NoInd,date=2025-3-10T01:25:51-06:00",NC,resid clothes dryers,CO2,0.0077319,0.0077883,0.00747064,0.00736884,0.006490725,0.006332347,0.006222041,0.00568268,MTC
"UpdatedNZ_HeavyElec_NoInd,date=2025-3-10T01:25:51-06:00",NC,resid cooking,CO2,0.0454684,0.043574638,0.040864031,0.036705911,0.03129129,0.024635473,0.023213433,0.020148677,MTC
"UpdatedNZ_HeavyElec_NoInd,date=2025-3-10T01:25:51-06:00",NC,resid heating,CO2,1.0157677,0.90755783,0.83231858,0.72535155,0.58315162,0.43457714,0.304344036,0.201370426,MTC
"UpdatedNZ_HeavyElec_NoInd,date=2025-3-10T01:25:51-06:00",NC,resid hot water,CO2,0.27858243,0.24739875,0.23137685,0.214035135,0.159052223,0.15105635,0.143053239,0.12167393,MTC
"UpdatedNZ_HeavyElec_NoInd,date=2025-3-10T01:25:51-06:00",NC,resid other,CO2,0.0601597,0.0452695,0.0509259,0.0514736,0.0514725,0.0530903,0.0523571,0.0436078,MTC
"UpdatedNZ_HeavyElec_NoInd,date=2025-3-10T01:25:51-06:00",NC,subpeak generation,CO2,0.374438672,0.342542081,0.244897792,0.201522103,0.122765879,0.095926164,0.076685501,0.038329608,MTC
"UpdatedNZ_HeavyElec_NoInd,date=2025-3-10T01:25:51-06:00",NC,trn_aviation_intl,CO2,0.0836707,0.0763654,0.0754999,0.0726583,0.0693948,0.0722727,0.074462,0.0725696,MTC
"UpdatedNZ_HeavyElec_NoInd,date=2025-3-10T01:25:51-06:00",NC,trn_freight,CO2,0.230712755,0.22352155,0.201059492,0.170415072,0.129205071,0.113424857,0.107343301,0.090971166,MTC
"UpdatedNZ_HeavyElec_NoInd,date=2025-3-10T01:25:51-06:00",NC,trn_freight_road,CO2,3.480968,3.5642167,2.93287532,2.31059342,1.504495006,1.06555344,0.67143923,0.233439151,MTC
"UpdatedNZ_HeavyElec_NoInd,date=2025-3-10T01:25:51-06:00",NC,trn_pass,CO2,0.32952782,0.30497837,0.29843665,0.28795931,0.25696154,0.25265472,0.22606157,0.13870312,MTC
"UpdatedNZ_HeavyElec_NoInd,date=2025-3-10T01:25:51-06:00",NC,trn_pass_road,CO2,0.1369095,0.16880293,0.18474837,0.131985975,0.091914617,0.060264598,0.042049178,0.03255932,MTC
"UpdatedNZ_HeavyElec_NoInd,date=2025-3-10T01:25:51-06:00",NC,trn_pass_road_LDV,CO2,0.0318321,0.0230442,0.00513123,0.00258338,0.00256747,0.00264884,0.0026823,0.0025182,MTC
"UpdatedNZ_HeavyElec_NoInd,date=2025-3-10T01:25:51-06:00",NC,trn_pass_road_LDV_4W,CO2,9.04437347,7.62766374,6.02096652,3.75561,2.107743399,0.92728334,0.7464592,0.5828991,MTC
"UpdatedNZ_HeavyElec_NoInd,date=2025-3-10T01:25:51-06:00",NC,trn_shipping_intl,CO2,0.00349832,0.003505053,0.003132577,0.002992268,0.00272218,0.002668461,0.002478236,0.001378373,MTC
"UpdatedNZ_HeavyElec_NoInd,date=2025-3-10T01:25:51-06:00",ND,H2 central production,CO2,0,0,0.003931054,0.008146615,0.007121789,0.007823611,0.00831721,0.008764138,MTC
"UpdatedNZ_HeavyElec_NoInd,date=2025-3-10T01:25:51-06:00",ND,H2 wholesale dispensing,CO2,0,0,0.0126394,0.03250899,0.04863487,0.06397967,0.0733087,0.063712,MTC
"UpdatedNZ_HeavyElec_NoInd,date=2025-3-10T01:25:51-06:00",ND,airCO2,CO2,0,0,-5.62E-05,-2.95E-04,-0.176651,-1.49561,-4.50888,-4.5321,MTC
"UpdatedNZ_HeavyElec_NoInd,date=2025-3-10T01:25:51-06:00",ND,base load generation,CO2,4.822994573,2.413314664,1.137922934,0.834922789,0.434656204,0.322709531,0.254378988,0.159400325,MTC
"UpdatedNZ_HeavyElec_NoInd,date=2025-3-10T01:25:51-06:00",ND,biomass liquids,CO2,0.1905755,0.1793172,0.1580217,0.12800062,0.201256039,0.183170247,0.207966404,0.25545682,MTC
"UpdatedNZ_HeavyElec_NoInd,date=2025-3-10T01:25:51-06:00",ND,coal to liquids,CO2,0,0,0,0,3.51E-05,5.73E-05,1.90E-04,4.14E-04,MTC
"UpdatedNZ_HeavyElec_NoInd,date=2025-3-10T01:25:51-06:00",ND,comm cooking,CO2,0.00473287,0.004494308,0.003987371,0.003325907,0.00242066,0.001755169,0.001112,8.98E-04,MTC
"UpdatedNZ_HeavyElec_NoInd,date=2025-3-10T01:25:51-06:00",ND,comm cooling,CO2,4.26E-05,4.11E-05,3.91E-05,3.70E-05,3.38E-05,3.10E-05,2.71E-05,2.55E-05,MTC
"UpdatedNZ_HeavyElec_NoInd,date=2025-3-10T01:25:51-06:00",ND,comm heating,CO2,0.1984357,0.173220898,0.152846151,0.130037555,0.099420965,0.071353951,0.023828182,0.017228792,MTC
"UpdatedNZ_HeavyElec_NoInd,date=2025-3-10T01:25:51-06:00",ND,comm hot water,CO2,0.02564983,0.024536599,0.022584472,0.020236458,0.01573957,0.011633435,0.006832483,0.005319104,MTC
"UpdatedNZ_HeavyElec_NoInd,date=2025-3-10T01:25:51-06:00",ND,comm other,CO2,0.0361628,0.03338525,0.03551008,0.04266326,0.04982483,0.0544356,0.0537104,0.04547981,MTC
"UpdatedNZ_HeavyElec_NoInd,date=2025-3-10T01:25:51-06:00",ND,gas to liquids,CO2,0,0,0,0,4.35E-04,7.35E-04,0.002632492,0.008061133,MTC
"UpdatedNZ_HeavyElec_NoInd,date=2025-3-10T01:25:51-06:00",ND,intermediate generation,CO2,3.76269784,2.344170354,1.729303513,1.383193297,1.069833755,1.088600955,1.256845043,0.990307304,MTC
"UpdatedNZ_HeavyElec_NoInd,date=2025-3-10T01:25:51-06:00",ND,oil refining,CO2,0.239249,0.221717,0.198628,0.167845,0.133051174,0.116168791,0.103721132,0.070382479,MTC
"UpdatedNZ_HeavyElec_NoInd,date=2025-3-10T01:25:51-06:00",ND,other industrial energy use,CO2,2.9157099,2.6954407,2.7569137,2.929018497,2.857045538,2.824701758,2.721045796,1.647396225,MTC
"UpdatedNZ_HeavyElec_NoInd,date=2025-3-10T01:25:51-06:00",ND,peak generation,CO2,0.010744808,0.009219896,0.006470498,0.005212163,0.002883986,0.002023984,0.001569036,6.33E-04,MTC
"UpdatedNZ_HeavyElec_NoInd,date=2025-3-10T01:25:51-06:00",ND,process heat dac,CO2,0,0,1.11E-06,5.43E-06,0.00302311,0.0232936,0.0624361,0.0629738,MTC
"UpdatedNZ_HeavyElec_NoInd,date=2025-3-10T01:25:51-06:00",ND,regional biomass,CO2,-0.0564672,-0.0568581,-0.0647421,-0.0771449,-0.491756,-0.69738,-1.20438,-2.54967,MTC
"UpdatedNZ_HeavyElec_NoInd,date=2025-3-10T01:25:51-06:00",ND,regional biomassOil,CO2,-0.209488,-0.19869,-0.173947,-0.140812,-0.161958,-0.122979,-0.132542,-0.207664,MTC
"UpdatedNZ_HeavyElec_NoInd,date=2025-3-10T01:25:51-06:00",ND,regional corn for ethanol,CO2,-0.763087,-0.717526,-0.632664,-0.512495,-0.578491,-0.415244,-0.288065,-0.260427,MTC
"UpdatedNZ_HeavyElec_NoInd,date=2025-3-10T01:25:51-06:00",ND,resid clothes dryers,CO2,2.54E-04,2.42E-04,2.28E-04,2.20E-04,1.86E-04,1.79E-04,1.74E-04,1.56E-04,MTC
"UpdatedNZ_HeavyElec_NoInd,date=2025-3-10T01:25:51-06:00",ND,resid cooking,CO2,0.001791924,0.00166468,0.001521492,0.001307419,0.001055219,7.52E-04,6.85E-04,5.73E-04,MTC
"UpdatedNZ_HeavyElec_NoInd,date=2025-3-10T01:25:51-06:00",ND,resid heating,CO2,0.20156105,0.180365065,0.165100452,0.143368538,0.11482622,0.084897304,0.058620794,0.038119682,MTC
"UpdatedNZ_HeavyElec_NoInd,date=2025-3-10T01:25:51-06:00",ND,resid hot water,CO2,0.031004029,0.027291406,0.024988683,0.022391949,0.015449732,0.014096592,0.01276203,0.010426188,MTC
"UpdatedNZ_HeavyElec_NoInd,date=2025-3-10T01:25:51-06:00",ND,resid other,CO2,0.0025075,0.001809542,0.001903327,0.001904705,0.001865399,0.001882644,0.001795009,0.001462241,MTC
"UpdatedNZ_HeavyElec_NoInd,date=2025-3-10T01:25:51-06:00",ND,subpeak generation,CO2,0.012489705,0.013008775,0.011419044,0.009913915,0.00636927,0.005686818,0.009079433,0.005176785,MTC
"UpdatedNZ_HeavyElec_NoInd,date=2025-3-10T01:25:51-06:00",ND,trn_aviation_intl,CO2,0.0257966,0.0220739,0.0218241,0.0209921,0.0201576,0.0210547,0.0218199,0.0214838,MTC
"UpdatedNZ_HeavyElec_NoInd,date=2025-3-10T01:25:51-06:00",ND,trn_freight,CO2,0.0899455,0.0809397,0.0728888,0.06239073,0.0477625,0.0423243,0.0403403,0.0344259,MTC
"UpdatedNZ_HeavyElec_NoInd,date=2025-3-10T01:25:51-06:00",ND,trn_freight_road,CO2,1.36207,1.3042291,1.06939011,0.837582947,0.536562572,0.373307731,0.226238915,0.075972503,MTC
"UpdatedNZ_HeavyElec_NoInd,date=2025-3-10T01:25:51-06:00",ND,trn_pass,CO2,0.10240777,0.08861228,0.08714369,0.08443168,0.07571525,0.0739726,0.06500376,0.03833811,MTC
"UpdatedNZ_HeavyElec_NoInd,date=2025-3-10T01:25:51-06:00",ND,trn_pass_road,CO2,0.0636814,0.08069839,0.08856341,0.06558279,0.04620266,0.030822594,0.021392826,0.016602157,MTC
"UpdatedNZ_HeavyElec_NoInd,date=2025-3-10T01:25:51-06:00",ND,trn_pass_road_LDV,CO2,0.00325353,0.00196962,3.68E-04,1.95E-04,1.94E-04,2.00E-04,2.03E-04,1.92E-04,MTC
"UpdatedNZ_HeavyElec_NoInd,date=2025-3-10T01:25:51-06:00",ND,trn_pass_road_LDV_4W,CO2,0.924576451,0.743562845,0.575669235,0.350287354,0.189347922,0.075293084,0.0633891,0.048833629,MTC
"UpdatedNZ_HeavyElec_NoInd,date=2025-3-10T01:25:51-06:00",NE,H2 central production,CO2,0,0,0.005800192,0.013060886,0.011790873,0.013820145,0.015441176,0.018192342,MTC
"UpdatedNZ_HeavyElec_NoInd,date=2025-3-10T01:25:51-06:00",NE,H2 wholesale dispensing,CO2,0,0,0.0181263,0.0463876,0.0693849,0.0912777,0.1045066,0.0907456,MTC
"UpdatedNZ_HeavyElec_NoInd,date=2025-3-10T01:25:51-06:00",NE,airCO2,CO2,0,0,-4.51E-05,-2.37E-04,-0.141872,-1.20117,-3.62129,-3.63995,MTC
"UpdatedNZ_HeavyElec_NoInd,date=2025-3-10T01:25:51-06:00",NE,base load generation,CO2,3.806011815,2.744314887,1.853065295,1.732849208,0.921412553,0.66374397,0.48999785,0.288143091,MTC
"UpdatedNZ_HeavyElec_NoInd,date=2025-3-10T01:25:51-06:00",NE,biomass liquids,CO2,0.770785,0.724765,0.639047,0.517665,0.706737672,0.596535722,0.606017519,0.848007436,MTC
"UpdatedNZ_HeavyElec_NoInd,date=2025-3-10T01:25:51-06:00",NE,cement,CO2,0.0622805,0.0599898,0.0505034,0.053506662,0.035647277,0.019663591,0.012805747,0.009652715,MTC
"UpdatedNZ_HeavyElec_NoInd,date=2025-3-10T01:25:51-06:00",NE,comm cooking,CO2,0.01531628,0.014866272,0.013247455,0.011619427,0.008948081,0.007027837,0.00511525,0.004287104,MTC
"UpdatedNZ_HeavyElec_NoInd,date=2025-3-10T01:25:51-06:00",NE,comm cooling,CO2,3.28E-04,3.21E-04,3.04E-04,2.87E-04,2.63E-04,2.41E-04,2.11E-04,1.99E-04,MTC
"UpdatedNZ_HeavyElec_NoInd,date=2025-3-10T01:25:51-06:00",NE,comm heating,CO2,0.33146682,0.30448099,0.27093363,0.24188997,0.192942673,0.147993996,0.07255428,0.056184819,MTC
"UpdatedNZ_HeavyElec_NoInd,date=2025-3-10T01:25:51-06:00",NE,comm hot water,CO2,0.06601315,0.0642893,0.05864436,0.05398655,0.043419299,0.034848588,0.024819659,0.020933282,MTC
"UpdatedNZ_HeavyElec_NoInd,date=2025-3-10T01:25:51-06:00",NE,comm other,CO2,0.0642745,0.0592974,0.0621571,0.072958,0.0829361,0.0898341,0.0890688,0.076701,MTC
"UpdatedNZ_HeavyElec_NoInd,date=2025-3-10T01:25:51-06:00",NE,gas to liquids,CO2,0,0,0,0,4.38E-07,7.41E-07,2.65E-06,8.13E-06,MTC
"UpdatedNZ_HeavyElec_NoInd,date=2025-3-10T01:25:51-06:00",NE,intermediate generation,CO2,2.96336878,1.974305504,1.571705496,1.384290189,0.962527182,0.984682189,1.139112096,0.907079704,MTC
"UpdatedNZ_HeavyElec_NoInd,date=2025-3-10T01:25:51-06:00",NE,other industrial energy use,CO2,1.07840842,1.06528689,1.08404561,1.105969939,1.090490137,1.077713526,1.035567945,0.703788809,MTC
"UpdatedNZ_HeavyElec_NoInd,date=2025-3-10T01:25:51-06:00",NE,peak generation,CO2,0.005990057,0.005145171,0.003808002,0.003132035,0.001731016,0.001235367,9.83E-04,4.22E-04,MTC
"UpdatedNZ_HeavyElec_NoInd,date=2025-3-10T01:25:51-06:00",NE,process heat cement,CO2,0.051040118,0.049446084,0.041417739,0.044626096,0.040933349,0.039062999,0.039082806,0.037933715,MTC
"UpdatedNZ_HeavyElec_NoInd,date=2025-3-10T01:25:51-06:00",NE,process heat dac,CO2,0,0,8.91E-07,4.36E-06,0.0024279,0.0187077,0.050144,0.0505759,MTC
"UpdatedNZ_HeavyElec_NoInd,date=2025-3-10T01:25:51-06:00",NE,regional biomass,CO2,-0.0835953,-0.0741095,-0.0913131,-0.103382,-1.66809,-2.47527,-4.55081,-10.6193,MTC
"UpdatedNZ_HeavyElec_NoInd,date=2025-3-10T01:25:51-06:00",NE,regional biomassOil,CO2,0,0,0,0,-1.41E-04,-6.20E-04,-0.00917252,-0.0205965,MTC
"UpdatedNZ_HeavyElec_NoInd,date=2025-3-10T01:25:51-06:00",NE,regional corn for ethanol,CO2,-3.3456,-3.14585,-2.77379,-2.24693,-2.47688,-1.73535,-1.12415,-0.776447,MTC
"UpdatedNZ_HeavyElec_NoInd,date=2025-3-10T01:25:51-06:00",NE,resid clothes dryers,CO2,0.00113884,0.001120472,0.001049049,0.00101194,8.62E-04,8.30E-04,8.08E-04,7.28E-04,MTC
"UpdatedNZ_HeavyElec_NoInd,date=2025-3-10T01:25:51-06:00",NE,resid cooking,CO2,0.00584625,0.005482262,0.004967738,0.004260085,0.003410816,0.002399774,0.002191621,0.001853082,MTC
"UpdatedNZ_HeavyElec_NoInd,date=2025-3-10T01:25:51-06:00",NE,resid heating,CO2,0.47877512,0.43580329,0.401063646,0.35386678,0.287758763,0.217588788,0.155408122,0.105123415,MTC
"UpdatedNZ_HeavyElec_NoInd,date=2025-3-10T01:25:51-06:00",NE,resid hot water,CO2,0.116178918,0.106528452,0.099017961,0.091577703,0.067947249,0.062897051,0.058267178,0.048986039,MTC
"UpdatedNZ_HeavyElec_NoInd,date=2025-3-10T01:25:51-06:00",NE,resid other,CO2,0.00735252,0.00527984,0.00551608,0.0055951,0.00542342,0.0054994,0.00533848,0.00444563,MTC
"UpdatedNZ_HeavyElec_NoInd,date=2025-3-10T01:25:51-06:00",NE,subpeak generation,CO2,0.007110603,0.007006893,0.006239445,0.007342121,0.007497831,0.008958573,0.020194887,0.015646584,MTC
"UpdatedNZ_HeavyElec_NoInd,date=2025-3-10T01:25:51-06:00",NE,trn_aviation_intl,CO2,0.0264872,0.023523,0.0229634,0.0220895,0.0212518,0.0222644,0.0231296,0.0227457,MTC
"UpdatedNZ_HeavyElec_NoInd,date=2025-3-10T01:25:51-06:00",NE,trn_freight,CO2,0.126611,0.119264,0.10530658,0.0895964,0.0686329,0.0608139,0.0579496,0.0494338,MTC
"UpdatedNZ_HeavyElec_NoInd,date=2025-3-10T01:25:51-06:00",NE,trn_freight_road,CO2,1.917295,1.9148057,1.54704816,1.20697852,0.774259563,0.536418984,0.32493245,0.109104057,MTC
"UpdatedNZ_HeavyElec_NoInd,date=2025-3-10T01:25:51-06:00",NE,trn_pass,CO2,0.10661174,0.0959723,0.09292451,0.08998751,0.08100386,0.07971751,0.07089532,0.04289848,MTC
"UpdatedNZ_HeavyElec_NoInd,date=2025-3-10T01:25:51-06:00",NE,trn_pass_road,CO2,0.0790628,0.09782605,0.10725324,0.07764125,0.054289191,0.035655703,0.024569645,0.018918672,MTC
"UpdatedNZ_HeavyElec_NoInd,date=2025-3-10T01:25:51-06:00",NE,trn_pass_road_LDV,CO2,0.00610334,0.00408583,8.09E-04,4.19E-04,4.18E-04,4.34E-04,4.44E-04,4.22E-04,MTC
"UpdatedNZ_HeavyElec_NoInd,date=2025-3-10T01:25:51-06:00",NE,trn_pass_road_LDV_4W,CO2,1.73411251,1.426435975,1.112058102,0.683575132,0.375082078,0.155471177,0.12745176,0.09853268,MTC
"UpdatedNZ_HeavyElec_NoInd,date=2025-3-10T01:25:51-06:00",NE,trn_shipping_intl,CO2,0,0,0,0,0,0,0,0,MTC
"UpdatedNZ_HeavyElec_NoInd,date=2025-3-10T01:25:51-06:00",NH,H2 central production,CO2,0,0,0.00148587,0.003640165,0.003089862,0.003593431,0.004024792,0.004582264,MTC
"UpdatedNZ_HeavyElec_NoInd,date=2025-3-10T01:25:51-06:00",NH,H2 wholesale dispensing,CO2,0,0,0.00282028,0.00744627,0.01154966,0.01576971,0.01899697,0.01751186,MTC
"UpdatedNZ_HeavyElec_NoInd,date=2025-3-10T01:25:51-06:00",NH,airCO2,CO2,0,0,-5.17E-07,-2.88E-06,-0.00160513,-0.014631,-0.0496301,-0.00333213,MTC
"UpdatedNZ_HeavyElec_NoInd,date=2025-3-10T01:25:51-06:00",NH,base load generation,CO2,0.7869454,0.24224159,0.41869587,0.523538371,0.363393631,0.330067263,0.3027163,0.188135737,MTC
"UpdatedNZ_HeavyElec_NoInd,date=2025-3-10T01:25:51-06:00",NH,biomass liquids,CO2,6.95E-04,6.59E-04,5.77E-04,4.67E-04,0.006668475,0.009076575,0.015600846,0.020553125,MTC
"UpdatedNZ_HeavyElec_NoInd,date=2025-3-10T01:25:51-06:00",NH,comm cooking,CO2,0.00334798,0.003330518,0.003054914,0.002746538,0.002220753,0.001843776,0.001455773,0.001257024,MTC
"UpdatedNZ_HeavyElec_NoInd,date=2025-3-10T01:25:51-06:00",NH,comm cooling,CO2,0.00154784,0.001560421,0.001510455,0.001458686,0.001372561,0.001299705,0.001191787,0.001136478,MTC
"UpdatedNZ_HeavyElec_NoInd,date=2025-3-10T01:25:51-06:00",NH,comm heating,CO2,0.2514548,0.25036699,0.24048047,0.22909795,0.1954095,0.15658743,0.091037011,0.066193305,MTC
"UpdatedNZ_HeavyElec_NoInd,date=2025-3-10T01:25:51-06:00",NH,comm hot water,CO2,0.01310529,0.013124182,0.01247099,0.011532396,0.009432537,0.007355151,0.004913229,0.003939996,MTC
"UpdatedNZ_HeavyElec_NoInd,date=2025-3-10T01:25:51-06:00",NH,comm other,CO2,0.0774631,0.0760996,0.0765709,0.0787258,0.0793714,0.0805407,0.0792488,0.0695788,MTC
"UpdatedNZ_HeavyElec_NoInd,date=2025-3-10T01:25:51-06:00",NH,intermediate generation,CO2,0.71025614,0.512599802,0.559107207,0.555262485,0.376660575,0.319878308,0.272552619,0.18355774,MTC
"UpdatedNZ_HeavyElec_NoInd,date=2025-3-10T01:25:51-06:00",NH,other industrial energy use,CO2,0.21311501,0.218708026,0.233776808,0.246768875,0.253454311,0.258277928,0.258517773,0.224876111,MTC
"UpdatedNZ_HeavyElec_NoInd,date=2025-3-10T01:25:51-06:00",NH,peak generation,CO2,0.006288244,0.005139126,0.003546233,0.003165717,0.001748839,0.001252431,8.70E-04,3.34E-04,MTC
"UpdatedNZ_HeavyElec_NoInd,date=2025-3-10T01:25:51-06:00",NH,process heat dac,CO2,0,0,1.02E-08,5.27E-08,2.74E-05,2.25E-04,6.64E-04,3.13E-05,MTC
"UpdatedNZ_HeavyElec_NoInd,date=2025-3-10T01:25:51-06:00",NH,regional biomass,CO2,-0.992108,-0.596656,-0.808304,-0.847925,-0.73036,-0.754464,-0.785925,-0.934978,MTC
"UpdatedNZ_HeavyElec_NoInd,date=2025-3-10T01:25:51-06:00",NH,regional biomassOil,CO2,-0.00985825,-0.00935006,-0.00818571,-0.00662643,-0.00748094,-0.00553004,-0.00548129,-0.00818909,MTC
"UpdatedNZ_HeavyElec_NoInd,date=2025-3-10T01:25:51-06:00",NH,regional corn for ethanol,CO2,0,0,0,0,-5.40E-04,-9.01E-04,-0.0027587,-0.00652089,MTC
"UpdatedNZ_HeavyElec_NoInd,date=2025-3-10T01:25:51-06:00",NH,resid clothes dryers,CO2,5.69E-04,5.87E-04,5.69E-04,5.67E-04,5.09E-04,5.03E-04,5.01E-04,4.61E-04,MTC
"UpdatedNZ_HeavyElec_NoInd,date=2025-3-10T01:25:51-06:00",NH,resid cooking,CO2,0.00598656,0.005943867,0.005715644,0.005290324,0.004748121,0.004029279,0.003837853,0.003345122,MTC
"UpdatedNZ_HeavyElec_NoInd,date=2025-3-10T01:25:51-06:00",NH,resid heating,CO2,0.68221225,0.67303438,0.66007525,0.6391499,0.571724764,0.482099654,0.381884551,0.275796932,MTC
"UpdatedNZ_HeavyElec_NoInd,date=2025-3-10T01:25:51-06:00",NH,resid hot water,CO2,0.06712321,0.063981302,0.060644297,0.055118358,0.040520345,0.035722941,0.030353849,0.02276723,MTC
"UpdatedNZ_HeavyElec_NoInd,date=2025-3-10T01:25:51-06:00",NH,resid other,CO2,0.00911188,0.00767208,0.00808276,0.00809296,0.00851907,0.00874703,0.00842528,0.00686926,MTC
"UpdatedNZ_HeavyElec_NoInd,date=2025-3-10T01:25:51-06:00",NH,subpeak generation,CO2,0.037141415,0.029435682,0.02342516,0.021118319,0.012557357,0.009657159,0.007764734,0.003851123,MTC
"UpdatedNZ_HeavyElec_NoInd,date=2025-3-10T01:25:51-06:00",NH,trn_aviation_intl,CO2,0.00808464,0.00744894,0.00742257,0.00724586,0.00701825,0.0074319,0.0077792,0.00773455,MTC
"UpdatedNZ_HeavyElec_NoInd,date=2025-3-10T01:25:51-06:00",NH,trn_freight,CO2,0.0212119,0.0208818,0.018982155,0.01644908,0.01271128,0.01146664,0.01116423,0.00973537,MTC
"UpdatedNZ_HeavyElec_NoInd,date=2025-3-10T01:25:51-06:00",NH,trn_freight_road,CO2,0.32122,0.33417491,0.277733384,0.223643353,0.151028715,0.111304202,0.072762688,0.026274672,MTC
"UpdatedNZ_HeavyElec_NoInd,date=2025-3-10T01:25:51-06:00",NH,trn_pass,CO2,0.031804919,0.029774421,0.029420687,0.028905171,0.026315793,0.026347932,0.023877894,0.014726906,MTC
"UpdatedNZ_HeavyElec_NoInd,date=2025-3-10T01:25:51-06:00",NH,trn_pass_road,CO2,0.012433519,0.015415887,0.01687684,0.012010869,0.008271494,0.005315158,0.003618283,0.002748986,MTC
"UpdatedNZ_HeavyElec_NoInd,date=2025-3-10T01:25:51-06:00",NH,trn_pass_road_LDV,CO2,0.00501169,0.00383941,8.06E-04,4.17E-04,4.24E-04,4.48E-04,4.62E-04,4.40E-04,MTC
"UpdatedNZ_HeavyElec_NoInd,date=2025-3-10T01:25:51-06:00",NH,trn_pass_road_LDV_4W,CO2,1.424128707,1.204158395,0.952466477,0.594438045,0.334672407,0.14859525,0.11920774,0.09263283,MTC
"UpdatedNZ_HeavyElec_NoInd,date=2025-3-10T01:25:51-06:00",NH,trn_shipping_intl,CO2,0,0,0,0,0,0,0,0,MTC
"UpdatedNZ_HeavyElec_NoInd,date=2025-3-10T01:25:51-06:00",NJ,H2 central production,CO2,0,0,0.009485427,0.020386652,0.017795583,0.021573672,0.027202165,0.045997839,MTC
"UpdatedNZ_HeavyElec_NoInd,date=2025-3-10T01:25:51-06:00",NJ,H2 wholesale dispensing,CO2,0,0,0.0281175,0.0729651,0.1147961,0.1606952,0.2108435,0.2536567,MTC
"UpdatedNZ_HeavyElec_NoInd,date=2025-3-10T01:25:51-06:00",NJ,airCO2,CO2,0,0,-2.59E-05,-1.37E-04,-0.0789143,-0.666486,-2.0547,-1.97881,MTC
"UpdatedNZ_HeavyElec_NoInd,date=2025-3-10T01:25:51-06:00",NJ,base load generation,CO2,1.176605885,1.67072775,1.905325883,2.081419345,1.403913924,1.296579869,1.254086795,0.792809012,MTC
"UpdatedNZ_HeavyElec_NoInd,date=2025-3-10T01:25:51-06:00",NJ,cement,CO2,0.190383,0.171319,0.163353,0.17063498,0.11668235,0.06780873,0.046216531,0.034616974,MTC
"UpdatedNZ_HeavyElec_NoInd,date=2025-3-10T01:25:51-06:00",NJ,comm cooking,CO2,0.1068398,0.10875928,0.10082703,0.09814037,0.08499016,0.0780629,0.07100323,0.06470653,MTC
"UpdatedNZ_HeavyElec_NoInd,date=2025-3-10T01:25:51-06:00",NJ,comm cooling,CO2,0.085765,0.0866975,0.08390368,0.08227269,0.07855484,0.07560276,0.07123546,0.06932473,MTC
"UpdatedNZ_HeavyElec_NoInd,date=2025-3-10T01:25:51-06:00",NJ,comm heating,CO2,1.3379354,1.2959524,1.1950578,1.1321716,0.9579866,0.79504871,0.5205763,0.4276506,MTC
"UpdatedNZ_HeavyElec_NoInd,date=2025-3-10T01:25:51-06:00",NJ,comm hot water,CO2,0.364623,0.36909172,0.34870307,0.34319811,0.30051141,0.274587615,0.244720869,0.223807352,MTC
"UpdatedNZ_HeavyElec_NoInd,date=2025-3-10T01:25:51-06:00",NJ,comm other,CO2,0.723272,0.698674,0.711821,0.72528,0.6846805,0.6803521,0.6848804,0.6279033,MTC
"UpdatedNZ_HeavyElec_NoInd,date=2025-3-10T01:25:51-06:00",NJ,intermediate generation,CO2,3.34335809,3.042052416,2.818526586,2.527622737,1.817065662,1.502386505,1.260909223,0.77439748,MTC
"UpdatedNZ_HeavyElec_NoInd,date=2025-3-10T01:25:51-06:00",NJ,oil refining,CO2,1.20952,1.11984,1.0031,0.847598,0.66433454,0.58015151,0.52112083,0.35406731,MTC
"UpdatedNZ_HeavyElec_NoInd,date=2025-3-10T01:25:51-06:00",NJ,other industrial energy use,CO2,0.8891333,0.899445877,0.956839846,1.002490386,1.0321015,1.058179271,1.060309641,0.951898692,MTC
"UpdatedNZ_HeavyElec_NoInd,date=2025-3-10T01:25:51-06:00",NJ,peak generation,CO2,0.063961014,0.055005551,0.038864431,0.033657973,0.020008283,0.014729793,0.0106734,0.004669434,MTC
"UpdatedNZ_HeavyElec_NoInd,date=2025-3-10T01:25:51-06:00",NJ,process heat cement,CO2,0.1560225,0.1404516,0.13393734,0.142587631,0.132787332,0.126489833,0.126285144,0.122880324,MTC
"UpdatedNZ_HeavyElec_NoInd,date=2025-3-10T01:25:51-06:00",NJ,process heat dac,CO2,0,0,5.13E-07,2.53E-06,0.00135861,0.0105389,0.0292978,0.0296045,MTC
"UpdatedNZ_HeavyElec_NoInd,date=2025-3-10T01:25:51-06:00",NJ,regional biomass,CO2,-0.49764,-0.264175,-0.408388,-0.438307,-0.500175,-0.652709,-0.771029,-0.962401,MTC
"UpdatedNZ_HeavyElec_NoInd,date=2025-3-10T01:25:51-06:00",NJ,resid clothes dryers,CO2,0.0250531,0.0255743,0.02489226,0.02513998,0.02306683,0.0230511,0.02320424,0.0218664,MTC
"UpdatedNZ_HeavyElec_NoInd,date=2025-3-10T01:25:51-06:00",NJ,resid cooking,CO2,0.11348338,0.112664263,0.109432861,0.105061976,0.096428015,0.085365184,0.083995393,0.077783866,MTC
"UpdatedNZ_HeavyElec_NoInd,date=2025-3-10T01:25:51-06:00",NJ,resid heating,CO2,2.6185349,2.46806008,2.31262961,2.11164712,1.79527526,1.45191184,1.14361732,0.864316888,MTC
"UpdatedNZ_HeavyElec_NoInd,date=2025-3-10T01:25:51-06:00",NJ,resid hot water,CO2,0.87015456,0.84708115,0.8341454,0.82437977,0.712583524,0.692778928,0.676222165,0.61193664,MTC
"UpdatedNZ_HeavyElec_NoInd,date=2025-3-10T01:25:51-06:00",NJ,resid other,CO2,0.1349089,0.106355,0.1175422,0.1222943,0.122488,0.1281939,0.1305926,0.1167617,MTC
"UpdatedNZ_HeavyElec_NoInd,date=2025-3-10T01:25:51-06:00",NJ,subpeak generation,CO2,0.42603911,0.3864852,0.30232863,0.26815417,0.18273113,0.15013708,0.128477403,0.078578979,MTC
"UpdatedNZ_HeavyElec_NoInd,date=2025-3-10T01:25:51-06:00",NJ,trn_aviation_intl,CO2,0.901954,0.821634,0.813614,0.785367,0.757345,0.793325,0.823917,0.814976,MTC
"UpdatedNZ_HeavyElec_NoInd,date=2025-3-10T01:25:51-06:00",NJ,trn_freight,CO2,0.518895,0.5597708,0.45574493,0.4162989,0.3418307,0.3158679,0.2699946,0.1340215,MTC
"UpdatedNZ_HeavyElec_NoInd,date=2025-3-10T01:25:51-06:00",NJ,trn_freight_road,CO2,2.754223,2.7542237,2.36148466,1.90251555,1.302633428,0.95910921,0.63572578,0.240428854,MTC
"UpdatedNZ_HeavyElec_NoInd,date=2025-3-10T01:25:51-06:00",NJ,trn_pass,CO2,3.45425949,3.19774954,3.14017301,3.04631667,2.74843707,2.71404481,2.43205479,1.48328169,MTC
"UpdatedNZ_HeavyElec_NoInd,date=2025-3-10T01:25:51-06:00",NJ,trn_pass_road,CO2,0.11075292,0.13852464,0.15274437,0.110378859,0.076589494,0.049677903,0.034076246,0.026185935,MTC
"UpdatedNZ_HeavyElec_NoInd,date=2025-3-10T01:25:51-06:00",NJ,trn_pass_road_LDV,CO2,0.0287192,0.021548,0.00428897,0.00219934,0.00220732,0.002294,0.00234232,0.002219,MTC
"UpdatedNZ_HeavyElec_NoInd,date=2025-3-10T01:25:51-06:00",NJ,trn_pass_road_LDV_4W,CO2,8.15972936,6.85105803,5.39913622,3.35471843,1.876501471,0.82045929,0.6635485,0.51894518,MTC
"UpdatedNZ_HeavyElec_NoInd,date=2025-3-10T01:25:51-06:00",NJ,trn_shipping_intl,CO2,1.40047,1.4050965,1.263527,1.215941,1.117278,1.10325,1.031638,0.587381,MTC
"UpdatedNZ_HeavyElec_NoInd,date=2025-3-10T01:25:51-06:00",NM,H2 central production,CO2,0,0,0.005422422,0.011218456,0.010071565,0.011328438,0.011986932,0.01234679,MTC
"UpdatedNZ_HeavyElec_NoInd,date=2025-3-10T01:25:51-06:00",NM,H2 wholesale dispensing,CO2,0,0,0.0184556,0.0472857,0.0697786,0.0906197,0.1017189,0.0852333,MTC
"UpdatedNZ_HeavyElec_NoInd,date=2025-3-10T01:25:51-06:00",NM,airCO2,CO2,0,0,-8.18E-05,-4.47E-04,-0.277206,-2.31033,-6.65128,-6.64393,MTC
"UpdatedNZ_HeavyElec_NoInd,date=2025-3-10T01:25:51-06:00",NM,base load generation,CO2,4.474659836,2.049407568,0.951817448,0.749385529,0.359773131,0.270718983,0.239437586,0.16717543,MTC
"UpdatedNZ_HeavyElec_NoInd,date=2025-3-10T01:25:51-06:00",NM,biomass liquids,CO2,0,0,0,0,0,0,0,0,MTC
"UpdatedNZ_HeavyElec_NoInd,date=2025-3-10T01:25:51-06:00",NM,cement,CO2,0.0551821,0.0542702,0.0470539,0.049497499,0.033438676,0.019249983,0.013002903,0.009672589,MTC
"UpdatedNZ_HeavyElec_NoInd,date=2025-3-10T01:25:51-06:00",NM,coal to liquids,CO2,0,0,0,0,2.42E-05,3.96E-05,1.32E-04,2.91E-04,MTC
"UpdatedNZ_HeavyElec_NoInd,date=2025-3-10T01:25:51-06:00",NM,comm cooking,CO2,0.040175,0.04137164,0.03861202,0.03877296,0.03410751,0.03149594,0.028328562,0.025409599,MTC
"UpdatedNZ_HeavyElec_NoInd,date=2025-3-10T01:25:51-06:00",NM,comm cooling,CO2,5.21E-04,5.30E-04,5.21E-04,5.24E-04,5.04E-04,4.83E-04,4.43E-04,4.21E-04,MTC
"UpdatedNZ_HeavyElec_NoInd,date=2025-3-10T01:25:51-06:00",NM,comm heating,CO2,0.22007248,0.21005682,0.1943418,0.185681454,0.155145038,0.125178155,0.07340036,0.056773448,MTC
"UpdatedNZ_HeavyElec_NoInd,date=2025-3-10T01:25:51-06:00",NM,comm hot water,CO2,0.0764674,0.07784705,0.07421348,0.07335158,0.06305287,0.053562797,0.041557975,0.035171627,MTC
"UpdatedNZ_HeavyElec_NoInd,date=2025-3-10T01:25:51-06:00",NM,comm other,CO2,0.0908368,0.088905,0.0934809,0.1071535,0.1179197,0.1281844,0.1303743,0.1157346,MTC
"UpdatedNZ_HeavyElec_NoInd,date=2025-3-10T01:25:51-06:00",NM,gas to liquids,CO2,0,0,0,0,7.61E-04,0.001286707,0.00460952,0.014115098,MTC
"UpdatedNZ_HeavyElec_NoInd,date=2025-3-10T01:25:51-06:00",NM,intermediate generation,CO2,2.44345325,1.790014512,1.438781005,1.227682691,0.793539021,0.652972127,0.580726891,0.298138914,MTC
"UpdatedNZ_HeavyElec_NoInd,date=2025-3-10T01:25:51-06:00",NM,oil refining,CO2,0.326743,0.302873,0.27133,0.229301,0.18246646,0.159302567,0.14191838,0.096231948,MTC
"UpdatedNZ_HeavyElec_NoInd,date=2025-3-10T01:25:51-06:00",NM,other industrial energy use,CO2,1.388531289,1.364552221,1.404379061,1.455535522,1.459912159,1.467888069,1.453410525,1.253033626,MTC
"UpdatedNZ_HeavyElec_NoInd,date=2025-3-10T01:25:51-06:00",NM,peak generation,CO2,0.02587076,0.022180328,0.013629761,0.010817155,0.003962662,0.00223608,0.00132657,3.32E-04,MTC
"UpdatedNZ_HeavyElec_NoInd,date=2025-3-10T01:25:51-06:00",NM,process heat cement,CO2,0.0452228,0.044687574,0.038560796,0.042068566,0.039111044,0.037737129,0.037883899,0.036805605,MTC
"UpdatedNZ_HeavyElec_NoInd,date=2025-3-10T01:25:51-06:00",NM,process heat dac,CO2,0,0,1.62E-06,8.20E-06,0.00471529,0.0354816,0.0901406,0.0908677,MTC
"UpdatedNZ_HeavyElec_NoInd,date=2025-3-10T01:25:51-06:00",NM,regional biomass,CO2,-0.204452,-0.191013,-0.201382,-0.215573,-0.243153,-0.256388,-0.268677,-0.295158,MTC
"UpdatedNZ_HeavyElec_NoInd,date=2025-3-10T01:25:51-06:00",NM,regional corn for ethanol,CO2,0,0,0,0,0,0,0,0,MTC
"UpdatedNZ_HeavyElec_NoInd,date=2025-3-10T01:25:51-06:00",NM,resid clothes dryers,CO2,0.00233448,0.002374959,0.002313497,0.002326054,0.00206134,0.001991213,0.00193437,0.0017455,MTC
"UpdatedNZ_HeavyElec_NoInd,date=2025-3-10T01:25:51-06:00",NM,resid cooking,CO2,0.01352983,0.013249,0.012665457,0.011710485,0.010173121,0.00813017,0.007532484,0.006450224,MTC
"UpdatedNZ_HeavyElec_NoInd,date=2025-3-10T01:25:51-06:00",NM,resid heating,CO2,0.47870124,0.45090806,0.429664239,0.402228338,0.341583233,0.27139276,0.203931944,0.142959632,MTC
"UpdatedNZ_HeavyElec_NoInd,date=2025-3-10T01:25:51-06:00",NM,resid hot water,CO2,0.16401382,0.160842461,0.15851608,0.156491482,0.133208919,0.127517015,0.121466274,0.106023891,MTC
"UpdatedNZ_HeavyElec_NoInd,date=2025-3-10T01:25:51-06:00",NM,resid other,CO2,0.01781488,0.01430623,0.01527157,0.0154027,0.01501412,0.01520612,0.01474459,0.01226029,MTC
"UpdatedNZ_HeavyElec_NoInd,date=2025-3-10T01:25:51-06:00",NM,subpeak generation,CO2,0.04975615,0.044644838,0.030624273,0.026633646,0.012858253,0.009366698,0.01187802,0.004375115,MTC
"UpdatedNZ_HeavyElec_NoInd,date=2025-3-10T01:25:51-06:00",NM,trn_aviation_intl,CO2,0.0296517,0.0269617,0.0268964,0.0263983,0.025591,0.0270018,0.0281644,0.0277348,MTC
"UpdatedNZ_HeavyElec_NoInd,date=2025-3-10T01:25:51-06:00",NM,trn_freight,CO2,0.121667,0.117007,0.10556713,0.0915027,0.0707114,0.0628667,0.0597092,0.0508328,MTC
"UpdatedNZ_HeavyElec_NoInd,date=2025-3-10T01:25:51-06:00",NM,trn_freight_road,CO2,1.842416,1.8756109,1.5380804,1.20959909,0.770645456,0.522292008,0.305515255,0.099209109,MTC
"UpdatedNZ_HeavyElec_NoInd,date=2025-3-10T01:25:51-06:00",NM,trn_pass,CO2,0.11849107,0.10929404,0.10810483,0.10684216,0.09654589,0.09552086,0.08485673,0.05042557,MTC
"UpdatedNZ_HeavyElec_NoInd,date=2025-3-10T01:25:51-06:00",NM,trn_pass_road,CO2,0.07739149,0.09412507,0.10169855,0.07179455,0.049672115,0.032484426,0.022427112,0.017187909,MTC
"UpdatedNZ_HeavyElec_NoInd,date=2025-3-10T01:25:51-06:00",NM,trn_pass_road_LDV,CO2,0.00679914,0.00463294,0.00106012,5.57E-04,5.64E-04,5.93E-04,6.12E-04,5.87E-04,MTC
"UpdatedNZ_HeavyElec_NoInd,date=2025-3-10T01:25:51-06:00",NM,trn_pass_road_LDV_4W,CO2,1.93185482,1.61022757,1.263571794,0.783921047,0.43463658,0.18494629,0.1489464,0.11465808,MTC
"UpdatedNZ_HeavyElec_NoInd,date=2025-3-10T01:25:51-06:00",NV,H2 central production,CO2,0,0,0.003611842,0.008235565,0.007491472,0.008801692,0.009820934,0.01136051,MTC
"UpdatedNZ_HeavyElec_NoInd,date=2025-3-10T01:25:51-06:00",NV,H2 wholesale dispensing,CO2,0,0,0.0100576,0.02536192,0.03695847,0.0478477,0.05421864,0.04706821,MTC
"UpdatedNZ_HeavyElec_NoInd,date=2025-3-10T01:25:51-06:00",NV,airCO2,CO2,0,0,-1.67E-05,-8.91E-05,-0.0584223,-0.493441,-1.45727,-1.45319,MTC
"UpdatedNZ_HeavyElec_NoInd,date=2025-3-10T01:25:51-06:00",NV,base load generation,CO2,0.645110154,0.434186419,0.312950776,0.276165472,0.071916552,0.05293555,0.052593744,0.037315401,MTC
"UpdatedNZ_HeavyElec_NoInd,date=2025-3-10T01:25:51-06:00",NV,biomass liquids,CO2,1.74E-04,1.65E-04,1.44E-04,1.17E-04,0.001862569,0.002559861,0.00446285,0.006350452,MTC
"UpdatedNZ_HeavyElec_NoInd,date=2025-3-10T01:25:51-06:00",NV,cement,CO2,0.148795,0.145718,0.125601,0.132610139,0.089919631,0.051758038,0.034975508,0.026169346,MTC
"UpdatedNZ_HeavyElec_NoInd,date=2025-3-10T01:25:51-06:00",NV,comm cooking,CO2,0.0541688,0.05628209,0.05227164,0.05336103,0.04801072,0.04562298,0.042690847,0.03930871,MTC
"UpdatedNZ_HeavyElec_NoInd,date=2025-3-10T01:25:51-06:00",NV,comm cooling,CO2,0.00146685,0.001493817,0.001446849,0.00143857,0.001369452,0.001299856,0.001184224,0.00112959,MTC
"UpdatedNZ_HeavyElec_NoInd,date=2025-3-10T01:25:51-06:00",NV,comm heating,CO2,0.21529195,0.20784607,0.18883957,0.179039808,0.15017365,0.122818293,0.076068133,0.061757507,MTC
"UpdatedNZ_HeavyElec_NoInd,date=2025-3-10T01:25:51-06:00",NV,comm hot water,CO2,0.1086987,0.1122358,0.10685165,0.10782588,0.09547406,0.083889264,0.068624565,0.059437619,MTC
"UpdatedNZ_HeavyElec_NoInd,date=2025-3-10T01:25:51-06:00",NV,comm other,CO2,0.1349947,0.1346543,0.1351374,0.1476375,0.1522802,0.1610763,0.1642447,0.1481465,MTC
"UpdatedNZ_HeavyElec_NoInd,date=2025-3-10T01:25:51-06:00",NV,intermediate generation,CO2,2.78289567,2.227273419,1.889250321,1.624467459,0.794103755,0.542429542,0.40633161,0.169925014,MTC
"UpdatedNZ_HeavyElec_NoInd,date=2025-3-10T01:25:51-06:00",NV,oil refining,CO2,0.00513209,0.00475428,0.00426052,0.00360034,0.002858134,0.002495059,0.002225944,0.001510847,MTC
"UpdatedNZ_HeavyElec_NoInd,date=2025-3-10T01:25:51-06:00",NV,other industrial energy use,CO2,0.41465721,0.420698536,0.426257595,0.432668302,0.420437673,0.410044896,0.390098741,0.263701354,MTC
"UpdatedNZ_HeavyElec_NoInd,date=2025-3-10T01:25:51-06:00",NV,peak generation,CO2,0.064414631,0.055198123,0.03530245,0.027013748,0.009680416,0.005428624,0.003252814,8.51E-04,MTC
"UpdatedNZ_HeavyElec_NoInd,date=2025-3-10T01:25:51-06:00",NV,process heat cement,CO2,0.12194044,0.120099317,0.102948542,0.112138862,0.10403637,0.100202164,0.100517921,0.097798801,MTC
"UpdatedNZ_HeavyElec_NoInd,date=2025-3-10T01:25:51-06:00",NV,process heat dac,CO2,0,0,3.28E-07,1.63E-06,9.87E-04,0.0074888,0.0193921,0.0195551,MTC
"UpdatedNZ_HeavyElec_NoInd,date=2025-3-10T01:25:51-06:00",NV,regional biomass,CO2,-0.0524564,-0.0452043,-0.0492458,-0.053122,-0.0740615,-0.086229,-0.111247,-0.16305,MTC
"UpdatedNZ_HeavyElec_NoInd,date=2025-3-10T01:25:51-06:00",NV,regional biomassOil,CO2,-0.00246456,-0.00233753,-0.00204643,-0.00165661,-0.0018736,-0.00139014,-0.00140522,-0.00212258,MTC
"UpdatedNZ_HeavyElec_NoInd,date=2025-3-10T01:25:51-06:00",NV,regional corn for ethanol,CO2,0,0,0,0,-1.59E-04,-2.66E-04,-8.14E-04,-0.00191319,MTC
"UpdatedNZ_HeavyElec_NoInd,date=2025-3-10T01:25:51-06:00",NV,resid clothes dryers,CO2,0.00301466,0.003061028,0.002928466,0.002896452,0.002513364,0.002410011,0.002351636,0.002133729,MTC
"UpdatedNZ_HeavyElec_NoInd,date=2025-3-10T01:25:51-06:00",NV,resid cooking,CO2,0.01470558,0.014199573,0.013134524,0.011686177,0.009631001,0.007124391,0.006550339,0.005620452,MTC
"UpdatedNZ_HeavyElec_NoInd,date=2025-3-10T01:25:51-06:00",NV,resid heating,CO2,0.341352361,0.315201996,0.291922287,0.260986437,0.21422515,0.164103163,0.119640586,0.082937072,MTC
"UpdatedNZ_HeavyElec_NoInd,date=2025-3-10T01:25:51-06:00",NV,resid hot water,CO2,0.197687182,0.191180078,0.182803819,0.176618941,0.14269984,0.135431344,0.129572646,0.113422198,MTC
"UpdatedNZ_HeavyElec_NoInd,date=2025-3-10T01:25:51-06:00",NV,resid other,CO2,0.01809468,0.01413146,0.01411729,0.01455945,0.01378398,0.01412313,0.01401193,0.01183221,MTC
"UpdatedNZ_HeavyElec_NoInd,date=2025-3-10T01:25:51-06:00",NV,subpeak generation,CO2,0.34036672,0.302954727,0.216977876,0.169982194,0.072050941,0.043977471,0.033098502,0.011921416,MTC
"UpdatedNZ_HeavyElec_NoInd,date=2025-3-10T01:25:51-06:00",NV,trn_aviation_intl,CO2,0.123974,0.112238,0.110934,0.108546,0.105343,0.111098,0.115823,0.114028,MTC
"UpdatedNZ_HeavyElec_NoInd,date=2025-3-10T01:25:51-06:00",NV,trn_freight,CO2,0.0627695,0.0601989,0.05325094,0.04604643,0.0356139,0.0316097,0.0299541,0.0255373,MTC
"UpdatedNZ_HeavyElec_NoInd,date=2025-3-10T01:25:51-06:00",NV,trn_freight_road,CO2,0.95052,0.96557503,0.77602892,0.599594097,0.374249177,0.248507146,0.145531254,0.049271449,MTC
"UpdatedNZ_HeavyElec_NoInd,date=2025-3-10T01:25:51-06:00",NV,trn_pass,CO2,0.47640333,0.43635053,0.4258838,0.4196412,0.37758903,0.37190755,0.32707855,0.18779703,MTC
"UpdatedNZ_HeavyElec_NoInd,date=2025-3-10T01:25:51-06:00",NV,trn_pass_road,CO2,0.04080078,0.05068355,0.05526242,0.039496603,0.027285681,0.017772932,0.012266412,0.00941531,MTC
"UpdatedNZ_HeavyElec_NoInd,date=2025-3-10T01:25:51-06:00",NV,trn_pass_road_LDV,CO2,0.00794568,0.00557001,0.00120576,6.22E-04,6.27E-04,6.59E-04,6.79E-04,6.50E-04,MTC
"UpdatedNZ_HeavyElec_NoInd,date=2025-3-10T01:25:51-06:00",NV,trn_pass_road_LDV_4W,CO2,2.25754139,1.89995627,1.490264441,0.921614575,0.508856674,0.21486565,0.17044241,0.13101165,MTC
"UpdatedNZ_HeavyElec_NoInd,date=2025-3-10T01:25:51-06:00",NV,trn_shipping_intl,CO2,0,0,0,0,0,0,0,0,MTC
"UpdatedNZ_HeavyElec_NoInd,date=2025-3-10T01:25:51-06:00",NY,H2 central production,CO2,0,0,0.016383916,0.035857321,0.031626328,0.03779685,0.04499362,0.066710613,MTC
"UpdatedNZ_HeavyElec_NoInd,date=2025-3-10T01:25:51-06:00",NY,H2 wholesale dispensing,CO2,0,0,0.0384511,0.0991494,0.1537273,0.2107854,0.2645919,0.2872812,MTC
"UpdatedNZ_HeavyElec_NoInd,date=2025-3-10T01:25:51-06:00",NY,airCO2,CO2,0,0,-4.23E-05,-2.39E-04,-0.132699,-1.20147,-3.98307,-3.96853,MTC
"UpdatedNZ_HeavyElec_NoInd,date=2025-3-10T01:25:51-06:00",NY,base load generation,CO2,2.316110973,0.799780991,1.06642186,0.93875192,0.58864062,0.607503412,0.532732735,0.408574187,MTC
"UpdatedNZ_HeavyElec_NoInd,date=2025-3-10T01:25:51-06:00",NY,biomass liquids,CO2,0.0681812,0.0639219,0.0564887,0.0457742,0.06370261,0.054538314,0.056705628,0.079835248,MTC
"UpdatedNZ_HeavyElec_NoInd,date=2025-3-10T01:25:51-06:00",NY,cement,CO2,0.290393,0.270316,0.263357,0.27214474,0.18984586,0.11506301,0.08094261,0.059784558,MTC
"UpdatedNZ_HeavyElec_NoInd,date=2025-3-10T01:25:51-06:00",NY,comm cooking,CO2,0.1832213,0.1907491,0.17994974,0.17311917,0.15056612,0.13650343,0.12114078,0.10894535,MTC
"UpdatedNZ_HeavyElec_NoInd,date=2025-3-10T01:25:51-06:00",NY,comm cooling,CO2,0.118392,0.1224175,0.1196952,0.1158452,0.1094158,0.1036264,0.09507817,0.09075311,MTC
"UpdatedNZ_HeavyElec_NoInd,date=2025-3-10T01:25:51-06:00",NY,comm heating,CO2,3.017045,3.0129845,2.8463437,2.7067563,2.3150527,1.9184403,1.25736268,1.01011383,MTC
"UpdatedNZ_HeavyElec_NoInd,date=2025-3-10T01:25:51-06:00",NY,comm hot water,CO2,0.6573817,0.6805829,0.653866,0.6384145,0.56561338,0.51256574,0.44771192,0.40447539,MTC
"UpdatedNZ_HeavyElec_NoInd,date=2025-3-10T01:25:51-06:00",NY,comm other,CO2,1.464675,1.461451,1.450199,1.434411,1.312046,1.248573,1.225734,1.092521,MTC
"UpdatedNZ_HeavyElec_NoInd,date=2025-3-10T01:25:51-06:00",NY,gas to liquids,CO2,0,0,0,0,6.13E-06,1.04E-05,3.72E-05,1.14E-04,MTC
"UpdatedNZ_HeavyElec_NoInd,date=2025-3-10T01:25:51-06:00",NY,intermediate generation,CO2,5.42267804,4.474230161,4.862647829,4.863837759,3.323054368,2.878379258,2.584425413,1.708949446,MTC
"UpdatedNZ_HeavyElec_NoInd,date=2025-3-10T01:25:51-06:00",NY,oil refining,CO2,0,0,0,0,0,0,0,0,MTC
"UpdatedNZ_HeavyElec_NoInd,date=2025-3-10T01:25:51-06:00",NY,other industrial energy use,CO2,2.1582635,2.211929598,2.310670675,2.397430299,2.419885282,2.43314381,2.395631035,1.870029982,MTC
"UpdatedNZ_HeavyElec_NoInd,date=2025-3-10T01:25:51-06:00",NY,peak generation,CO2,0.07744401,0.065809685,0.048101638,0.042435008,0.021966431,0.015502521,0.010763774,0.004133999,MTC
"UpdatedNZ_HeavyElec_NoInd,date=2025-3-10T01:25:51-06:00",NY,process heat cement,CO2,0.23798229,0.22161359,0.21593337,0.227759935,0.212189107,0.202619262,0.202307568,0.196244867,MTC
"UpdatedNZ_HeavyElec_NoInd,date=2025-3-10T01:25:51-06:00",NY,process heat dac,CO2,0,0,8.31E-07,4.35E-06,0.00225011,0.0183047,0.052618,0.0533175,MTC
"UpdatedNZ_HeavyElec_NoInd,date=2025-3-10T01:25:51-06:00",NY,regional biomass,CO2,-2.10528,-1.58642,-1.95607,-2.11627,-2.05543,-2.27146,-2.46623,-3.01162,MTC
"UpdatedNZ_HeavyElec_NoInd,date=2025-3-10T01:25:51-06:00",NY,regional biomassOil,CO2,0,0,0,0,-1.62E-05,-6.85E-05,-9.60E-04,-0.00217769,MTC
"UpdatedNZ_HeavyElec_NoInd,date=2025-3-10T01:25:51-06:00",NY,regional corn for ethanol,CO2,-0.295941,-0.277454,-0.24519,-0.198683,-0.218575,-0.153075,-0.0982785,-0.0669172,MTC
"UpdatedNZ_HeavyElec_NoInd,date=2025-3-10T01:25:51-06:00",NY,resid clothes dryers,CO2,0.0433924,0.0457489,0.0450504,0.04500303,0.04085516,0.04029526,0.04031812,0.03761607,MTC
"UpdatedNZ_HeavyElec_NoInd,date=2025-3-10T01:25:51-06:00",NY,resid cooking,CO2,0.1950978,0.19649761,0.18992815,0.17829829,0.160681942,0.137731458,0.133637265,0.121269309,MTC
"UpdatedNZ_HeavyElec_NoInd,date=2025-3-10T01:25:51-06:00",NY,resid heating,CO2,6.5384324,6.5042264,6.3098816,6.0137042,5.3630898,4.5707267,3.7751144,2.94251738,MTC
"UpdatedNZ_HeavyElec_NoInd,date=2025-3-10T01:25:51-06:00",NY,resid hot water,CO2,1.6720308,1.6923967,1.6788016,1.64983875,1.45994493,1.4232505,1.38269035,1.24041851,MTC
"UpdatedNZ_HeavyElec_NoInd,date=2025-3-10T01:25:51-06:00",NY,resid other,CO2,0.2310738,0.1893503,0.1946419,0.199683,0.2053714,0.2120541,0.2127685,0.1851044,MTC
"UpdatedNZ_HeavyElec_NoInd,date=2025-3-10T01:25:51-06:00",NY,subpeak generation,CO2,0.5439593,0.4632297,0.384427469,0.346622093,0.192335908,0.147978089,0.115767009,0.057748046,MTC
"UpdatedNZ_HeavyElec_NoInd,date=2025-3-10T01:25:51-06:00",NY,trn_aviation_intl,CO2,0.726071,0.669073,0.667317,0.642517,0.618893,0.646121,0.66891,0.660287,MTC
"UpdatedNZ_HeavyElec_NoInd,date=2025-3-10T01:25:51-06:00",NY,trn_freight,CO2,0.703991,0.7749951,0.63859077,0.5835827,0.4771682,0.4346904,0.3565456,0.1673057,MTC
"UpdatedNZ_HeavyElec_NoInd,date=2025-3-10T01:25:51-06:00",NY,trn_freight_road,CO2,3.893801,3.9843603,3.42211136,2.72658343,1.836234338,1.31036655,0.8209396,0.283648038,MTC
"UpdatedNZ_HeavyElec_NoInd,date=2025-3-10T01:25:51-06:00",NY,trn_pass,CO2,2.7854,2.6233514,2.6005851,2.5218103,2.2662998,2.2087205,1.927418,1.10192343,MTC
"UpdatedNZ_HeavyElec_NoInd,date=2025-3-10T01:25:51-06:00",NY,trn_pass_road,CO2,0.1760158,0.2235251,0.24646783,0.18043718,0.12597943,0.08272775,0.05722365,0.0442357,MTC
"UpdatedNZ_HeavyElec_NoInd,date=2025-3-10T01:25:51-06:00",NY,trn_pass_road_LDV,CO2,0.0378135,0.0297823,0.00544147,0.0028027,0.00280776,0.00288914,0.00292103,0.00273754,MTC
"UpdatedNZ_HeavyElec_NoInd,date=2025-3-10T01:25:51-06:00",NY,trn_pass_road_LDV_4W,CO2,10.74396635,9.00190791,7.06028631,4.34553202,2.397000978,1.00826864,0.8054632,0.6197952,MTC
"UpdatedNZ_HeavyElec_NoInd,date=2025-3-10T01:25:51-06:00",NY,trn_shipping_intl,CO2,1.85691,1.8851582,1.70932,1.648877,1.514794,1.491949,1.377009,0.71172,MTC
"UpdatedNZ_HeavyElec_NoInd,date=2025-3-10T01:25:51-06:00",OH,H2 central production,CO2,0,0,0.017021397,0.035307014,0.031230105,0.035567519,0.038982313,0.043443629,MTC
"UpdatedNZ_HeavyElec_NoInd,date=2025-3-10T01:25:51-06:00",OH,H2 wholesale dispensing,CO2,0,0,0.0559207,0.1435929,0.216334,0.2881075,0.3380401,0.3067971,MTC
"UpdatedNZ_HeavyElec_NoInd,date=2025-3-10T01:25:51-06:00",OH,N fertilizer,CO2,0.31607,0.3404566,0.39353872,0.38117724,0.29594635,0.19766936,0.13751858,0.091792313,MTC
"UpdatedNZ_HeavyElec_NoInd,date=2025-3-10T01:25:51-06:00",OH,airCO2,CO2,0,0,-2.32E-04,-0.00119362,-0.700082,-5.89505,-17.7385,-17.7865,MTC
"UpdatedNZ_HeavyElec_NoInd,date=2025-3-10T01:25:51-06:00",OH,base load generation,CO2,14.27856265,8.27789854,5.666320677,5.349147564,3.238502499,2.678760193,2.363238491,1.287084019,MTC
"UpdatedNZ_HeavyElec_NoInd,date=2025-3-10T01:25:51-06:00",OH,biomass liquids,CO2,0.2267826,0.2132024,0.18800189,0.15229993,0.231646047,0.207993225,0.232756018,0.287819893,MTC
"UpdatedNZ_HeavyElec_NoInd,date=2025-3-10T01:25:51-06:00",OH,cement,CO2,0.266867,0.26901676,0.23242598,0.24263642,0.16411747,0.09367832,0.06183593,0.045527412,MTC
"UpdatedNZ_HeavyElec_NoInd,date=2025-3-10T01:25:51-06:00",OH,coal to liquids,CO2,0,0,0,0,1.81E-05,2.92E-05,9.86E-05,2.13E-04,MTC
"UpdatedNZ_HeavyElec_NoInd,date=2025-3-10T01:25:51-06:00",OH,comm cooking,CO2,0.0890196,0.08822954,0.07994687,0.07297369,0.05875104,0.04901874,0.039232777,0.034009632,MTC
"UpdatedNZ_HeavyElec_NoInd,date=2025-3-10T01:25:51-06:00",OH,comm cooling,CO2,0.0102169,0.01011177,0.00963341,0.009183586,0.008474187,0.007898548,0.007110701,0.006817129,MTC
"UpdatedNZ_HeavyElec_NoInd,date=2025-3-10T01:25:51-06:00",OH,comm heating,CO2,1.9161841,1.8194628,1.6502442,1.531389,1.26562443,1.02285626,0.6156187,0.49807766,MTC
"UpdatedNZ_HeavyElec_NoInd,date=2025-3-10T01:25:51-06:00",OH,comm hot water,CO2,0.3181933,0.31725198,0.29550303,0.28305049,0.23808213,0.20429986,0.16499824,0.145049458,MTC
"UpdatedNZ_HeavyElec_NoInd,date=2025-3-10T01:25:51-06:00",OH,comm other,CO2,0.526439,0.4924,0.513155,0.572795,0.619746,0.662263,0.665332,0.58829,MTC
"UpdatedNZ_HeavyElec_NoInd,date=2025-3-10T01:25:51-06:00",OH,gas to liquids,CO2,0,0,0,0,0.00101026,0.001708197,0.00611949,0.01873891,MTC
"UpdatedNZ_HeavyElec_NoInd,date=2025-3-10T01:25:51-06:00",OH,intermediate generation,CO2,8.454390639,5.155895862,4.08066248,3.685137117,2.844946512,2.670221023,2.633170103,2.006447191,MTC
"UpdatedNZ_HeavyElec_NoInd,date=2025-3-10T01:25:51-06:00",OH,oil refining,CO2,1.42992,1.32458,1.18654,1.00258,0.79007443,0.68991164,0.61790876,0.41970258,MTC
"UpdatedNZ_HeavyElec_NoInd,date=2025-3-10T01:25:51-06:00",OH,other industrial energy use,CO2,7.1516685,7.153433724,7.294512608,7.512901101,7.4558302,7.449007193,7.3341817,5.703394235,MTC
"UpdatedNZ_HeavyElec_NoInd,date=2025-3-10T01:25:51-06:00",OH,peak generation,CO2,0.147811,0.120937645,0.056310541,0.040218993,0.027707191,0.018908203,0.01047297,0.003489891,MTC
"UpdatedNZ_HeavyElec_NoInd,date=2025-3-10T01:25:51-06:00",OH,process heat cement,CO2,0.21870219,0.221102667,0.190205951,0.205119124,0.188136807,0.179311402,0.178175724,0.171817041,MTC
"UpdatedNZ_HeavyElec_NoInd,date=2025-3-10T01:25:51-06:00",OH,process heat dac,CO2,0,0,4.60E-06,2.20E-05,0.0120379,0.0929031,0.251681,0.254156,MTC
"UpdatedNZ_HeavyElec_NoInd,date=2025-3-10T01:25:51-06:00",OH,regional biomass,CO2,-1.21465,-1.09985,-1.22594,-1.31657,-1.89043,-2.27067,-2.97387,-4.68432,MTC
"UpdatedNZ_HeavyElec_NoInd,date=2025-3-10T01:25:51-06:00",OH,regional biomassOil,CO2,-0.157732,-0.149602,-0.130972,-0.106023,-0.121037,-0.0910356,-0.0957334,-0.147961,MTC
"UpdatedNZ_HeavyElec_NoInd,date=2025-3-10T01:25:51-06:00",OH,regional corn for ethanol,CO2,-0.936084,-0.879626,-0.775945,-0.628612,-0.704288,-0.502089,-0.338585,-0.289337,MTC
"UpdatedNZ_HeavyElec_NoInd,date=2025-3-10T01:25:51-06:00",OH,resid clothes dryers,CO2,0.018051,0.01809566,0.01718625,0.01681873,0.01462681,0.01426294,0.01404998,0.01288338,MTC
"UpdatedNZ_HeavyElec_NoInd,date=2025-3-10T01:25:51-06:00",OH,resid cooking,CO2,0.08488709,0.081274085,0.075477732,0.067560373,0.056883111,0.043998636,0.041525253,0.03648389,MTC
"UpdatedNZ_HeavyElec_NoInd,date=2025-3-10T01:25:51-06:00",OH,resid heating,CO2,3.65983002,3.39021648,3.15478567,2.84329331,2.36217268,1.84516908,1.3825759,0.986621481,MTC
"UpdatedNZ_HeavyElec_NoInd,date=2025-3-10T01:25:51-06:00",OH,resid hot water,CO2,0.90871147,0.84869171,0.8064618,0.76662395,0.601804731,0.568618871,0.540091803,0.46895201,MTC
"UpdatedNZ_HeavyElec_NoInd,date=2025-3-10T01:25:51-06:00",OH,resid other,CO2,0.1027396,0.073542,0.0798303,0.082818,0.0810948,0.0834914,0.0834134,0.0714889,MTC
"UpdatedNZ_HeavyElec_NoInd,date=2025-3-10T01:25:51-06:00",OH,subpeak generation,CO2,0.7086177,0.6533539,0.52915518,0.45692537,0.29511435,0.23266765,0.19684616,0.109891918,MTC
"UpdatedNZ_HeavyElec_NoInd,date=2025-3-10T01:25:51-06:00",OH,trn_aviation_intl,CO2,0.289429,0.264851,0.261997,0.253612,0.243154,0.254262,0.263394,0.258539,MTC
"UpdatedNZ_HeavyElec_NoInd,date=2025-3-10T01:25:51-06:00",OH,trn_freight,CO2,0.372360808,0.362555072,0.325166285,0.278103016,0.211861002,0.187069706,0.178224073,0.152605845,MTC
"UpdatedNZ_HeavyElec_NoInd,date=2025-3-10T01:25:51-06:00",OH,trn_freight_road,CO2,5.629694,5.7957342,4.7481712,3.74429825,2.434042672,1.71592132,1.07925866,0.382618673,MTC
"UpdatedNZ_HeavyElec_NoInd,date=2025-3-10T01:25:51-06:00",OH,trn_pass,CO2,1.1218302,1.0436235,1.0223055,0.994787,0.8900307,0.8768378,0.7835743,0.4747512,MTC
"UpdatedNZ_HeavyElec_NoInd,date=2025-3-10T01:25:51-06:00",OH,trn_pass_road,CO2,0.2319323,0.28613315,0.3129406,0.22425314,0.15630489,0.10253863,0.071211495,0.054993672,MTC
"UpdatedNZ_HeavyElec_NoInd,date=2025-3-10T01:25:51-06:00",OH,trn_pass_road_LDV,CO2,0.035452,0.0257172,0.00551983,0.00283697,0.00282681,0.00293176,0.00299026,0.00283215,MTC
"UpdatedNZ_HeavyElec_NoInd,date=2025-3-10T01:25:51-06:00",OH,trn_pass_road_LDV_4W,CO2,10.07286348,8.45542421,6.65615663,4.14247762,2.315821392,1.01040014,0.8163587,0.6371869,MTC
"UpdatedNZ_HeavyElec_NoInd,date=2025-3-10T01:25:51-06:00",OH,trn_shipping_intl,CO2,0.00247318,0.002480407,0.002223638,0.002136084,0.001951208,0.001917208,0.001775356,9.59E-04,MTC
"UpdatedNZ_HeavyElec_NoInd,date=2025-3-10T01:25:51-06:00",OK,H2 central production,CO2,0,0,0.009737398,0.020386145,0.018250174,0.020521467,0.022055232,0.023666885,MTC
"UpdatedNZ_HeavyElec_NoInd,date=2025-3-10T01:25:51-06:00",OK,H2 wholesale dispensing,CO2,0,0,0.0320205,0.0825962,0.1228351,0.1605526,0.1821186,0.1553015,MTC
"UpdatedNZ_HeavyElec_NoInd,date=2025-3-10T01:25:51-06:00",OK,airCO2,CO2,0,0,-1.31E-04,-7.11E-04,-0.435179,-3.64136,-10.6295,-10.6159,MTC
"UpdatedNZ_HeavyElec_NoInd,date=2025-3-10T01:25:51-06:00",OK,base load generation,CO2,7.233376034,3.48789012,1.954001046,1.337135804,0.534972765,0.392282989,0.338269614,0.206706488,MTC
"UpdatedNZ_HeavyElec_NoInd,date=2025-3-10T01:25:51-06:00",OK,biomass liquids,CO2,0.00903545,0.00856973,0.00750253,0.00607337,0.09691711,0.13322652,0.232399137,0.331478752,MTC
"UpdatedNZ_HeavyElec_NoInd,date=2025-3-10T01:25:51-06:00",OK,cement,CO2,0.122662,0.114804,0.0988707,0.105749663,0.070157249,0.03864139,0.025118104,0.018887708,MTC
"UpdatedNZ_HeavyElec_NoInd,date=2025-3-10T01:25:51-06:00",OK,coal to liquids,CO2,0,0,0,0,1.18E-06,1.93E-06,6.42E-06,1.41E-05,MTC
"UpdatedNZ_HeavyElec_NoInd,date=2025-3-10T01:25:51-06:00",OK,comm cooking,CO2,0.0359824,0.03597812,0.032808754,0.03089841,0.025533803,0.021845214,0.017878765,0.01535549,MTC
"UpdatedNZ_HeavyElec_NoInd,date=2025-3-10T01:25:51-06:00",OK,comm cooling,CO2,0.0109368,0.01116129,0.01111045,0.01130227,0.01100175,0.01060844,0.009881302,0.009244479,MTC
"UpdatedNZ_HeavyElec_NoInd,date=2025-3-10T01:25:51-06:00",OK,comm heating,CO2,0.349093,0.3287541,0.29694545,0.26869192,0.21613771,0.16611158,0.083749309,0.063303126,MTC
"UpdatedNZ_HeavyElec_NoInd,date=2025-3-10T01:25:51-06:00",OK,comm hot water,CO2,0.0827992,0.08286601,0.07723012,0.07322446,0.060579164,0.050067192,0.037627012,0.031709412,MTC
"UpdatedNZ_HeavyElec_NoInd,date=2025-3-10T01:25:51-06:00",OK,comm other,CO2,0.2516496,0.254011,0.256496,0.270534,0.275804,0.284202,0.279998,0.245124,MTC
"UpdatedNZ_HeavyElec_NoInd,date=2025-3-10T01:25:51-06:00",OK,gas to liquids,CO2,0,0,0,0,0.00149042,0.00252008,0.00902797,0.02764513,MTC
"UpdatedNZ_HeavyElec_NoInd,date=2025-3-10T01:25:51-06:00",OK,intermediate generation,CO2,3.68680305,3.16389238,2.747289945,2.374656992,1.437382576,1.203766239,1.292760688,0.72907199,MTC
"UpdatedNZ_HeavyElec_NoInd,date=2025-3-10T01:25:51-06:00",OK,oil refining,CO2,1.31024,1.21453,1.08807,0.919519,0.73159632,0.63862811,0.56887034,0.38517334,MTC
"UpdatedNZ_HeavyElec_NoInd,date=2025-3-10T01:25:51-06:00",OK,other industrial energy use,CO2,4.181314,4.1427883,4.280952337,4.522016003,4.512269549,4.582280643,4.584303056,3.860443905,MTC
"UpdatedNZ_HeavyElec_NoInd,date=2025-3-10T01:25:51-06:00",OK,peak generation,CO2,0.06507234,0.055481842,0.033025729,0.025619009,0.011372054,0.007465633,0.005888311,0.001565088,MTC
"UpdatedNZ_HeavyElec_NoInd,date=2025-3-10T01:25:51-06:00",OK,process heat cement,CO2,0.100523444,0.094570195,0.081088215,0.088497414,0.08141627,0.077857797,0.077885076,0.075604569,MTC
"UpdatedNZ_HeavyElec_NoInd,date=2025-3-10T01:25:51-06:00",OK,process heat dac,CO2,0,0,2.57E-06,1.30E-05,0.00739687,0.0558784,0.143761,0.144952,MTC
"UpdatedNZ_HeavyElec_NoInd,date=2025-3-10T01:25:51-06:00",OK,regional biomass,CO2,-0.56176,-0.552033,-0.605758,-0.696909,-1.32342,-1.6772,-2.55734,-4.55724,MTC
"UpdatedNZ_HeavyElec_NoInd,date=2025-3-10T01:25:51-06:00",OK,regional biomassOil,CO2,-0.128157,-0.121552,-0.106415,-0.0861437,-0.0974266,-0.072288,-0.0730931,-0.110316,MTC
"UpdatedNZ_HeavyElec_NoInd,date=2025-3-10T01:25:51-06:00",OK,regional corn for ethanol,CO2,0,0,0,0,-0.00847374,-0.0141743,-0.0433477,-0.101904,MTC
"UpdatedNZ_HeavyElec_NoInd,date=2025-3-10T01:25:51-06:00",OK,resid clothes dryers,CO2,0.00466612,0.00481258,0.00485042,0.00506937,0.004697082,0.004570697,0.004467369,0.004058963,MTC
"UpdatedNZ_HeavyElec_NoInd,date=2025-3-10T01:25:51-06:00",OK,resid cooking,CO2,0.02306649,0.022766749,0.022043348,0.020828878,0.018315371,0.014931882,0.013869293,0.011947662,MTC
"UpdatedNZ_HeavyElec_NoInd,date=2025-3-10T01:25:51-06:00",OK,resid heating,CO2,0.76257866,0.69497791,0.64207041,0.568354272,0.46219818,0.349282088,0.249223799,0.168395958,MTC
"UpdatedNZ_HeavyElec_NoInd,date=2025-3-10T01:25:51-06:00",OK,resid hot water,CO2,0.16690158,0.161296773,0.15714747,0.152413669,0.122472525,0.114217281,0.106378755,0.089752199,MTC
"UpdatedNZ_HeavyElec_NoInd,date=2025-3-10T01:25:51-06:00",OK,resid other,CO2,0.02854902,0.02591081,0.0271578,0.02751508,0.02665381,0.02718734,0.02667864,0.02251273,MTC
"UpdatedNZ_HeavyElec_NoInd,date=2025-3-10T01:25:51-06:00",OK,subpeak generation,CO2,0.046622605,0.035874139,0.02522786,0.021558963,0.012502687,0.011130043,0.023486827,0.009155835,MTC
"UpdatedNZ_HeavyElec_NoInd,date=2025-3-10T01:25:51-06:00",OK,trn_aviation_intl,CO2,0.196907,0.174677,0.173142,0.168567,0.162472,0.170691,0.177518,0.174595,MTC
"UpdatedNZ_HeavyElec_NoInd,date=2025-3-10T01:25:51-06:00",OK,trn_freight,CO2,0.230053,0.21556,0.19394997,0.1670298,0.1282597,0.1136878,0.1078845,0.091657,MTC
"UpdatedNZ_HeavyElec_NoInd,date=2025-3-10T01:25:51-06:00",OK,trn_freight_road,CO2,3.483695,3.4612633,2.83614098,2.22901993,1.417410435,0.96766793,0.56801034,0.182085608,MTC
"UpdatedNZ_HeavyElec_NoInd,date=2025-3-10T01:25:51-06:00",OK,trn_pass,CO2,0.76224159,0.68608303,0.67185275,0.65726064,0.58770405,0.57707316,0.50673573,0.28975173,MTC
"UpdatedNZ_HeavyElec_NoInd,date=2025-3-10T01:25:51-06:00",OK,trn_pass_road,CO2,0.1701158,0.21393807,0.23386438,0.17057268,0.12000031,0.08014675,0.05619885,0.04351128,MTC
"UpdatedNZ_HeavyElec_NoInd,date=2025-3-10T01:25:51-06:00",OK,trn_pass_road_LDV,CO2,0.0135688,0.00886524,0.00192591,0.00100923,0.0010127,0.00105646,0.00108308,0.00103401,MTC
"UpdatedNZ_HeavyElec_NoInd,date=2025-3-10T01:25:51-06:00",OK,trn_pass_road_LDV_4W,CO2,3.85531574,3.17930153,2.48493544,1.531705358,0.842269414,0.35026427,0.28508444,0.2191618,MTC
"UpdatedNZ_HeavyElec_NoInd,date=2025-3-10T01:25:51-06:00",OK,trn_shipping_intl,CO2,0,0,0,0,0,0,0,0,MTC
"UpdatedNZ_HeavyElec_NoInd,date=2025-3-10T01:25:51-06:00",OR,H2 central production,CO2,0,0,0.007790764,0.01642152,0.013935799,0.015849694,0.017415025,0.02092884,MTC
"UpdatedNZ_HeavyElec_NoInd,date=2025-3-10T01:25:51-06:00",OR,H2 wholesale dispensing,CO2,0,0,0.0220247,0.0547922,0.079013,0.1013428,0.113515,0.0978096,MTC
"UpdatedNZ_HeavyElec_NoInd,date=2025-3-10T01:25:51-06:00",OR,airCO2,CO2,0,0,-1.70E-05,-9.11E-05,-0.0597991,-0.505989,-1.49719,-1.49305,MTC
"UpdatedNZ_HeavyElec_NoInd,date=2025-3-10T01:25:51-06:00",OR,base load generation,CO2,0.480211434,0.213464966,0.265249972,0.312628896,0.163983515,0.144696638,0.163190153,0.128839403,MTC
"UpdatedNZ_HeavyElec_NoInd,date=2025-3-10T01:25:51-06:00",OR,biomass liquids,CO2,0.01970091,0.01853945,0.01633626,0.01323243,0.023993183,0.023180125,0.028335215,0.03693066,MTC
"UpdatedNZ_HeavyElec_NoInd,date=2025-3-10T01:25:51-06:00",OR,cement,CO2,0.0888743,0.0817367,0.0795206,0.08195433,0.05658285,0.033641976,0.023279348,0.017167307,MTC
"UpdatedNZ_HeavyElec_NoInd,date=2025-3-10T01:25:51-06:00",OR,comm cooking,CO2,0.0228643,0.02335713,0.021451307,0.019398277,0.015487135,0.012442952,0.009314707,0.007701763,MTC
"UpdatedNZ_HeavyElec_NoInd,date=2025-3-10T01:25:51-06:00",OR,comm cooling,CO2,9.61E-04,9.89E-04,9.60E-04,9.20E-04,8.44E-04,7.71E-04,6.71E-04,6.25E-04,MTC
"UpdatedNZ_HeavyElec_NoInd,date=2025-3-10T01:25:51-06:00",OR,comm heating,CO2,0.2521719,0.23939038,0.22290502,0.20412555,0.1647673,0.125260204,0.060210712,0.042403448,MTC
"UpdatedNZ_HeavyElec_NoInd,date=2025-3-10T01:25:51-06:00",OR,comm hot water,CO2,0.0618922,0.06241323,0.05803182,0.05292514,0.042084332,0.032718081,0.022210357,0.018405751,MTC
"UpdatedNZ_HeavyElec_NoInd,date=2025-3-10T01:25:51-06:00",OR,comm other,CO2,0.1802744,0.1777501,0.179425,0.1970167,0.2063248,0.2182115,0.2185988,0.1921989,MTC
"UpdatedNZ_HeavyElec_NoInd,date=2025-3-10T01:25:51-06:00",OR,gas to liquids,CO2,0,0,0,0,4.38E-07,7.41E-07,2.65E-06,8.13E-06,MTC
"UpdatedNZ_HeavyElec_NoInd,date=2025-3-10T01:25:51-06:00",OR,intermediate generation,CO2,1.7571504,1.188228215,1.057785947,0.920299138,0.483838632,0.340800709,0.262431487,0.111971318,MTC
"UpdatedNZ_HeavyElec_NoInd,date=2025-3-10T01:25:51-06:00",OR,other industrial energy use,CO2,1.7312617,1.764022452,1.863350345,1.951075042,1.957680591,1.966784456,1.93474356,1.412594087,MTC
"UpdatedNZ_HeavyElec_NoInd,date=2025-3-10T01:25:51-06:00",OR,peak generation,CO2,0.034854579,0.029812655,0.019045654,0.014579647,0.005230827,0.002941869,0.001764692,4.51E-04,MTC
"UpdatedNZ_HeavyElec_NoInd,date=2025-3-10T01:25:51-06:00",OR,process heat cement,CO2,0.072834186,0.067011882,0.065202052,0.068795566,0.064240161,0.061416651,0.061326007,0.059536726,MTC
"UpdatedNZ_HeavyElec_NoInd,date=2025-3-10T01:25:51-06:00",OR,process heat dac,CO2,0,0,3.35E-07,1.67E-06,0.00101056,0.00767941,0.0199273,0.0200976,MTC
"UpdatedNZ_HeavyElec_NoInd,date=2025-3-10T01:25:51-06:00",OR,regional biomass,CO2,-1.49148,-1.3403,-1.45225,-1.50272,-1.56909,-1.5982,-1.65623,-1.48498,MTC
"UpdatedNZ_HeavyElec_NoInd,date=2025-3-10T01:25:51-06:00",OR,regional biomassOil,CO2,-0.0418977,-0.0397381,-0.0347895,-0.0281625,-0.0332994,-0.0262224,-0.0315567,-0.0535551,MTC
"UpdatedNZ_HeavyElec_NoInd,date=2025-3-10T01:25:51-06:00",OR,regional corn for ethanol,CO2,-0.0726906,-0.0683103,-0.0602613,-0.0488173,-0.0563682,-0.0413311,-0.0309697,-0.0319686,MTC
"UpdatedNZ_HeavyElec_NoInd,date=2025-3-10T01:25:51-06:00",OR,resid clothes dryers,CO2,0.00228336,0.002420205,0.002352348,0.002301668,0.001966948,0.001847248,0.001786103,0.001614304,MTC
"UpdatedNZ_HeavyElec_NoInd,date=2025-3-10T01:25:51-06:00",OR,resid cooking,CO2,0.01161466,0.011370225,0.01050747,0.009165818,0.007363737,0.005217936,0.004719676,0.00400798,MTC
"UpdatedNZ_HeavyElec_NoInd,date=2025-3-10T01:25:51-06:00",OR,resid heating,CO2,0.75232689,0.68357037,0.633938937,0.56141315,0.453361771,0.338103473,0.235366652,0.153381057,MTC
"UpdatedNZ_HeavyElec_NoInd,date=2025-3-10T01:25:51-06:00",OR,resid hot water,CO2,0.17221232,0.160098843,0.146972033,0.132952227,0.092669649,0.085172292,0.079831555,0.067805743,MTC
"UpdatedNZ_HeavyElec_NoInd,date=2025-3-10T01:25:51-06:00",OR,resid other,CO2,0.0145506,0.01166004,0.0116569,0.01185006,0.01112267,0.01134446,0.0112055,0.00940218,MTC
"UpdatedNZ_HeavyElec_NoInd,date=2025-3-10T01:25:51-06:00",OR,subpeak generation,CO2,0.184179702,0.16308391,0.116728172,0.091761768,0.039537859,0.024588746,0.018725292,0.006862076,MTC
"UpdatedNZ_HeavyElec_NoInd,date=2025-3-10T01:25:51-06:00",OR,trn_aviation_intl,CO2,0.10957,0.103164,0.103399,0.100283,0.0964564,0.100946,0.104679,0.102552,MTC
"UpdatedNZ_HeavyElec_NoInd,date=2025-3-10T01:25:51-06:00",OR,trn_freight,CO2,0.1497984,0.154808607,0.13563975,0.11783921,0.09095731,0.08008666,0.0720376,0.054971387,MTC
"UpdatedNZ_HeavyElec_NoInd,date=2025-3-10T01:25:51-06:00",OR,trn_freight_road,CO2,1.920921,2.0300488,1.66555018,1.28461845,0.80191947,0.52866627,0.307516086,0.103065732,MTC
"UpdatedNZ_HeavyElec_NoInd,date=2025-3-10T01:25:51-06:00",OR,trn_pass,CO2,0.42410752,0.40731431,0.40490027,0.39522273,0.35210038,0.34345466,0.29999406,0.17175798,MTC
"UpdatedNZ_HeavyElec_NoInd,date=2025-3-10T01:25:51-06:00",OR,trn_pass_road,CO2,0.07735887,0.09329056,0.10055789,0.070461377,0.048538954,0.031596397,0.021773598,0.016766435,MTC
"UpdatedNZ_HeavyElec_NoInd,date=2025-3-10T01:25:51-06:00",OR,trn_pass_road_LDV,CO2,0.0107563,0.00819173,0.001755,9.02E-04,8.95E-04,9.28E-04,9.48E-04,8.99E-04,MTC
"UpdatedNZ_HeavyElec_NoInd,date=2025-3-10T01:25:51-06:00",OR,trn_pass_road_LDV_4W,CO2,3.05618858,2.58039575,2.0269817,1.255264605,0.693602685,0.29320454,0.23102464,0.17705065,MTC
"UpdatedNZ_HeavyElec_NoInd,date=2025-3-10T01:25:51-06:00",OR,trn_shipping_intl,CO2,0.0953547,0.09710344,0.08805365,0.0847874,0.0775323,0.0756072,0.0674724,0.0301385,MTC
"UpdatedNZ_HeavyElec_NoInd,date=2025-3-10T01:25:51-06:00",PA,H2 central production,CO2,0,0,0.016560989,0.035253882,0.030379616,0.035313848,0.039792533,0.047428891,MTC
"UpdatedNZ_HeavyElec_NoInd,date=2025-3-10T01:25:51-06:00",PA,H2 wholesale dispensing,CO2,0,0,0.0499682,0.1290258,0.197172,0.2666607,0.3201584,0.3029237,MTC
"UpdatedNZ_HeavyElec_NoInd,date=2025-3-10T01:25:51-06:00",PA,airCO2,CO2,0,0,-1.42E-04,-7.51E-04,-0.43333,-3.65738,-11.2638,-10.9637,MTC
"UpdatedNZ_HeavyElec_NoInd,date=2025-3-10T01:25:51-06:00",PA,base load generation,CO2,12.905977,6.99231265,5.57851213,5.77146781,4.148115645,3.95615042,3.89259688,2.512150026,MTC
"UpdatedNZ_HeavyElec_NoInd,date=2025-3-10T01:25:51-06:00",PA,biomass liquids,CO2,0.05378811,0.05058862,0.04459066,0.03612259,0.068252367,0.067003751,0.083410776,0.110279451,MTC
"UpdatedNZ_HeavyElec_NoInd,date=2025-3-10T01:25:51-06:00",PA,cement,CO2,0.431144,0.394515,0.378785,0.39300054,0.27048644,0.1596478,0.11011489,0.081991716,MTC
"UpdatedNZ_HeavyElec_NoInd,date=2025-3-10T01:25:51-06:00",PA,coal to liquids,CO2,0,0,0,0,7.60E-05,1.18E-04,4.09E-04,8.41E-04,MTC
"UpdatedNZ_HeavyElec_NoInd,date=2025-3-10T01:25:51-06:00",PA,comm cooking,CO2,0.092089,0.09377972,0.0869915,0.08356245,0.07148068,0.06438744,0.05715307,0.051554106,MTC
"UpdatedNZ_HeavyElec_NoInd,date=2025-3-10T01:25:51-06:00",PA,comm cooling,CO2,0.0560247,0.0568021,0.05511272,0.05392818,0.05137163,0.04930975,0.0463268,0.04498885,MTC
"UpdatedNZ_HeavyElec_NoInd,date=2025-3-10T01:25:51-06:00",PA,comm heating,CO2,1.5848248,1.5394017,1.4368987,1.3629599,1.1510316,0.94117551,0.58809279,0.46631176,MTC
"UpdatedNZ_HeavyElec_NoInd,date=2025-3-10T01:25:51-06:00",PA,comm hot water,CO2,0.3309457,0.33595958,0.31898691,0.31207106,0.271444,0.24267936,0.20927329,0.188795382,MTC
"UpdatedNZ_HeavyElec_NoInd,date=2025-3-10T01:25:51-06:00",PA,comm other,CO2,0.739938,0.717837,0.727139,0.720979,0.650519,0.6224585,0.6164238,0.5556435,MTC
"UpdatedNZ_HeavyElec_NoInd,date=2025-3-10T01:25:51-06:00",PA,gas to liquids,CO2,0,0,0,0,0.00294493,0.00497941,0.01783831,0.0546238,MTC
"UpdatedNZ_HeavyElec_NoInd,date=2025-3-10T01:25:51-06:00",PA,intermediate generation,CO2,11.6927819,8.50763259,7.37307618,6.894562955,5.749503701,5.446431863,5.253631355,4.025071415,MTC
"UpdatedNZ_HeavyElec_NoInd,date=2025-3-10T01:25:51-06:00",PA,oil refining,CO2,1.54009,1.4259,1.27725,1.07925,0.84590042,0.73870925,0.66354524,0.45083562,MTC
"UpdatedNZ_HeavyElec_NoInd,date=2025-3-10T01:25:51-06:00",PA,other industrial energy use,CO2,10.7588497,10.83857256,11.19610519,11.69186214,11.60782516,11.70057677,11.66441664,9.609221813,MTC
"UpdatedNZ_HeavyElec_NoInd,date=2025-3-10T01:25:51-06:00",PA,peak generation,CO2,0.09892476,0.085248921,0.060192559,0.052056737,0.030681561,0.022382054,0.016011747,0.006785206,MTC
"UpdatedNZ_HeavyElec_NoInd,date=2025-3-10T01:25:51-06:00",PA,process heat cement,CO2,0.35333059,0.32343393,0.31057495,0.329384824,0.307553986,0.293918744,0.293916933,0.285926915,MTC
"UpdatedNZ_HeavyElec_NoInd,date=2025-3-10T01:25:51-06:00",PA,process heat dac,CO2,0,0,2.82E-06,1.39E-05,0.00746067,0.0578401,0.160657,0.162324,MTC
"UpdatedNZ_HeavyElec_NoInd,date=2025-3-10T01:25:51-06:00",PA,regional biomass,CO2,-2.54428,-2.06322,-2.49425,-2.73231,-3.23376,-3.81814,-4.36758,-5.37638,MTC
"UpdatedNZ_HeavyElec_NoInd,date=2025-3-10T01:25:51-06:00",PA,regional biomassOil,CO2,-0.125693,-0.119214,-0.104368,-0.0844873,-0.100535,-0.0798249,-0.098378,-0.17004,MTC
"UpdatedNZ_HeavyElec_NoInd,date=2025-3-10T01:25:51-06:00",PA,regional corn for ethanol,CO2,-0.195003,-0.183099,-0.161607,-0.130936,-0.151613,-0.11152,-0.0843212,-0.0881541,MTC
"UpdatedNZ_HeavyElec_NoInd,date=2025-3-10T01:25:51-06:00",PA,resid clothes dryers,CO2,0.0222344,0.02281914,0.02219605,0.02226052,0.02015013,0.01995466,0.01993356,0.01861086,MTC
"UpdatedNZ_HeavyElec_NoInd,date=2025-3-10T01:25:51-06:00",PA,resid cooking,CO2,0.1169631,0.11516354,0.11074887,0.10387709,0.093089932,0.079382239,0.07692361,0.069565017,MTC
"UpdatedNZ_HeavyElec_NoInd,date=2025-3-10T01:25:51-06:00",PA,resid heating,CO2,4.0430643,3.7702819,3.5428949,3.2171189,2.6988031,2.1226369,1.58852191,1.120875166,MTC
"UpdatedNZ_HeavyElec_NoInd,date=2025-3-10T01:25:51-06:00",PA,resid hot water,CO2,0.8954722,0.84792928,0.81811386,0.77957348,0.61694255,0.57705015,0.5397001,0.46174673,MTC
"UpdatedNZ_HeavyElec_NoInd,date=2025-3-10T01:25:51-06:00",PA,resid other,CO2,0.1485563,0.1162731,0.129756,0.133707,0.1344964,0.1403836,0.1410775,0.1228874,MTC
"UpdatedNZ_HeavyElec_NoInd,date=2025-3-10T01:25:51-06:00",PA,subpeak generation,CO2,0.6589419,0.60178505,0.465696608,0.409437686,0.266445267,0.210645243,0.172464446,0.096273359,MTC
"UpdatedNZ_HeavyElec_NoInd,date=2025-3-10T01:25:51-06:00",PA,trn_aviation_intl,CO2,0.174148,0.160963,0.160351,0.15537,0.14994,0.157307,0.163618,0.161803,MTC
"UpdatedNZ_HeavyElec_NoInd,date=2025-3-10T01:25:51-06:00",PA,trn_freight,CO2,0.356326,0.3577212,0.31912344,0.27590115,0.21356384,0.19084355,0.18096121,0.14911501,MTC
"UpdatedNZ_HeavyElec_NoInd,date=2025-3-10T01:25:51-06:00",PA,trn_freight_road,CO2,4.940036,5.1448419,4.27354263,3.40285092,2.267452252,1.64086971,1.07224127,0.402350548,MTC
"UpdatedNZ_HeavyElec_NoInd,date=2025-3-10T01:25:51-06:00",PA,trn_pass,CO2,0.6793689,0.640115,0.633962,0.6184556,0.5594881,0.5548194,0.5010519,0.3118109,MTC
"UpdatedNZ_HeavyElec_NoInd,date=2025-3-10T01:25:51-06:00",PA,trn_pass_road,CO2,0.223103,0.2784215,0.3055614,0.2214526,0.15507299,0.10230831,0.07116128,0.05502396,MTC
"UpdatedNZ_HeavyElec_NoInd,date=2025-3-10T01:25:51-06:00",PA,trn_pass_road_LDV,CO2,0.0343643,0.0258271,0.00543631,0.00281376,0.00283488,0.00295933,0.00303654,0.00289283,MTC
"UpdatedNZ_HeavyElec_NoInd,date=2025-3-10T01:25:51-06:00",PA,trn_pass_road_LDV_4W,CO2,9.76385967,8.20115787,6.46914937,4.03471764,2.265977204,1.00204633,0.8137546,0.6392413,MTC
"UpdatedNZ_HeavyElec_NoInd,date=2025-3-10T01:25:51-06:00",PA,trn_shipping_intl,CO2,0.125089,0.12640362,0.1140248,0.1098258,0.10093,0.0996979,0.0934036,0.0536338,MTC
"UpdatedNZ_HeavyElec_NoInd,date=2025-3-10T01:25:51-06:00",RI,H2 central production,CO2,0,0,8.28E-04,0.001845519,0.001454095,0.001544168,0.001622081,0.001652947,MTC
"UpdatedNZ_HeavyElec_NoInd,date=2025-3-10T01:25:51-06:00",RI,H2 wholesale dispensing,CO2,0,0,0.00177796,0.00471312,0.00737113,0.010113334,0.01225352,0.01137015,MTC
"UpdatedNZ_HeavyElec_NoInd,date=2025-3-10T01:25:51-06:00",RI,airCO2,CO2,0,0,-2.93E-07,-1.63E-06,-9.10E-04,-0.00829088,-0.0281237,-0.00188821,MTC
"UpdatedNZ_HeavyElec_NoInd,date=2025-3-10T01:25:51-06:00",RI,base load generation,CO2,0.264628311,0.177180044,0.149740527,0.12545847,0.067151806,0.043834218,0.030215389,0.0130696,MTC
"UpdatedNZ_HeavyElec_NoInd,date=2025-3-10T01:25:51-06:00",RI,biomass liquids,CO2,3.48E-04,3.30E-04,2.89E-04,2.34E-04,0.003334693,0.004538949,0.00779975,0.01026681,MTC
"UpdatedNZ_HeavyElec_NoInd,date=2025-3-10T01:25:51-06:00",RI,comm cooking,CO2,0.00515209,0.005102047,0.004654019,0.004320284,0.00360442,0.003152774,0.002683068,0.002396245,MTC
"UpdatedNZ_HeavyElec_NoInd,date=2025-3-10T01:25:51-06:00",RI,comm cooling,CO2,0.00360818,0.003597887,0.003447196,0.003329683,0.003139675,0.002986631,0.002757619,0.002647733,MTC
"UpdatedNZ_HeavyElec_NoInd,date=2025-3-10T01:25:51-06:00",RI,comm heating,CO2,0.13257625,0.12775239,0.117928233,0.109359005,0.091256532,0.072806359,0.042033736,0.032707714,MTC
"UpdatedNZ_HeavyElec_NoInd,date=2025-3-10T01:25:51-06:00",RI,comm hot water,CO2,0.01434915,0.014148361,0.013151867,0.012274988,0.010227179,0.008552233,0.006586083,0.005733174,MTC
"UpdatedNZ_HeavyElec_NoInd,date=2025-3-10T01:25:51-06:00",RI,comm other,CO2,0.0708819,0.0678637,0.0669957,0.0664874,0.061502,0.05938172,0.05861929,0.05238394,MTC
"UpdatedNZ_HeavyElec_NoInd,date=2025-3-10T01:25:51-06:00",RI,intermediate generation,CO2,0.459167512,0.384357264,0.366076505,0.342918855,0.249755202,0.205579512,0.169413472,0.106289273,MTC
"UpdatedNZ_HeavyElec_NoInd,date=2025-3-10T01:25:51-06:00",RI,other industrial energy use,CO2,0.122154962,0.123716035,0.127731321,0.132865062,0.136829796,0.139919873,0.140892967,0.130391998,MTC
"UpdatedNZ_HeavyElec_NoInd,date=2025-3-10T01:25:51-06:00",RI,peak generation,CO2,0.007352199,0.006008652,0.004146616,0.003701154,0.002043535,0.001462689,0.001014737,3.88E-04,MTC
"UpdatedNZ_HeavyElec_NoInd,date=2025-3-10T01:25:51-06:00",RI,process heat dac,CO2,0,0,5.77E-09,2.99E-08,1.55E-05,1.28E-04,3.76E-04,1.78E-05,MTC
"UpdatedNZ_HeavyElec_NoInd,date=2025-3-10T01:25:51-06:00",RI,regional biomass,CO2,-0.0932787,-0.0596343,-0.0755395,-0.0816072,-0.0849213,-0.0919503,-0.111886,-0.176377,MTC
"UpdatedNZ_HeavyElec_NoInd,date=2025-3-10T01:25:51-06:00",RI,regional biomassOil,CO2,-0.00492913,-0.00467503,-0.00409286,-0.00331322,-0.00374049,-0.00276506,-0.00274016,-0.00408994,MTC
"UpdatedNZ_HeavyElec_NoInd,date=2025-3-10T01:25:51-06:00",RI,regional corn for ethanol,CO2,0,0,0,0,-2.70E-04,-4.50E-04,-0.00137898,-0.00325634,MTC
"UpdatedNZ_HeavyElec_NoInd,date=2025-3-10T01:25:51-06:00",RI,resid clothes dryers,CO2,0.00185594,0.001859061,0.001773284,0.001774497,0.00161379,0.001621648,0.001638584,0.001531103,MTC
"UpdatedNZ_HeavyElec_NoInd,date=2025-3-10T01:25:51-06:00",RI,resid cooking,CO2,0.01051877,0.010364396,0.009945263,0.009424092,0.008648206,0.007622453,0.007453649,0.006745697,MTC
"UpdatedNZ_HeavyElec_NoInd,date=2025-3-10T01:25:51-06:00",RI,resid heating,CO2,0.39117342,0.38438157,0.36958688,0.35554637,0.32189009,0.27874158,0.231107087,0.178014849,MTC
"UpdatedNZ_HeavyElec_NoInd,date=2025-3-10T01:25:51-06:00",RI,resid hot water,CO2,0.11222165,0.10948291,0.10629477,0.103456891,0.088680321,0.085303018,0.081272287,0.070810201,MTC
"UpdatedNZ_HeavyElec_NoInd,date=2025-3-10T01:25:51-06:00",RI,resid other,CO2,0.01373602,0.0112014,0.01164196,0.01189032,0.01237429,0.01282371,0.01273695,0.01088351,MTC
"UpdatedNZ_HeavyElec_NoInd,date=2025-3-10T01:25:51-06:00",RI,subpeak generation,CO2,0.043433402,0.034422251,0.027421987,0.02472015,0.014672875,0.011274154,0.009056635,0.004450344,MTC
"UpdatedNZ_HeavyElec_NoInd,date=2025-3-10T01:25:51-06:00",RI,trn_aviation_intl,CO2,0.015489,0.0138363,0.01352,0.0131735,0.0127815,0.0135752,0.0142595,0.0141827,MTC
"UpdatedNZ_HeavyElec_NoInd,date=2025-3-10T01:25:51-06:00",RI,trn_freight,CO2,0.014446219,0.013658196,0.012087974,0.01039332,0.008034072,0.007245759,0.007057435,0.006157173,MTC
"UpdatedNZ_HeavyElec_NoInd,date=2025-3-10T01:25:51-06:00",RI,trn_freight_road,CO2,0.2185552,0.21899388,0.178243494,0.142265204,0.095418686,0.07023933,0.045895049,0.016511443,MTC
"UpdatedNZ_HeavyElec_NoInd,date=2025-3-10T01:25:51-06:00",RI,trn_pass,CO2,0.059805137,0.054200508,0.052252379,0.051221899,0.04662115,0.046908671,0.042745699,0.026232793,MTC
"UpdatedNZ_HeavyElec_NoInd,date=2025-3-10T01:25:51-06:00",RI,trn_pass_road,CO2,0.01080192,0.013958183,0.015527003,0.011520416,0.008152304,0.005420118,0.003794589,0.002917436,MTC
"UpdatedNZ_HeavyElec_NoInd,date=2025-3-10T01:25:51-06:00",RI,trn_pass_road_LDV,CO2,0.00265577,0.00186284,3.98E-04,2.05E-04,2.10E-04,2.23E-04,2.32E-04,2.23E-04,MTC
"UpdatedNZ_HeavyElec_NoInd,date=2025-3-10T01:25:51-06:00",RI,trn_pass_road_LDV_4W,CO2,0.754340788,0.633430353,0.499441038,0.311353058,0.175055026,0.077640098,0.06318292,0.049490016,MTC
"UpdatedNZ_HeavyElec_NoInd,date=2025-3-10T01:25:51-06:00",RI,trn_shipping_intl,CO2,6.08E-05,6.00E-05,5.34E-05,5.15E-05,4.74E-05,4.73E-05,4.48E-05,2.58E-05,MTC
"UpdatedNZ_HeavyElec_NoInd,date=2025-3-10T01:25:51-06:00",SC,H2 central production,CO2,0,0,0.008406166,0.019929727,0.017048878,0.021572239,0.02675675,0.040615284,MTC
"UpdatedNZ_HeavyElec_NoInd,date=2025-3-10T01:25:51-06:00",SC,H2 wholesale dispensing,CO2,0,0,0.0231398,0.0594794,0.0910701,0.1226642,0.1481811,0.150558,MTC
"UpdatedNZ_HeavyElec_NoInd,date=2025-3-10T01:25:51-06:00",SC,airCO2,CO2,0,0,-7.68E-05,-4.02E-04,-0.227431,-1.86645,-5.48092,-5.49692,MTC
"UpdatedNZ_HeavyElec_NoInd,date=2025-3-10T01:25:51-06:00",SC,base load generation,CO2,5.81483586,5.513870315,4.540553707,4.811975394,3.055650074,2.659164166,2.467249252,1.225912622,MTC
"UpdatedNZ_HeavyElec_NoInd,date=2025-3-10T01:25:51-06:00",SC,cement,CO2,0.204498,0.200957,0.168091,0.175647528,0.116375149,0.063590994,0.040760212,0.03031765,MTC
"UpdatedNZ_HeavyElec_NoInd,date=2025-3-10T01:25:51-06:00",SC,comm cooking,CO2,0.0314738,0.03082614,0.02739523,0.024731073,0.019592,0.016188466,0.012849065,0.011135441,MTC
"UpdatedNZ_HeavyElec_NoInd,date=2025-3-10T01:25:51-06:00",SC,comm cooling,CO2,0.0015762,0.001550901,0.001466776,0.001404105,0.00130667,0.001230485,0.001126835,0.001081902,MTC
"UpdatedNZ_HeavyElec_NoInd,date=2025-3-10T01:25:51-06:00",SC,comm heating,CO2,0.18545377,0.168767453,0.150058018,0.130317793,0.101382523,0.074251011,0.029418407,0.021297481,MTC
"UpdatedNZ_HeavyElec_NoInd,date=2025-3-10T01:25:51-06:00",SC,comm hot water,CO2,0.0797598,0.07679168,0.0696919,0.06268319,0.049184278,0.038017591,0.025320523,0.021100191,MTC
"UpdatedNZ_HeavyElec_NoInd,date=2025-3-10T01:25:51-06:00",SC,comm other,CO2,0.1749274,0.1640235,0.171682,0.1888352,0.2051933,0.2184226,0.2171091,0.1876957,MTC
"UpdatedNZ_HeavyElec_NoInd,date=2025-3-10T01:25:51-06:00",SC,intermediate generation,CO2,2.640747213,2.356913031,2.075615349,1.899571054,1.445710679,1.323797814,1.23570556,0.857187725,MTC
"UpdatedNZ_HeavyElec_NoInd,date=2025-3-10T01:25:51-06:00",SC,other industrial energy use,CO2,3.2457308,3.245055432,3.419511009,3.568622887,3.578193767,3.606471461,3.58560132,2.955059912,MTC
"UpdatedNZ_HeavyElec_NoInd,date=2025-3-10T01:25:51-06:00",SC,peak generation,CO2,0.027891851,0.024020832,0.015757711,0.012774968,0.007048682,0.005136273,0.003624445,0.001312685,MTC
"UpdatedNZ_HeavyElec_NoInd,date=2025-3-10T01:25:51-06:00",SC,process heat cement,CO2,0.16758953,0.165251139,0.13779946,0.147017369,0.133258023,0.125376165,0.12338586,0.118165835,MTC
"UpdatedNZ_HeavyElec_NoInd,date=2025-3-10T01:25:51-06:00",SC,process heat dac,CO2,0,0,1.52E-06,7.43E-06,0.00391636,0.0295438,0.0785782,0.0792823,MTC
"UpdatedNZ_HeavyElec_NoInd,date=2025-3-10T01:25:51-06:00",SC,regional biomass,CO2,-2.16608,-1.83486,-2.09911,-2.24137,-2.42872,-2.68699,-2.87885,-2.79927,MTC
"UpdatedNZ_HeavyElec_NoInd,date=2025-3-10T01:25:51-06:00",SC,resid clothes dryers,CO2,0.00417622,0.00416351,0.00388501,0.003800152,0.003333352,0.003266062,0.003228361,0.002954677,MTC
"UpdatedNZ_HeavyElec_NoInd,date=2025-3-10T01:25:51-06:00",SC,resid cooking,CO2,0.02040071,0.019286938,0.017645699,0.01552544,0.012884882,0.009733892,0.009170426,0.007982607,MTC
"UpdatedNZ_HeavyElec_NoInd,date=2025-3-10T01:25:51-06:00",SC,resid heating,CO2,0.29317797,0.260659963,0.237337133,0.205444733,0.164304858,0.121938881,0.085402793,0.056881944,MTC
"UpdatedNZ_HeavyElec_NoInd,date=2025-3-10T01:25:51-06:00",SC,resid hot water,CO2,0.137679009,0.121563783,0.112195499,0.103990034,0.077913843,0.074942874,0.07205649,0.062114254,MTC
"UpdatedNZ_HeavyElec_NoInd,date=2025-3-10T01:25:51-06:00",SC,resid other,CO2,0.02512008,0.01823586,0.02015237,0.02049387,0.02030671,0.02103704,0.02103558,0.01776512,MTC
"UpdatedNZ_HeavyElec_NoInd,date=2025-3-10T01:25:51-06:00",SC,subpeak generation,CO2,0.18825198,0.172575336,0.123272382,0.101231297,0.061372022,0.047764537,0.037851267,0.018381791,MTC
"UpdatedNZ_HeavyElec_NoInd,date=2025-3-10T01:25:51-06:00",SC,trn_aviation_intl,CO2,0.049542,0.0449032,0.0432917,0.0415572,0.0397111,0.0414778,0.0428319,0.0416598,MTC
"UpdatedNZ_HeavyElec_NoInd,date=2025-3-10T01:25:51-06:00",SC,trn_freight,CO2,0.313627,0.32604,0.25970362,0.227526,0.1795897,0.1613264,0.1385391,0.07926493,MTC
"UpdatedNZ_HeavyElec_NoInd,date=2025-3-10T01:25:51-06:00",SC,trn_freight_road,CO2,2.469194,2.4464936,2.01597886,1.58932388,1.049823838,0.75121803,0.47780488,0.166373871,MTC
"UpdatedNZ_HeavyElec_NoInd,date=2025-3-10T01:25:51-06:00",SC,trn_pass,CO2,0.19627003,0.17964209,0.1703591,0.16338281,0.14576248,0.14413439,0.13019647,0.08147593,MTC
"UpdatedNZ_HeavyElec_NoInd,date=2025-3-10T01:25:51-06:00",SC,trn_pass_road,CO2,0.09664671,0.11823703,0.129532713,0.092489614,0.064873105,0.042898726,0.030194182,0.023228675,MTC
"UpdatedNZ_HeavyElec_NoInd,date=2025-3-10T01:25:51-06:00",SC,trn_pass_road_LDV,CO2,0.0198154,0.0136649,0.00317299,0.00156857,0.00156565,0.00162464,0.00165491,0.00156384,MTC
"UpdatedNZ_HeavyElec_NoInd,date=2025-3-10T01:25:51-06:00",SC,trn_pass_road_LDV_4W,CO2,5.63030774,4.75300959,3.74355411,2.33864932,1.314553956,0.58166152,0.47066,0.37049522,MTC
"UpdatedNZ_HeavyElec_NoInd,date=2025-3-10T01:25:51-06:00",SC,trn_shipping_intl,CO2,0.625686,0.6223649,0.5470976,0.520133,0.4732,0.463879,0.430927,0.2402312,MTC
"UpdatedNZ_HeavyElec_NoInd,date=2025-3-10T01:25:51-06:00",SD,H2 central production,CO2,0,0,0.002174154,0.004484254,0.003902282,0.004312834,0.004552398,0.004672907,MTC
"UpdatedNZ_HeavyElec_NoInd,date=2025-3-10T01:25:51-06:00",SD,H2 wholesale dispensing,CO2,0,0,0.00698909,0.01791072,0.02688707,0.03544809,0.04068477,0.03547834,MTC
"UpdatedNZ_HeavyElec_NoInd,date=2025-3-10T01:25:51-06:00",SD,airCO2,CO2,0,0,-3.71E-06,-1.95E-05,-0.0116804,-0.0988938,-0.298144,-0.29968,MTC
"UpdatedNZ_HeavyElec_NoInd,date=2025-3-10T01:25:51-06:00",SD,base load generation,CO2,0.264765137,0.102847071,0.050748013,0.048027343,0.031259029,0.023770078,0.019741665,0.012992726,MTC
"UpdatedNZ_HeavyElec_NoInd,date=2025-3-10T01:25:51-06:00",SD,biomass liquids,CO2,0.427341,0.401826,0.354302,0.287005,0.391831017,0.330732658,0.335989189,0.470153841,MTC
"UpdatedNZ_HeavyElec_NoInd,date=2025-3-10T01:25:51-06:00",SD,cement,CO2,0.0383059,0.0357926,0.0296887,0.031846931,0.020912256,0.011109074,0.006994448,0.005357169,MTC
"UpdatedNZ_HeavyElec_NoInd,date=2025-3-10T01:25:51-06:00",SD,comm cooking,CO2,0.00455847,0.004366838,0.003854935,0.003252797,0.002402694,0.001781374,0.001178526,9.66E-04,MTC
"UpdatedNZ_HeavyElec_NoInd,date=2025-3-10T01:25:51-06:00",SD,comm cooling,CO2,6.67E-05,6.49E-05,6.11E-05,5.76E-05,5.25E-05,4.82E-05,4.22E-05,3.99E-05,MTC
"UpdatedNZ_HeavyElec_NoInd,date=2025-3-10T01:25:51-06:00",SD,comm heating,CO2,0.12858525,0.115339815,0.102040335,0.088748342,0.069178983,0.051136498,0.020744844,0.015415793,MTC
"UpdatedNZ_HeavyElec_NoInd,date=2025-3-10T01:25:51-06:00",SD,comm hot water,CO2,0.02101452,0.020170997,0.018263407,0.01633068,0.012733976,0.009673261,0.006116059,0.00498638,MTC
"UpdatedNZ_HeavyElec_NoInd,date=2025-3-10T01:25:51-06:00",SD,comm other,CO2,0.0233702,0.02157537,0.02329119,0.02912686,0.03506407,0.03877615,0.03844173,0.03275196,MTC
"UpdatedNZ_HeavyElec_NoInd,date=2025-3-10T01:25:51-06:00",SD,gas to liquids,CO2,0,0,0,0,4.38E-07,7.41E-07,2.65E-06,8.13E-06,MTC
"UpdatedNZ_HeavyElec_NoInd,date=2025-3-10T01:25:51-06:00",SD,intermediate generation,CO2,0.25282457,0.130872454,0.092497504,0.078686483,0.058912946,0.053442895,0.056304046,0.039590569,MTC
"UpdatedNZ_HeavyElec_NoInd,date=2025-3-10T01:25:51-06:00",SD,other industrial energy use,CO2,0.36394463,0.34972442,0.362478988,0.371838408,0.372626627,0.373448159,0.364472132,0.283710504,MTC
"UpdatedNZ_HeavyElec_NoInd,date=2025-3-10T01:25:51-06:00",SD,peak generation,CO2,0.009486487,0.008157156,0.005810816,0.004708303,0.002594536,0.001823383,0.001419518,5.75E-04,MTC
"UpdatedNZ_HeavyElec_NoInd,date=2025-3-10T01:25:51-06:00",SD,process heat cement,CO2,0.031392409,0.029504545,0.024349601,0.02634011,0.02406505,0.022858955,0.02282645,0.022186965,MTC
"UpdatedNZ_HeavyElec_NoInd,date=2025-3-10T01:25:51-06:00",SD,process heat dac,CO2,0,0,7.34E-08,3.59E-07,2.00E-04,0.00154022,0.00412841,0.00416397,MTC
"UpdatedNZ_HeavyElec_NoInd,date=2025-3-10T01:25:51-06:00",SD,regional biomass,CO2,-0.057033,-0.0528831,-0.0517569,-0.0510994,-0.867048,-1.28024,-2.38451,-5.70569,MTC
"UpdatedNZ_HeavyElec_NoInd,date=2025-3-10T01:25:51-06:00",SD,regional biomassOil,CO2,0,0,0,0,-7.81E-05,-3.44E-04,-0.00508544,-0.0114191,MTC
"UpdatedNZ_HeavyElec_NoInd,date=2025-3-10T01:25:51-06:00",SD,regional corn for ethanol,CO2,-1.85488,-1.74413,-1.53785,-1.24575,-1.37324,-0.962116,-0.623254,-0.430479,MTC
"UpdatedNZ_HeavyElec_NoInd,date=2025-3-10T01:25:51-06:00",SD,resid clothes dryers,CO2,3.22E-04,3.11E-04,2.88E-04,2.76E-04,2.33E-04,2.26E-04,2.20E-04,1.98E-04,MTC
"UpdatedNZ_HeavyElec_NoInd,date=2025-3-10T01:25:51-06:00",SD,resid cooking,CO2,0.001966954,0.00183351,0.001657026,0.001415689,0.001136288,8.03E-04,7.33E-04,6.18E-04,MTC
"UpdatedNZ_HeavyElec_NoInd,date=2025-3-10T01:25:51-06:00",SD,resid heating,CO2,0.21475967,0.193517851,0.177586726,0.155860429,0.125887866,0.094117418,0.065919658,0.043447216,MTC
"UpdatedNZ_HeavyElec_NoInd,date=2025-3-10T01:25:51-06:00",SD,resid hot water,CO2,0.036174413,0.032302724,0.029480371,0.026663813,0.018936236,0.017471277,0.01605333,0.013321164,MTC
"UpdatedNZ_HeavyElec_NoInd,date=2025-3-10T01:25:51-06:00",SD,resid other,CO2,0.00263648,0.001899559,0.001971155,0.001977586,0.001935226,0.001961508,0.001885578,0.00155124,MTC
"UpdatedNZ_HeavyElec_NoInd,date=2025-3-10T01:25:51-06:00",SD,subpeak generation,CO2,0.011093193,0.011411968,0.009932918,0.009195178,0.006445548,0.006177101,0.011641396,0.006973987,MTC
"UpdatedNZ_HeavyElec_NoInd,date=2025-3-10T01:25:51-06:00",SD,trn_aviation_intl,CO2,0.0198044,0.0172768,0.0167087,0.0160627,0.0154701,0.016251,0.0169128,0.0166257,MTC
"UpdatedNZ_HeavyElec_NoInd,date=2025-3-10T01:25:51-06:00",SD,trn_freight,CO2,0.0509494,0.0468368,0.0408284,0.03458412,0.02649809,0.023487,0.0223773,0.0190912,MTC
"UpdatedNZ_HeavyElec_NoInd,date=2025-3-10T01:25:51-06:00",SD,trn_freight_road,CO2,0.7715188,0.75339953,0.60266552,0.467887255,0.29892202,0.207105623,0.125442301,0.042131549,MTC
"UpdatedNZ_HeavyElec_NoInd,date=2025-3-10T01:25:51-06:00",SD,trn_pass,CO2,0.07785873,0.06857644,0.06539747,0.06311271,0.05667678,0.05595674,0.04985536,0.02982517,MTC
"UpdatedNZ_HeavyElec_NoInd,date=2025-3-10T01:25:51-06:00",SD,trn_pass_road,CO2,0.03414441,0.04310913,0.04761458,0.034943349,0.024595669,0.016290416,0.011338995,0.008745448,MTC
"UpdatedNZ_HeavyElec_NoInd,date=2025-3-10T01:25:51-06:00",SD,trn_pass_road_LDV,CO2,0.00334567,0.00214626,4.42E-04,2.25E-04,2.26E-04,2.36E-04,2.42E-04,2.31E-04,MTC
"UpdatedNZ_HeavyElec_NoInd,date=2025-3-10T01:25:51-06:00",SD,trn_pass_road_LDV_4W,CO2,0.950530129,0.784159376,0.611767093,0.376439589,0.207040194,0.086433072,0.07079033,0.054906324,MTC
"UpdatedNZ_HeavyElec_NoInd,date=2025-3-10T01:25:51-06:00",SD,trn_shipping_intl,CO2,0,0,0,0,0,0,0,0,MTC
"UpdatedNZ_HeavyElec_NoInd,date=2025-3-10T01:25:51-06:00",TN,H2 central production,CO2,0,0,0.012318692,0.029415775,0.025393208,0.031817172,0.038525008,0.053677957,MTC
"UpdatedNZ_HeavyElec_NoInd,date=2025-3-10T01:25:51-06:00",TN,H2 wholesale dispensing,CO2,0,0,0.0359419,0.0937421,0.1421208,0.191151,0.2280661,0.2127904,MTC
"UpdatedNZ_HeavyElec_NoInd,date=2025-3-10T01:25:51-06:00",TN,airCO2,CO2,0,0,-1.02E-04,-5.32E-04,-0.300639,-2.46502,-7.22878,-7.24982,MTC
"UpdatedNZ_HeavyElec_NoInd,date=2025-3-10T01:25:51-06:00",TN,base load generation,CO2,7.579056312,3.470010114,2.065865805,2.114390862,1.588595691,1.416994436,1.339257352,0.713640119,MTC
"UpdatedNZ_HeavyElec_NoInd,date=2025-3-10T01:25:51-06:00",TN,biomass liquids,CO2,0.09433493,0.08874455,0.07821552,0.06335775,0.090464358,0.078310826,0.082924209,0.097454426,MTC
"UpdatedNZ_HeavyElec_NoInd,date=2025-3-10T01:25:51-06:00",TN,cement,CO2,0.191999,0.19672459,0.17406213,0.1830205,0.12597299,0.07454185,0.05043467,0.036890424,MTC
"UpdatedNZ_HeavyElec_NoInd,date=2025-3-10T01:25:51-06:00",TN,coal to liquids,CO2,0,0,0,0,6.25E-07,9.58E-07,3.34E-06,6.76E-06,MTC
"UpdatedNZ_HeavyElec_NoInd,date=2025-3-10T01:25:51-06:00",TN,comm cooking,CO2,0.0564045,0.05624292,0.05128901,0.04679722,0.03750623,0.03097674,0.024360246,0.02087995,MTC
"UpdatedNZ_HeavyElec_NoInd,date=2025-3-10T01:25:51-06:00",TN,comm cooling,CO2,8.61E-04,8.65E-04,8.41E-04,8.27E-04,7.83E-04,7.49E-04,6.97E-04,6.71E-04,MTC
"UpdatedNZ_HeavyElec_NoInd,date=2025-3-10T01:25:51-06:00",TN,comm heating,CO2,0.4893133,0.44948785,0.40511229,0.35726167,0.28076775,0.208734272,0.089709399,0.065854762,MTC
"UpdatedNZ_HeavyElec_NoInd,date=2025-3-10T01:25:51-06:00",TN,comm hot water,CO2,0.2046568,0.20330292,0.19053666,0.17973934,0.14751249,0.12021178,0.088611323,0.075183082,MTC
"UpdatedNZ_HeavyElec_NoInd,date=2025-3-10T01:25:51-06:00",TN,comm other,CO2,0.1621426,0.1544297,0.1753955,0.2237666,0.2739504,0.3081043,0.3118847,0.2707087,MTC
"UpdatedNZ_HeavyElec_NoInd,date=2025-3-10T01:25:51-06:00",TN,gas to liquids,CO2,0,0,0,0,1.75E-06,2.96E-06,1.06E-05,3.25E-05,MTC
"UpdatedNZ_HeavyElec_NoInd,date=2025-3-10T01:25:51-06:00",TN,intermediate generation,CO2,1.928585845,1.625925915,1.350466023,1.313828555,1.150040593,1.121632928,1.114580404,0.827450587,MTC
"UpdatedNZ_HeavyElec_NoInd,date=2025-3-10T01:25:51-06:00",TN,oil refining,CO2,0.486895,0.451302,0.404185,0.341543,0.27015162,0.235756144,0.210692256,0.142897916,MTC
"UpdatedNZ_HeavyElec_NoInd,date=2025-3-10T01:25:51-06:00",TN,other industrial energy use,CO2,3.9149505,3.936758809,4.164331416,4.392098493,4.372213506,4.403125352,4.367578742,3.403482644,MTC
"UpdatedNZ_HeavyElec_NoInd,date=2025-3-10T01:25:51-06:00",TN,peak generation,CO2,0.013966651,0.012026838,0.007892779,0.006398818,0.003528312,0.002569316,0.001811516,6.55E-04,MTC
"UpdatedNZ_HeavyElec_NoInd,date=2025-3-10T01:25:51-06:00",TN,process heat cement,CO2,0.15734686,0.161325057,0.142320193,0.155363826,0.143437194,0.138346088,0.138304201,0.13365199,MTC
"UpdatedNZ_HeavyElec_NoInd,date=2025-3-10T01:25:51-06:00",TN,process heat dac,CO2,0,0,2.01E-06,9.83E-06,0.00517726,0.0390236,0.103669,0.104595,MTC
"UpdatedNZ_HeavyElec_NoInd,date=2025-3-10T01:25:51-06:00",TN,regional biomass,CO2,-1.34562,-1.33042,-1.47256,-1.6285,-1.90577,-2.12718,-2.41662,-2.80863,MTC
"UpdatedNZ_HeavyElec_NoInd,date=2025-3-10T01:25:51-06:00",TN,regional biomassOil,CO2,-0.0345041,-0.0327256,-0.0286503,-0.0231927,-0.0263374,-0.0196884,-0.020658,-0.0320693,MTC
"UpdatedNZ_HeavyElec_NoInd,date=2025-3-10T01:25:51-06:00",TN,regional corn for ethanol,CO2,-0.398903,-0.375182,-0.330728,-0.267907,-0.298342,-0.211207,-0.138248,-0.110808,MTC
"UpdatedNZ_HeavyElec_NoInd,date=2025-3-10T01:25:51-06:00",TN,resid clothes dryers,CO2,0.0104484,0.01074044,0.01051839,0.01067801,0.00962952,0.00953017,0.00947875,0.00877542,MTC
"UpdatedNZ_HeavyElec_NoInd,date=2025-3-10T01:25:51-06:00",TN,resid cooking,CO2,0.04601538,0.044528776,0.042027885,0.038463416,0.032940177,0.026210787,0.024987386,0.022145557,MTC
"UpdatedNZ_HeavyElec_NoInd,date=2025-3-10T01:25:51-06:00",TN,resid heating,CO2,0.8406739,0.75042833,0.687943767,0.600179019,0.482320453,0.360304138,0.25441134,0.17071285,MTC
"UpdatedNZ_HeavyElec_NoInd,date=2025-3-10T01:25:51-06:00",TN,resid hot water,CO2,0.204206822,0.182723272,0.172815905,0.163544502,0.125115561,0.120966979,0.116912877,0.101419917,MTC
"UpdatedNZ_HeavyElec_NoInd,date=2025-3-10T01:25:51-06:00",TN,resid other,CO2,0.05393188,0.04006008,0.04542519,0.04747781,0.04699748,0.04910119,0.04990402,0.04314127,MTC
"UpdatedNZ_HeavyElec_NoInd,date=2025-3-10T01:25:51-06:00",TN,subpeak generation,CO2,0.094277337,0.086235353,0.061585507,0.050545877,0.030559142,0.023728119,0.018754887,0.009073466,MTC
"UpdatedNZ_HeavyElec_NoInd,date=2025-3-10T01:25:51-06:00",TN,trn_aviation_intl,CO2,0.276757,0.256934,0.257593,0.252694,0.243155,0.256026,0.266623,0.263531,MTC
"UpdatedNZ_HeavyElec_NoInd,date=2025-3-10T01:25:51-06:00",TN,trn_freight,CO2,0.23484002,0.232108648,0.212384668,0.18468795,0.14143353,0.126170178,0.121311343,0.104614583,MTC
"UpdatedNZ_HeavyElec_NoInd,date=2025-3-10T01:25:51-06:00",TN,trn_freight_road,CO2,3.539939,3.6914723,3.07935327,2.47930739,1.639902381,1.18433223,0.75935415,0.2686047,MTC
"UpdatedNZ_HeavyElec_NoInd,date=2025-3-10T01:25:51-06:00",TN,trn_pass,CO2,1.0675124,1.00953049,1.00261337,0.98883761,0.88799381,0.8824739,0.7940293,0.4812141,MTC
"UpdatedNZ_HeavyElec_NoInd,date=2025-3-10T01:25:51-06:00",TN,trn_pass_road,CO2,0.14200333,0.17322142,0.18808388,0.13252823,0.091552867,0.05946042,0.041014946,0.031426857,MTC
"UpdatedNZ_HeavyElec_NoInd,date=2025-3-10T01:25:51-06:00",TN,trn_pass_road_LDV,CO2,0.0231473,0.0171955,0.0039029,0.002042,0.00205353,0.0021561,0.0022186,0.00211871,MTC
"UpdatedNZ_HeavyElec_NoInd,date=2025-3-10T01:25:51-06:00",TN,trn_pass_road_LDV_4W,CO2,6.57698484,5.54612653,4.38308637,2.74191066,1.543594869,0.68502688,0.5528046,0.43211516,MTC
"UpdatedNZ_HeavyElec_NoInd,date=2025-3-10T01:25:51-06:00",TN,trn_shipping_intl,CO2,0.00446245,0.004518443,0.004075733,0.00394667,0.00360968,0.00356913,0.003344474,0.001883855,MTC
"UpdatedNZ_HeavyElec_NoInd,date=2025-3-10T01:25:51-06:00",TX,H2 central production,CO2,0,0,0.054422026,0.112252377,0.104348032,0.121276204,0.142576894,0.208019287,MTC
"UpdatedNZ_HeavyElec_NoInd,date=2025-3-10T01:25:51-06:00",TX,H2 wholesale dispensing,CO2,0,0,0.215408,0.552327,0.834633,1.116793,1.351617,1.40673,MTC
"UpdatedNZ_HeavyElec_NoInd,date=2025-3-10T01:25:51-06:00",TX,N fertilizer,CO2,0.293115,0.3020756,0.314700494,0.299772867,0.221419544,0.134864654,0.091034827,0.062363646,MTC
"UpdatedNZ_HeavyElec_NoInd,date=2025-3-10T01:25:51-06:00",TX,airCO2,CO2,0,0,-0.00149335,-0.00758192,-4.07683,-31.219,-83.3195,-83.639,MTC
"UpdatedNZ_HeavyElec_NoInd,date=2025-3-10T01:25:51-06:00",TX,base load generation,CO2,41.158807,26.06131476,17.1933757,16.64616229,7.482391096,5.23771954,3.998741282,2.469870134,MTC
"UpdatedNZ_HeavyElec_NoInd,date=2025-3-10T01:25:51-06:00",TX,biomass liquids,CO2,0.2196624,0.2074051,0.1822647,0.1475911,0.52369233,0.628341368,0.99037299,1.382563212,MTC
"UpdatedNZ_HeavyElec_NoInd,date=2025-3-10T01:25:51-06:00",TX,cement,CO2,0.983292,0.954754,0.823727,0.86823938,0.58077583,0.3276273,0.21730609,0.161800216,MTC
"UpdatedNZ_HeavyElec_NoInd,date=2025-3-10T01:25:51-06:00",TX,coal to liquids,CO2,0,0,0,0,4.71E-05,7.74E-05,2.57E-04,5.75E-04,MTC
"UpdatedNZ_HeavyElec_NoInd,date=2025-3-10T01:25:51-06:00",TX,comm cooking,CO2,0.1968883,0.1946721,0.17431442,0.15807114,0.1247169,0.10141052,0.07768855,0.065385975,MTC
"UpdatedNZ_HeavyElec_NoInd,date=2025-3-10T01:25:51-06:00",TX,comm cooling,CO2,0.070006,0.070783,0.06945539,0.06935816,0.06696828,0.06470931,0.06068682,0.05752766,MTC
"UpdatedNZ_HeavyElec_NoInd,date=2025-3-10T01:25:51-06:00",TX,comm heating,CO2,1.00800044,0.92557483,0.82173798,0.71864502,0.55911534,0.410825742,0.16661381,0.120051309,MTC
"UpdatedNZ_HeavyElec_NoInd,date=2025-3-10T01:25:51-06:00",TX,comm hot water,CO2,0.4488856,0.4400616,0.40216853,0.36858948,0.29275221,0.22984008,0.156792122,0.128873756,MTC
"UpdatedNZ_HeavyElec_NoInd,date=2025-3-10T01:25:51-06:00",TX,comm other,CO2,1.34092,1.313185,1.35313,1.473321,1.568508,1.647665,1.628943,1.423098,MTC
"UpdatedNZ_HeavyElec_NoInd,date=2025-3-10T01:25:51-06:00",TX,gas to liquids,CO2,0,0,0,0,0.00438103,0.00740763,0.0265373,0.08126134,MTC
"UpdatedNZ_HeavyElec_NoInd,date=2025-3-10T01:25:51-06:00",TX,intermediate generation,CO2,17.17522715,14.41631369,12.48165732,10.71096197,6.589492381,5.647281271,5.671625952,3.125110497,MTC
"UpdatedNZ_HeavyElec_NoInd,date=2025-3-10T01:25:51-06:00",TX,oil refining,CO2,13.841,12.8469,11.5052,9.72251,7.7871975,6.7892354,6.0253224,4.0713502,MTC
"UpdatedNZ_HeavyElec_NoInd,date=2025-3-10T01:25:51-06:00",TX,other industrial energy use,CO2,37.7680014,36.7095163,38.79550555,41.16304818,42.5018532,43.85808458,44.1129011,39.36870477,MTC
"UpdatedNZ_HeavyElec_NoInd,date=2025-3-10T01:25:51-06:00",TX,other industrial feedstocks,CO2,3.40031,2.16881,0.712427,0.810491,0.371578,0.368873,0.417634,0.323405,MTC
"UpdatedNZ_HeavyElec_NoInd,date=2025-3-10T01:25:51-06:00",TX,peak generation,CO2,0.23466259,0.200739149,0.132675525,0.099035526,0.041818543,0.027392865,0.019715277,0.005039439,MTC
"UpdatedNZ_HeavyElec_NoInd,date=2025-3-10T01:25:51-06:00",TX,process heat cement,CO2,0.80582596,0.786226465,0.67538891,0.733742482,0.676858191,0.649459398,0.650351338,0.630592792,MTC
"UpdatedNZ_HeavyElec_NoInd,date=2025-3-10T01:25:51-06:00",TX,process heat dac,CO2,0,0,2.95E-05,1.40E-04,0.0701583,0.49401,1.19861,1.20567,MTC
"UpdatedNZ_HeavyElec_NoInd,date=2025-3-10T01:25:51-06:00",TX,regional biomass,CO2,-1.69374,-1.45196,-1.7409,-2.05464,-5.01653,-6.73289,-10.5877,-19.7212,MTC
"UpdatedNZ_HeavyElec_NoInd,date=2025-3-10T01:25:51-06:00",TX,regional biomassOil,CO2,-0.975967,-0.925666,-0.81039,-0.656018,-0.728384,-0.520882,-0.417954,-0.498271,MTC
"UpdatedNZ_HeavyElec_NoInd,date=2025-3-10T01:25:51-06:00",TX,regional corn for ethanol,CO2,-0.654781,-0.616971,-0.543127,-0.439869,-0.517707,-0.393804,-0.376435,-0.5406,MTC
"UpdatedNZ_HeavyElec_NoInd,date=2025-3-10T01:25:51-06:00",TX,resid clothes dryers,CO2,0.0347247,0.035994,0.03586722,0.03706205,0.03422446,0.03365761,0.03323437,0.03042398,MTC
"UpdatedNZ_HeavyElec_NoInd,date=2025-3-10T01:25:51-06:00",TX,resid cooking,CO2,0.1650283,0.16180669,0.15480602,0.14410376,0.125949906,0.102488104,0.096412432,0.083918213,MTC
"UpdatedNZ_HeavyElec_NoInd,date=2025-3-10T01:25:51-06:00",TX,resid heating,CO2,1.78617602,1.60745659,1.4703795,1.27952705,1.02738697,0.76597454,0.539401409,0.361484234,MTC
"UpdatedNZ_HeavyElec_NoInd,date=2025-3-10T01:25:51-06:00",TX,resid hot water,CO2,1.01086254,0.9597092,0.92821133,0.89838995,0.725884446,0.689950445,0.65404435,0.55895191,MTC
"UpdatedNZ_HeavyElec_NoInd,date=2025-3-10T01:25:51-06:00",TX,resid other,CO2,0.2007144,0.1689572,0.1834085,0.1886841,0.1888072,0.1946976,0.1924187,0.1637399,MTC
"UpdatedNZ_HeavyElec_NoInd,date=2025-3-10T01:25:51-06:00",TX,subpeak generation,CO2,0.83831935,0.732041446,0.523168305,0.39848408,0.192850857,0.1421549,0.148675443,0.056134475,MTC
"UpdatedNZ_HeavyElec_NoInd,date=2025-3-10T01:25:51-06:00",TX,trn_aviation_intl,CO2,1.83328,1.65059,1.63862,1.58883,1.52938,1.60169,1.66159,1.63723,MTC
"UpdatedNZ_HeavyElec_NoInd,date=2025-3-10T01:25:51-06:00",TX,trn_freight,CO2,3.03165,3.2104792,2.6112246,2.369143,1.903149,1.719624,1.405605,0.7014509,MTC
"UpdatedNZ_HeavyElec_NoInd,date=2025-3-10T01:25:51-06:00",TX,trn_freight_road,CO2,19.35896,19.117338,16.2671621,12.9852175,8.60827982,6.09787519,3.71553666,1.21709277,MTC
"UpdatedNZ_HeavyElec_NoInd,date=2025-3-10T01:25:51-06:00",TX,trn_pass,CO2,7.0598103,6.4534235,6.3367718,6.1722732,5.5225304,5.4036584,4.7252742,2.6937351,MTC
"UpdatedNZ_HeavyElec_NoInd,date=2025-3-10T01:25:51-06:00",TX,trn_pass_road,CO2,0.8104642,1.0098687,1.1053339,0.7954646,0.55200365,0.36016011,0.24800524,0.19071749,MTC
"UpdatedNZ_HeavyElec_NoInd,date=2025-3-10T01:25:51-06:00",TX,trn_pass_road_LDV,CO2,0.0975765,0.0689058,0.0139501,0.00725921,0.007285,0.00755879,0.00769488,0.00728724,MTC
"UpdatedNZ_HeavyElec_NoInd,date=2025-3-10T01:25:51-06:00",TX,trn_pass_road_LDV_4W,CO2,27.7242121,23.0432088,18.0261009,11.09473149,6.10599221,2.5468207,2.0561863,1.585158,MTC
"UpdatedNZ_HeavyElec_NoInd,date=2025-3-10T01:25:51-06:00",TX,trn_shipping_intl,CO2,7.28562,7.265474,6.519873,6.28436,5.7439,5.64979,5.19284,2.594783,MTC
"UpdatedNZ_HeavyElec_NoInd,date=2025-3-10T01:25:51-06:00",USA,backup_electricity,CO2,0,0.526265,2.29687,5.97714,15.1242,21.9415,28.5157,37.9214,MTC
"UpdatedNZ_HeavyElec_NoInd,date=2025-3-10T01:25:51-06:00",USA,csp_backup,CO2,0,0.00701581,0.0366587,0.136057,0.597221,1.06148,1.75042,2.68262,MTC
"UpdatedNZ_HeavyElec_NoInd,date=2025-3-10T01:25:51-06:00",USA,gas pipeline,CO2,9.31427,10.9826,11.1608,11.5709,10.4443,11.0898,12.8229,12.2602,MTC
"UpdatedNZ_HeavyElec_NoInd,date=2025-3-10T01:25:51-06:00",USA,gas processing,CO2,-1.14038,-5.57417,-29.2246,-37.3607,-32.3891,-35.381,-31.1823,-6.90003,MTC
"UpdatedNZ_HeavyElec_NoInd,date=2025-3-10T01:25:51-06:00",UT,H2 central production,CO2,0,0,0.005696446,0.011506012,0.009828934,0.010850324,0.011497988,0.012118951,MTC
"UpdatedNZ_HeavyElec_NoInd,date=2025-3-10T01:25:51-06:00",UT,H2 wholesale dispensing,CO2,0,0,0.0174038,0.0438683,0.0636338,0.08210233,0.0924476,0.0792304,MTC
"UpdatedNZ_HeavyElec_NoInd,date=2025-3-10T01:25:51-06:00",UT,airCO2,CO2,0,0,-7.62E-05,-4.08E-04,-0.267968,-2.26536,-6.69337,-6.67522,MTC
"UpdatedNZ_HeavyElec_NoInd,date=2025-3-10T01:25:51-06:00",UT,base load generation,CO2,2.098997953,0.790046269,0.376648978,0.388846373,0.224444088,0.200913816,0.226512827,0.172628822,MTC
"UpdatedNZ_HeavyElec_NoInd,date=2025-3-10T01:25:51-06:00",UT,biomass liquids,CO2,0.00173759,0.00164802,0.00144279,0.00116796,0.018623762,0.025595739,0.044624533,0.063502514,MTC
"UpdatedNZ_HeavyElec_NoInd,date=2025-3-10T01:25:51-06:00",UT,cement,CO2,0.0930685,0.09529292,0.08479761,0.089115166,0.061775872,0.036898298,0.025209096,0.018499554,MTC
"UpdatedNZ_HeavyElec_NoInd,date=2025-3-10T01:25:51-06:00",UT,coal to liquids,CO2,0,0,0,0,2.29E-05,3.67E-05,1.24E-04,2.61E-04,MTC
"UpdatedNZ_HeavyElec_NoInd,date=2025-3-10T01:25:51-06:00",UT,comm cooking,CO2,0.0475944,0.05108966,0.04872378,0.04870437,0.04286028,0.0389354,0.034343677,0.030389354,MTC
"UpdatedNZ_HeavyElec_NoInd,date=2025-3-10T01:25:51-06:00",UT,comm cooling,CO2,4.69E-04,4.94E-04,4.91E-04,4.87E-04,4.60E-04,4.32E-04,3.88E-04,3.65E-04,MTC
"UpdatedNZ_HeavyElec_NoInd,date=2025-3-10T01:25:51-06:00",UT,comm heating,CO2,0.3354899,0.32816464,0.3027989,0.28049564,0.22963158,0.180371618,0.100002959,0.077139042,MTC
"UpdatedNZ_HeavyElec_NoInd,date=2025-3-10T01:25:51-06:00",UT,comm hot water,CO2,0.0910237,0.09606634,0.09289899,0.09096981,0.07745541,0.064669723,0.049470908,0.041732026,MTC
"UpdatedNZ_HeavyElec_NoInd,date=2025-3-10T01:25:51-06:00",UT,comm other,CO2,0.1085839,0.1103801,0.1149277,0.1331802,0.1457726,0.1587172,0.1614599,0.1427968,MTC
"UpdatedNZ_HeavyElec_NoInd,date=2025-3-10T01:25:51-06:00",UT,gas to liquids,CO2,0,0,0,0,1.76E-04,2.97E-04,0.001064144,0.00325858,MTC
"UpdatedNZ_HeavyElec_NoInd,date=2025-3-10T01:25:51-06:00",UT,intermediate generation,CO2,7.23988665,4.03235771,2.835126858,2.481449952,1.915233897,1.724085113,1.649246017,0.997014337,MTC
"UpdatedNZ_HeavyElec_NoInd,date=2025-3-10T01:25:51-06:00",UT,oil refining,CO2,0.463941,0.429787,0.385151,0.32547,0.25837476,0.225553995,0.201225432,0.136580746,MTC
"UpdatedNZ_HeavyElec_NoInd,date=2025-3-10T01:25:51-06:00",UT,other industrial energy use,CO2,1.2158645,1.229186387,1.253940156,1.291897828,1.268540033,1.252527152,1.20855829,0.887932969,MTC
"UpdatedNZ_HeavyElec_NoInd,date=2025-3-10T01:25:51-06:00",UT,peak generation,CO2,0.01722253,0.014747663,0.009433395,0.007222516,0.002591557,0.00145652,8.74E-04,2.27E-04,MTC
"UpdatedNZ_HeavyElec_NoInd,date=2025-3-10T01:25:51-06:00",UT,process heat cement,CO2,0.076271413,0.078318733,0.069326984,0.075726663,0.070655586,0.068374008,0.068588373,0.066606791,MTC
"UpdatedNZ_HeavyElec_NoInd,date=2025-3-10T01:25:51-06:00",UT,process heat dac,CO2,0,0,1.50E-06,7.47E-06,0.004529,0.0343919,0.0891502,0.0899137,MTC
"UpdatedNZ_HeavyElec_NoInd,date=2025-3-10T01:25:51-06:00",UT,regional biomass,CO2,-0.105864,-0.0843371,-0.108982,-0.124397,-0.287596,-0.385957,-0.599795,-1.09319,MTC
"UpdatedNZ_HeavyElec_NoInd,date=2025-3-10T01:25:51-06:00",UT,regional biomassOil,CO2,-0.0246456,-0.0233753,-0.0204643,-0.0165661,-0.0187359,-0.0139012,-0.0140516,-0.0212253,MTC
"UpdatedNZ_HeavyElec_NoInd,date=2025-3-10T01:25:51-06:00",UT,regional corn for ethanol,CO2,0,0,0,0,-0.00159367,-0.00266457,-0.00813691,-0.0191313,MTC
"UpdatedNZ_HeavyElec_NoInd,date=2025-3-10T01:25:51-06:00",UT,resid clothes dryers,CO2,0.00332848,0.00348526,0.003413376,0.003392592,0.00295019,0.00280446,0.00272224,0.002470106,MTC
"UpdatedNZ_HeavyElec_NoInd,date=2025-3-10T01:25:51-06:00",UT,resid cooking,CO2,0.0151702,0.014897972,0.01395373,0.012507483,0.010333527,0.007681185,0.007044832,0.00606713,MTC
"UpdatedNZ_HeavyElec_NoInd,date=2025-3-10T01:25:51-06:00",UT,resid heating,CO2,0.64540102,0.606878575,0.567886083,0.512905824,0.425002042,0.329565297,0.244291136,0.172448123,MTC
"UpdatedNZ_HeavyElec_NoInd,date=2025-3-10T01:25:51-06:00",UT,resid hot water,CO2,0.212774342,0.212283124,0.207937385,0.204110238,0.170890341,0.163634606,0.158165575,0.140852126,MTC
"UpdatedNZ_HeavyElec_NoInd,date=2025-3-10T01:25:51-06:00",UT,resid other,CO2,0.01809236,0.01433697,0.0144231,0.01490429,0.01400917,0.01434602,0.01431188,0.01219176,MTC
"UpdatedNZ_HeavyElec_NoInd,date=2025-3-10T01:25:51-06:00",UT,subpeak generation,CO2,0.091005,0.081375121,0.058737451,0.046318107,0.020100597,0.012509429,0.009724819,0.00366424,MTC
"UpdatedNZ_HeavyElec_NoInd,date=2025-3-10T01:25:51-06:00",UT,trn_aviation_intl,CO2,0.143792,0.134066,0.135367,0.132956,0.128905,0.135667,0.141234,0.139079,MTC
"UpdatedNZ_HeavyElec_NoInd,date=2025-3-10T01:25:51-06:00",UT,trn_freight,CO2,0.100774,0.100144,0.0910567,0.07938401,0.0613932,0.0544785,0.0516279,0.0440174,MTC
"UpdatedNZ_HeavyElec_NoInd,date=2025-3-10T01:25:51-06:00",UT,trn_freight_road,CO2,1.526028,1.60193,1.31527212,1.02517511,0.644183734,0.428341315,0.25083896,0.08491785,MTC
"UpdatedNZ_HeavyElec_NoInd,date=2025-3-10T01:25:51-06:00",UT,trn_pass,CO2,0.55375819,0.52626142,0.52758437,0.52269241,0.46973759,0.46075435,0.40299075,0.22952995,MTC
"UpdatedNZ_HeavyElec_NoInd,date=2025-3-10T01:25:51-06:00",UT,trn_pass_road,CO2,0.0695357,0.08526883,0.0920695,0.06527463,0.04512038,0.029583608,0.020482019,0.015788417,MTC
"UpdatedNZ_HeavyElec_NoInd,date=2025-3-10T01:25:51-06:00",UT,trn_pass_road_LDV,CO2,0.00821615,0.0060668,0.00132755,7.00E-04,7.03E-04,7.36E-04,7.56E-04,7.21E-04,MTC
"UpdatedNZ_HeavyElec_NoInd,date=2025-3-10T01:25:51-06:00",UT,trn_pass_road_LDV_4W,CO2,2.33446234,1.96297948,1.541689068,0.95513397,0.528047634,0.22356626,0.17723214,0.13586975,MTC
"UpdatedNZ_HeavyElec_NoInd,date=2025-3-10T01:25:51-06:00",UT,trn_shipping_intl,CO2,0,0,0,0,0,0,0,0,MTC
"UpdatedNZ_HeavyElec_NoInd,date=2025-3-10T01:25:51-06:00",VA,H2 central production,CO2,0,0,0.010457863,0.021734015,0.018361734,0.020733727,0.022689746,0.025713005,MTC
"UpdatedNZ_HeavyElec_NoInd,date=2025-3-10T01:25:51-06:00",VA,H2 wholesale dispensing,CO2,0,0,0.0339478,0.0869292,0.1312705,0.1750479,0.2066716,0.1924071,MTC
"UpdatedNZ_HeavyElec_NoInd,date=2025-3-10T01:25:51-06:00",VA,airCO2,CO2,0,0,-7.30E-05,-3.82E-04,-0.216108,-1.7735,-5.2079,-5.2231,MTC
"UpdatedNZ_HeavyElec_NoInd,date=2025-3-10T01:25:51-06:00",VA,base load generation,CO2,5.178369,2.25398373,2.685478822,2.898551656,1.653703407,1.444796685,1.355988549,0.745149479,MTC
"UpdatedNZ_HeavyElec_NoInd,date=2025-3-10T01:25:51-06:00",VA,biomass liquids,CO2,0.02147688,0.02021208,0.01780828,0.01442493,0.022490762,0.020391281,0.023035626,0.028432763,MTC
"UpdatedNZ_HeavyElec_NoInd,date=2025-3-10T01:25:51-06:00",VA,cement,CO2,0.236625,0.21543,0.204593,0.21166818,0.14359134,0.08232503,0.05505801,0.040501881,MTC
"UpdatedNZ_HeavyElec_NoInd,date=2025-3-10T01:25:51-06:00",VA,coal to liquids,CO2,0,0,0,0,1.93E-05,2.96E-05,1.03E-04,2.09E-04,MTC
"UpdatedNZ_HeavyElec_NoInd,date=2025-3-10T01:25:51-06:00",VA,comm cooking,CO2,0.0680372,0.06714372,0.06074781,0.05499171,0.04377912,0.03606309,0.028372178,0.024331211,MTC
"UpdatedNZ_HeavyElec_NoInd,date=2025-3-10T01:25:51-06:00",VA,comm cooling,CO2,0.00237282,0.00235157,0.002259771,0.00217139,0.002023138,0.001903151,0.001739075,0.001662801,MTC
"UpdatedNZ_HeavyElec_NoInd,date=2025-3-10T01:25:51-06:00",VA,comm heating,CO2,0.8593845,0.7854691,0.71589937,0.63955086,0.50785842,0.38050559,0.16775249,0.119880104,MTC
"UpdatedNZ_HeavyElec_NoInd,date=2025-3-10T01:25:51-06:00",VA,comm hot water,CO2,0.1706355,0.16480542,0.15130998,0.13605309,0.10677741,0.082147052,0.05428994,0.045055334,MTC
"UpdatedNZ_HeavyElec_NoInd,date=2025-3-10T01:25:51-06:00",VA,comm other,CO2,0.363008,0.341448,0.363795,0.410631,0.45658,0.490819,0.488632,0.4216844,MTC
"UpdatedNZ_HeavyElec_NoInd,date=2025-3-10T01:25:51-06:00",VA,gas to liquids,CO2,0,0,0,0,6.18E-05,1.04E-04,3.74E-04,0.001145785,MTC
"UpdatedNZ_HeavyElec_NoInd,date=2025-3-10T01:25:51-06:00",VA,intermediate generation,CO2,4.03115562,3.53418519,3.17244253,2.841970011,2.052454096,1.789615969,1.590724683,1.010478113,MTC
"UpdatedNZ_HeavyElec_NoInd,date=2025-3-10T01:25:51-06:00",VA,oil refining,CO2,0,0,0,0,0,0,0,0,MTC
"UpdatedNZ_HeavyElec_NoInd,date=2025-3-10T01:25:51-06:00",VA,other industrial energy use,CO2,3.6548822,3.660165031,3.90641165,4.107134686,4.079903072,4.106231662,4.079428382,3.262796498,MTC
"UpdatedNZ_HeavyElec_NoInd,date=2025-3-10T01:25:51-06:00",VA,peak generation,CO2,0.05112225,0.043971787,0.028832114,0.023367794,0.012887381,0.009381499,0.006607463,0.002375316,MTC
"UpdatedNZ_HeavyElec_NoInd,date=2025-3-10T01:25:51-06:00",VA,process heat cement,CO2,0.19391906,0.17661037,0.1677456,0.17686526,0.162619703,0.152805746,0.150234753,0.144061924,MTC
"UpdatedNZ_HeavyElec_NoInd,date=2025-3-10T01:25:51-06:00",VA,process heat dac,CO2,0,0,1.44E-06,7.06E-06,0.00372138,0.0280726,0.0746642,0.0753331,MTC
"UpdatedNZ_HeavyElec_NoInd,date=2025-3-10T01:25:51-06:00",VA,regional biomass,CO2,-2.50674,-1.79805,-2.1828,-2.29686,-2.37158,-2.55904,-2.70735,-2.78934,MTC
"UpdatedNZ_HeavyElec_NoInd,date=2025-3-10T01:25:51-06:00",VA,regional biomassOil,CO2,-0.0221805,-0.0210372,-0.0184174,-0.0149091,-0.0171268,-0.012984,-0.0139228,-0.0217684,MTC
"UpdatedNZ_HeavyElec_NoInd,date=2025-3-10T01:25:51-06:00",VA,regional corn for ethanol,CO2,-0.0864329,-0.0812932,-0.0716609,-0.0580493,-0.0654172,-0.0468767,-0.032264,-0.0287505,MTC
"UpdatedNZ_HeavyElec_NoInd,date=2025-3-10T01:25:51-06:00",VA,resid clothes dryers,CO2,0.00883382,0.00896074,0.00866063,0.0085641,0.00756281,0.007369439,0.00723474,0.00661192,MTC
"UpdatedNZ_HeavyElec_NoInd,date=2025-3-10T01:25:51-06:00",VA,resid cooking,CO2,0.0472812,0.045588982,0.042984734,0.038877119,0.033288282,0.026408897,0.024933339,0.021763778,MTC
"UpdatedNZ_HeavyElec_NoInd,date=2025-3-10T01:25:51-06:00",VA,resid heating,CO2,1.3490405,1.21114779,1.11434625,0.97581919,0.78749329,0.58980298,0.415884988,0.277082906,MTC
"UpdatedNZ_HeavyElec_NoInd,date=2025-3-10T01:25:51-06:00",VA,resid hot water,CO2,0.3039107,0.27273421,0.256360904,0.237896606,0.177232065,0.16730199,0.158036358,0.13454087,MTC
"UpdatedNZ_HeavyElec_NoInd,date=2025-3-10T01:25:51-06:00",VA,resid other,CO2,0.0604587,0.0455614,0.0512253,0.0520031,0.0517196,0.0533366,0.0528838,0.0444464,MTC
"UpdatedNZ_HeavyElec_NoInd,date=2025-3-10T01:25:51-06:00",VA,subpeak generation,CO2,0.3450647,0.31435197,0.224031186,0.183626332,0.111226499,0.086298057,0.068053946,0.032885134,MTC
"UpdatedNZ_HeavyElec_NoInd,date=2025-3-10T01:25:51-06:00",VA,trn_aviation_intl,CO2,0.259461,0.23731,0.235559,0.226192,0.215947,0.224431,0.230872,0.22534,MTC
"UpdatedNZ_HeavyElec_NoInd,date=2025-3-10T01:25:51-06:00",VA,trn_freight,CO2,0.2491944,0.247844231,0.22027688,0.18848422,0.14385406,0.12678564,0.11773546,0.093880837,MTC
"UpdatedNZ_HeavyElec_NoInd,date=2025-3-10T01:25:51-06:00",VA,trn_freight_road,CO2,3.417976,3.516543,2.92169258,2.31013525,1.511064696,1.07245527,0.67654953,0.235223597,MTC
"UpdatedNZ_HeavyElec_NoInd,date=2025-3-10T01:25:51-06:00",VA,trn_pass,CO2,1.00107742,0.93120159,0.91521777,0.88120359,0.7843323,0.76686736,0.6791494,0.40462694,MTC
"UpdatedNZ_HeavyElec_NoInd,date=2025-3-10T01:25:51-06:00",VA,trn_pass_road,CO2,0.13741864,0.17056082,0.1871254,0.13455128,0.093711265,0.06138127,0.042681771,0.033124647,MTC
"UpdatedNZ_HeavyElec_NoInd,date=2025-3-10T01:25:51-06:00",VA,trn_pass_road_LDV,CO2,0.0281825,0.0209382,0.00437295,0.00221738,0.0021952,0.00225361,0.00227107,0.00212177,MTC
"UpdatedNZ_HeavyElec_NoInd,date=2025-3-10T01:25:51-06:00",VA,trn_pass_road_LDV_4W,CO2,8.00748947,6.72543872,5.29987352,3.29320469,1.83926968,0.79850832,0.6429551,0.50006373,MTC
"UpdatedNZ_HeavyElec_NoInd,date=2025-3-10T01:25:51-06:00",VA,trn_shipping_intl,CO2,0.0975869,0.09821025,0.08813466,0.0842842,0.076675,0.0751625,0.0698119,0.03885456,MTC
"UpdatedNZ_HeavyElec_NoInd,date=2025-3-10T01:25:51-06:00",VT,H2 central production,CO2,0,0,0.001040979,0.00246464,0.002157894,0.002454071,0.002653578,0.002809146,MTC
"UpdatedNZ_HeavyElec_NoInd,date=2025-3-10T01:25:51-06:00",VT,H2 wholesale dispensing,CO2,0,0,0.00209044,0.00552201,0.00857592,0.011714638,0.01410966,0.0130045,MTC
"UpdatedNZ_HeavyElec_NoInd,date=2025-3-10T01:25:51-06:00",VT,airCO2,CO2,0,0,-1.31E-07,-7.32E-07,-4.08E-04,-0.00371929,-0.0126131,-9.59E-04,MTC
"UpdatedNZ_HeavyElec_NoInd,date=2025-3-10T01:25:51-06:00",VT,base load generation,CO2,0.080822898,0.006226794,0.0388067,0.042826953,0.02349608,0.020837706,0.019261835,0.019838512,MTC
"UpdatedNZ_HeavyElec_NoInd,date=2025-3-10T01:25:51-06:00",VT,comm cooking,CO2,0.00176768,0.001754171,0.00160375,0.001453124,0.00118291,9.96E-04,8.03E-04,7.01E-04,MTC
"UpdatedNZ_HeavyElec_NoInd,date=2025-3-10T01:25:51-06:00",VT,comm cooling,CO2,5.72E-04,5.74E-04,5.53E-04,5.34E-04,5.01E-04,4.75E-04,4.36E-04,4.17E-04,MTC
"UpdatedNZ_HeavyElec_NoInd,date=2025-3-10T01:25:51-06:00",VT,comm heating,CO2,0.1889524,0.18905104,0.18283918,0.17748946,0.15451375,0.127466235,0.079938021,0.05945226,MTC
"UpdatedNZ_HeavyElec_NoInd,date=2025-3-10T01:25:51-06:00",VT,comm hot water,CO2,0.00724996,0.007274323,0.00691863,0.006459458,0.005339242,0.004215708,0.002874616,0.002314134,MTC
"UpdatedNZ_HeavyElec_NoInd,date=2025-3-10T01:25:51-06:00",VT,comm other,CO2,0.0436649,0.0431117,0.0431134,0.0434048,0.0424004,0.0421835,0.041356,0.0365411,MTC
"UpdatedNZ_HeavyElec_NoInd,date=2025-3-10T01:25:51-06:00",VT,intermediate generation,CO2,0.080359055,0.050220213,0.098106815,0.126247361,0.105889662,0.112703223,0.118926445,0.108508113,MTC
"UpdatedNZ_HeavyElec_NoInd,date=2025-3-10T01:25:51-06:00",VT,other industrial energy use,CO2,0.0597094,0.061459511,0.064496272,0.066894082,0.069020185,0.07004076,0.069021635,0.057178763,MTC
"UpdatedNZ_HeavyElec_NoInd,date=2025-3-10T01:25:51-06:00",VT,peak generation,CO2,2.51E-06,2.06E-06,1.81E-06,1.60E-06,1.04E-06,7.61E-07,5.32E-07,2.08E-07,MTC
"UpdatedNZ_HeavyElec_NoInd,date=2025-3-10T01:25:51-06:00",VT,process heat dac,CO2,0,0,2.59E-09,1.34E-08,6.96E-06,5.73E-05,1.69E-04,9.66E-06,MTC
"UpdatedNZ_HeavyElec_NoInd,date=2025-3-10T01:25:51-06:00",VT,regional biomass,CO2,-0.490669,-0.381231,-0.436206,-0.458902,-0.395058,-0.36827,-0.329896,-0.311455,MTC
"UpdatedNZ_HeavyElec_NoInd,date=2025-3-10T01:25:51-06:00",VT,resid clothes dryers,CO2,2.34E-04,2.39E-04,2.29E-04,2.28E-04,2.04E-04,2.02E-04,2.02E-04,1.86E-04,MTC
"UpdatedNZ_HeavyElec_NoInd,date=2025-3-10T01:25:51-06:00",VT,resid cooking,CO2,0.002545506,0.002512286,0.002400683,0.002213775,0.001980417,0.001675053,0.001596711,0.00139181,MTC
"UpdatedNZ_HeavyElec_NoInd,date=2025-3-10T01:25:51-06:00",VT,resid heating,CO2,0.503362928,0.496576039,0.488753608,0.480625641,0.433528782,0.369899807,0.296646507,0.215487702,MTC
"UpdatedNZ_HeavyElec_NoInd,date=2025-3-10T01:25:51-06:00",VT,resid hot water,CO2,0.028573492,0.027005704,0.025390415,0.022945996,0.016657053,0.014666752,0.01243362,0.009289423,MTC
"UpdatedNZ_HeavyElec_NoInd,date=2025-3-10T01:25:51-06:00",VT,resid other,CO2,0.00389216,0.003253138,0.003403792,0.003402744,0.003582944,0.003684799,0.003551495,0.002896707,MTC
"UpdatedNZ_HeavyElec_NoInd,date=2025-3-10T01:25:51-06:00",VT,subpeak generation,CO2,1.76E-05,1.39E-05,6.31E-05,1.09E-04,1.02E-04,1.29E-04,1.81E-04,1.47E-04,MTC
"UpdatedNZ_HeavyElec_NoInd,date=2025-3-10T01:25:51-06:00",VT,trn_aviation_intl,CO2,0.00595095,0.00544598,0.00538011,0.00526302,0.00510081,0.00542404,0.00569747,0.00566893,MTC
"UpdatedNZ_HeavyElec_NoInd,date=2025-3-10T01:25:51-06:00",VT,trn_freight,CO2,0.016267,0.015795,0.014158331,0.01221721,0.00943353,0.00851137,0.00828766,0.00723117,MTC
"UpdatedNZ_HeavyElec_NoInd,date=2025-3-10T01:25:51-06:00",VT,trn_freight_road,CO2,0.2463469,0.25304018,0.208005969,0.166774948,0.112221779,0.082662499,0.054026506,0.019510864,MTC
"UpdatedNZ_HeavyElec_NoInd,date=2025-3-10T01:25:51-06:00",VT,trn_pass,CO2,0.023437639,0.021773401,0.021273168,0.020932863,0.019068785,0.019228977,0.017592198,0.011015393,MTC
"UpdatedNZ_HeavyElec_NoInd,date=2025-3-10T01:25:51-06:00",VT,trn_pass_road,CO2,0.009552229,0.011755211,0.012847131,0.0091226,0.006310207,0.004079092,0.002791262,0.002120144,MTC
"UpdatedNZ_HeavyElec_NoInd,date=2025-3-10T01:25:51-06:00",VT,trn_pass_road_LDV,CO2,0.00219126,0.00160098,3.55E-04,1.83E-04,1.87E-04,1.99E-04,2.08E-04,2.00E-04,MTC
"UpdatedNZ_HeavyElec_NoInd,date=2025-3-10T01:25:51-06:00",VT,trn_pass_road_LDV_4W,CO2,0.622629559,0.525529826,0.415473268,0.259951763,0.14673446,0.065771006,0.05324368,0.041703901,MTC
"UpdatedNZ_HeavyElec_NoInd,date=2025-3-10T01:25:51-06:00",VT,trn_shipping_intl,CO2,0,0,0,0,0,0,0,0,MTC
"UpdatedNZ_HeavyElec_NoInd,date=2025-3-10T01:25:51-06:00",WA,H2 central production,CO2,0,0,0.013622584,0.029298099,0.02607396,0.031253404,0.040318926,0.072644549,MTC
"UpdatedNZ_HeavyElec_NoInd,date=2025-3-10T01:25:51-06:00",WA,H2 wholesale dispensing,CO2,0,0,0.0369454,0.093262,0.1402573,0.1895005,0.2445513,0.2955668,MTC
"UpdatedNZ_HeavyElec_NoInd,date=2025-3-10T01:25:51-06:00",WA,airCO2,CO2,0,0,-3.56E-05,-1.91E-04,-0.125114,-1.0589,-3.13424,-3.12568,MTC
"UpdatedNZ_HeavyElec_NoInd,date=2025-3-10T01:25:51-06:00",WA,base load generation,CO2,0.668679271,0.246974395,0.720385235,0.95540148,0.5821536,0.514224601,0.569102224,0.427832692,MTC
"UpdatedNZ_HeavyElec_NoInd,date=2025-3-10T01:25:51-06:00",WA,biomass liquids,CO2,0.0180709,0.0171394,0.015005,0.0121467,0.193169804,0.265437768,0.462701503,0.657634177,MTC
"UpdatedNZ_HeavyElec_NoInd,date=2025-3-10T01:25:51-06:00",WA,cement,CO2,0.187766,0.180673,0.182744576,0.187315341,0.133047963,0.083771933,0.05962123,0.042722325,MTC
"UpdatedNZ_HeavyElec_NoInd,date=2025-3-10T01:25:51-06:00",WA,comm cooking,CO2,0.0452664,0.0476355,0.04484209,0.0411425,0.03340484,0.02711288,0.02048599,0.016730437,MTC
"UpdatedNZ_HeavyElec_NoInd,date=2025-3-10T01:25:51-06:00",WA,comm cooling,CO2,0.00205616,0.002172078,0.002152561,0.002068922,0.001900782,0.001729945,0.001498716,0.001381584,MTC
"UpdatedNZ_HeavyElec_NoInd,date=2025-3-10T01:25:51-06:00",WA,comm heating,CO2,0.44469,0.4312587,0.40368043,0.36562797,0.29276282,0.21979461,0.10315804,0.07185973,MTC
"UpdatedNZ_HeavyElec_NoInd,date=2025-3-10T01:25:51-06:00",WA,comm hot water,CO2,0.1251386,0.12969707,0.12347784,0.11393586,0.091634,0.071605272,0.049279201,0.040424826,MTC
"UpdatedNZ_HeavyElec_NoInd,date=2025-3-10T01:25:51-06:00",WA,comm other,CO2,0.376898,0.384278,0.39279,0.423003,0.431963,0.449442,0.446801,0.391666,MTC
"UpdatedNZ_HeavyElec_NoInd,date=2025-3-10T01:25:51-06:00",WA,intermediate generation,CO2,2.3088765,1.2833199,1.108649567,1.000900223,0.581754509,0.438354112,0.360411982,0.171327164,MTC
"UpdatedNZ_HeavyElec_NoInd,date=2025-3-10T01:25:51-06:00",WA,oil refining,CO2,1.62389,1.50434,1.34811,1.13921,0.90436445,0.78948284,0.70432972,0.47805895,MTC
"UpdatedNZ_HeavyElec_NoInd,date=2025-3-10T01:25:51-06:00",WA,other industrial energy use,CO2,2.65397054,2.752924959,2.981470018,3.141821898,3.14983699,3.160136084,3.086464642,2.137501178,MTC
"UpdatedNZ_HeavyElec_NoInd,date=2025-3-10T01:25:51-06:00",WA,peak generation,CO2,0.030484499,0.026070812,0.016662829,0.012756363,0.004570823,0.002568285,0.001538954,3.92E-04,MTC
"UpdatedNZ_HeavyElec_NoInd,date=2025-3-10T01:25:51-06:00",WA,process heat cement,CO2,0.15387749,0.14812499,0.149930713,0.158077741,0.14883362,0.143688476,0.143968908,0.139573705,MTC
"UpdatedNZ_HeavyElec_NoInd,date=2025-3-10T01:25:51-06:00",WA,process heat dac,CO2,0,0,7.01E-07,3.48E-06,0.00211436,0.0160719,0.0417239,0.0420826,MTC
"UpdatedNZ_HeavyElec_NoInd,date=2025-3-10T01:25:51-06:00",WA,regional biomass,CO2,-2.28931,-2.15526,-2.40806,-2.53062,-3.70923,-4.32233,-5.94753,-9.65513,MTC
"UpdatedNZ_HeavyElec_NoInd,date=2025-3-10T01:25:51-06:00",WA,regional biomassOil,CO2,-0.256315,-0.243103,-0.212829,-0.172287,-0.194844,-0.144553,-0.146058,-0.220572,MTC
"UpdatedNZ_HeavyElec_NoInd,date=2025-3-10T01:25:51-06:00",WA,regional corn for ethanol,CO2,0,0,0,0,-0.0165542,-0.0276787,-0.0845354,-0.198783,MTC
"UpdatedNZ_HeavyElec_NoInd,date=2025-3-10T01:25:51-06:00",WA,resid clothes dryers,CO2,0.00450566,0.00491407,0.0049236,0.00485434,0.004166201,0.00387728,0.003712418,0.003340836,MTC
"UpdatedNZ_HeavyElec_NoInd,date=2025-3-10T01:25:51-06:00",WA,resid cooking,CO2,0.02404363,0.02394254,0.022549875,0.019910333,0.016175372,0.011681329,0.010518064,0.008901216,MTC
"UpdatedNZ_HeavyElec_NoInd,date=2025-3-10T01:25:51-06:00",WA,resid heating,CO2,1.16046072,1.05645159,0.98055696,0.86417085,0.695995893,0.517669055,0.359826006,0.234957731,MTC
"UpdatedNZ_HeavyElec_NoInd,date=2025-3-10T01:25:51-06:00",WA,resid hot water,CO2,0.3453331,0.32622357,0.30460853,0.277019664,0.194503898,0.177315234,0.164761448,0.139095553,MTC
"UpdatedNZ_HeavyElec_NoInd,date=2025-3-10T01:25:51-06:00",WA,resid other,CO2,0.03070812,0.02532038,0.02586774,0.02628733,0.02465597,0.02503704,0.02455846,0.02047746,MTC
"UpdatedNZ_HeavyElec_NoInd,date=2025-3-10T01:25:51-06:00",WA,subpeak generation,CO2,0.161084383,0.14217234,0.101258016,0.079293055,0.033682986,0.020718954,0.015469941,0.005515193,MTC
"UpdatedNZ_HeavyElec_NoInd,date=2025-3-10T01:25:51-06:00",WA,trn_aviation_intl,CO2,0.434427,0.415435,0.425751,0.412061,0.395579,0.411747,0.424847,0.416824,MTC
"UpdatedNZ_HeavyElec_NoInd,date=2025-3-10T01:25:51-06:00",WA,trn_freight,CO2,0.981762,1.1428126,0.97092526,0.9162497,0.7554909,0.675472,0.4919749,0.1576122,MTC
"UpdatedNZ_HeavyElec_NoInd,date=2025-3-10T01:25:51-06:00",WA,trn_freight_road,CO2,2.789065,2.9263614,2.62451647,2.09961217,1.391698912,0.94651496,0.55344704,0.180093982,MTC
"UpdatedNZ_HeavyElec_NoInd,date=2025-3-10T01:25:51-06:00",WA,trn_pass,CO2,1.66787753,1.63317279,1.66866285,1.6262825,1.44315092,1.38828714,1.18507465,0.65074766,MTC
"UpdatedNZ_HeavyElec_NoInd,date=2025-3-10T01:25:51-06:00",WA,trn_pass_road,CO2,0.1167233,0.14226233,0.15322489,0.10778931,0.07383939,0.047881812,0.032827811,0.025352214,MTC
"UpdatedNZ_HeavyElec_NoInd,date=2025-3-10T01:25:51-06:00",WA,trn_pass_road_LDV,CO2,0.0196486,0.0163711,0.00317216,0.00164966,0.00161945,0.001657,0.00166845,0.00155831,MTC
"UpdatedNZ_HeavyElec_NoInd,date=2025-3-10T01:25:51-06:00",WA,trn_pass_road_LDV_4W,CO2,5.58288829,4.69948379,3.68557666,2.26800032,1.243316342,0.51342586,0.4016869,0.30463553,MTC
"UpdatedNZ_HeavyElec_NoInd,date=2025-3-10T01:25:51-06:00",WA,trn_shipping_intl,CO2,3.31438,3.4410791,3.188765,3.08964,2.82527,2.755186,2.458534,1.099117,MTC
"UpdatedNZ_HeavyElec_NoInd,date=2025-3-10T01:25:51-06:00",WI,H2 central production,CO2,0,0,0.008386974,0.017552924,0.015608202,0.017659061,0.019076625,0.020416468,MTC
"UpdatedNZ_HeavyElec_NoInd,date=2025-3-10T01:25:51-06:00",WI,H2 wholesale dispensing,CO2,0,0,0.0248543,0.0642341,0.0965973,0.1280502,0.1484963,0.1295941,MTC
"UpdatedNZ_HeavyElec_NoInd,date=2025-3-10T01:25:51-06:00",WI,airCO2,CO2,0,0,-5.73E-05,-3.04E-04,-0.188039,-1.65581,-5.22194,-5.27887,MTC
"UpdatedNZ_HeavyElec_NoInd,date=2025-3-10T01:25:51-06:00",WI,base load generation,CO2,5.18879176,3.13187568,2.011641927,1.880716124,0.802781151,0.647829787,0.577829212,0.385586608,MTC
"UpdatedNZ_HeavyElec_NoInd,date=2025-3-10T01:25:51-06:00",WI,biomass liquids,CO2,0.21614404,0.20287529,0.17911913,0.1451271,0.211987299,0.186464704,0.202954467,0.243613063,MTC
"UpdatedNZ_HeavyElec_NoInd,date=2025-3-10T01:25:51-06:00",WI,cement,CO2,0.146179,0.14954306,0.13085903,0.136512207,0.093173051,0.053979774,0.03582623,0.026175858,MTC
"UpdatedNZ_HeavyElec_NoInd,date=2025-3-10T01:25:51-06:00",WI,comm cooking,CO2,0.0354053,0.03520247,0.032170625,0.028939333,0.023105259,0.018850416,0.014530636,0.012369392,MTC
"UpdatedNZ_HeavyElec_NoInd,date=2025-3-10T01:25:51-06:00",WI,comm cooling,CO2,0.00342788,0.003401267,0.003245274,0.003057904,0.002779611,0.00254117,0.002221324,0.002101946,MTC
"UpdatedNZ_HeavyElec_NoInd,date=2025-3-10T01:25:51-06:00",WI,comm heating,CO2,1.1468149,1.0923819,1.00693118,0.93539441,0.77510404,0.62311144,0.36857442,0.29269892,MTC
"UpdatedNZ_HeavyElec_NoInd,date=2025-3-10T01:25:51-06:00",WI,comm hot water,CO2,0.1261747,0.12591262,0.11799737,0.11145758,0.09296665,0.078220547,0.061176574,0.053364416,MTC
"UpdatedNZ_HeavyElec_NoInd,date=2025-3-10T01:25:51-06:00",WI,comm other,CO2,0.2071114,0.1923531,0.2015817,0.2337051,0.2610901,0.2824504,0.2829963,0.24657,MTC
"UpdatedNZ_HeavyElec_NoInd,date=2025-3-10T01:25:51-06:00",WI,intermediate generation,CO2,6.47065332,4.48808632,4.007188321,3.624771218,2.332863114,2.205027927,2.190528347,1.651500332,MTC
"UpdatedNZ_HeavyElec_NoInd,date=2025-3-10T01:25:51-06:00",WI,oil refining,CO2,0.0973852,0.0901359,0.080766,0.0682456,0.05357265,0.046818519,0.042027872,0.028601263,MTC
"UpdatedNZ_HeavyElec_NoInd,date=2025-3-10T01:25:51-06:00",WI,other industrial energy use,CO2,3.5195256,3.541677991,3.682995047,3.83343993,3.840168172,3.857973516,3.815601075,3.043618365,MTC
"UpdatedNZ_HeavyElec_NoInd,date=2025-3-10T01:25:51-06:00",WI,peak generation,CO2,0.092494,0.08009538,0.061726887,0.0495137,0.027763366,0.019201779,0.013714715,0.006066014,MTC
"UpdatedNZ_HeavyElec_NoInd,date=2025-3-10T01:25:51-06:00",WI,process heat cement,CO2,0.11979646,0.122813455,0.106978921,0.115436732,0.106209802,0.101471873,0.100908481,0.097330819,MTC
"UpdatedNZ_HeavyElec_NoInd,date=2025-3-10T01:25:51-06:00",WI,process heat dac,CO2,0,0,1.13E-06,5.58E-06,0.0032099,0.0256148,0.071263,0.072089,MTC
"UpdatedNZ_HeavyElec_NoInd,date=2025-3-10T01:25:51-06:00",WI,regional biomass,CO2,-2.1846,-1.89535,-2.11711,-2.20155,-2.52505,-2.71639,-3.18462,-4.31563,MTC
"UpdatedNZ_HeavyElec_NoInd,date=2025-3-10T01:25:51-06:00",WI,regional biomassOil,CO2,-0.0714729,-0.0677886,-0.059347,-0.048042,-0.0546156,-0.040948,-0.0438259,-0.0695276,MTC
"UpdatedNZ_HeavyElec_NoInd,date=2025-3-10T01:25:51-06:00",WI,regional corn for ethanol,CO2,-0.916301,-0.859836,-0.759307,-0.615224,-0.684673,-0.485088,-0.31853,-0.256804,MTC
"UpdatedNZ_HeavyElec_NoInd,date=2025-3-10T01:25:51-06:00",WI,resid clothes dryers,CO2,0.00582484,0.00586562,0.00558339,0.00540264,0.004607568,0.004431119,0.00432186,0.003925734,MTC
"UpdatedNZ_HeavyElec_NoInd,date=2025-3-10T01:25:51-06:00",WI,resid cooking,CO2,0.03213224,0.030993111,0.028903141,0.025764722,0.021633296,0.016590208,0.01547094,0.013386063,MTC
"UpdatedNZ_HeavyElec_NoInd,date=2025-3-10T01:25:51-06:00",WI,resid heating,CO2,2.2571509,2.09958759,1.97108476,1.78772646,1.48766045,1.15709823,0.8538309,0.593639425,MTC
"UpdatedNZ_HeavyElec_NoInd,date=2025-3-10T01:25:51-06:00",WI,resid hot water,CO2,0.32354506,0.30061087,0.2822861,0.261576993,0.194755934,0.179699067,0.166356835,0.140176366,MTC
"UpdatedNZ_HeavyElec_NoInd,date=2025-3-10T01:25:51-06:00",WI,resid other,CO2,0.0415628,0.0303354,0.0319655,0.032733,0.0319133,0.0324879,0.0318334,0.02657743,MTC
"UpdatedNZ_HeavyElec_NoInd,date=2025-3-10T01:25:51-06:00",WI,subpeak generation,CO2,0.5231908,0.5256297,0.47388589,0.41884222,0.29392341,0.24455021,0.22473517,0.143278276,MTC
"UpdatedNZ_HeavyElec_NoInd,date=2025-3-10T01:25:51-06:00",WI,trn_aviation_intl,CO2,0.0446047,0.0411968,0.0411315,0.0398814,0.0382323,0.0399582,0.0413768,0.0405825,MTC
"UpdatedNZ_HeavyElec_NoInd,date=2025-3-10T01:25:51-06:00",WI,trn_freight,CO2,0.175577,0.172849,0.15692177,0.1345878,0.102509,0.0904549,0.0859954,0.0733301,MTC
"UpdatedNZ_HeavyElec_NoInd,date=2025-3-10T01:25:51-06:00",WI,trn_freight_road,CO2,2.658793,2.7661168,2.28883938,1.81127099,1.174311864,0.81975563,0.50576216,0.173377,MTC
"UpdatedNZ_HeavyElec_NoInd,date=2025-3-10T01:25:51-06:00",WI,trn_pass,CO2,0.17793411,0.16701413,0.16558768,0.16159617,0.14489605,0.14255983,0.12725446,0.07754915,MTC
"UpdatedNZ_HeavyElec_NoInd,date=2025-3-10T01:25:51-06:00",WI,trn_pass_road,CO2,0.10466482,0.12820914,0.139442197,0.0988642,0.068403472,0.044572312,0.030807009,0.023739422,MTC
"UpdatedNZ_HeavyElec_NoInd,date=2025-3-10T01:25:51-06:00",WI,trn_pass_road_LDV,CO2,0.0183905,0.0137231,0.0029647,0.00152566,0.00151514,0.00156755,0.0015954,0.00150574,MTC
"UpdatedNZ_HeavyElec_NoInd,date=2025-3-10T01:25:51-06:00",WI,trn_pass_road_LDV_4W,CO2,5.22526121,4.40051498,3.47067255,2.1616082,1.208708883,0.52635106,0.4211377,0.32581799,MTC
"UpdatedNZ_HeavyElec_NoInd,date=2025-3-10T01:25:51-06:00",WI,trn_shipping_intl,CO2,0,0,0,0,0,0,0,0,MTC
"UpdatedNZ_HeavyElec_NoInd,date=2025-3-10T01:25:51-06:00",WV,H2 central production,CO2,0,0,0.003427746,0.007131496,0.006248873,0.007187413,0.007851816,0.008662771,MTC
"UpdatedNZ_HeavyElec_NoInd,date=2025-3-10T01:25:51-06:00",WV,H2 wholesale dispensing,CO2,0,0,0.0110384,0.02815399,0.04221217,0.05591541,0.06482711,0.05753316,MTC
"UpdatedNZ_HeavyElec_NoInd,date=2025-3-10T01:25:51-06:00",WV,airCO2,CO2,0,0,-1.38E-04,-7.09E-04,-0.415952,-3.50254,-10.5394,-10.5679,MTC
"UpdatedNZ_HeavyElec_NoInd,date=2025-3-10T01:25:51-06:00",WV,base load generation,CO2,12.93877322,6.48349282,3.62450474,3.197445705,1.85645381,1.545888202,1.370962969,0.75643328,MTC
"UpdatedNZ_HeavyElec_NoInd,date=2025-3-10T01:25:51-06:00",WV,cement,CO2,0.0532253,0.05542608,0.0493781,0.051041363,0.035041966,0.020460784,0.013507722,0.009730446,MTC
"UpdatedNZ_HeavyElec_NoInd,date=2025-3-10T01:25:51-06:00",WV,coal to liquids,CO2,0,0,0,0,1.85E-04,2.99E-04,0.001010452,0.002183796,MTC
"UpdatedNZ_HeavyElec_NoInd,date=2025-3-10T01:25:51-06:00",WV,comm cooking,CO2,0.019281,0.01934165,0.017837996,0.016689876,0.013819652,0.01194048,0.010014019,0.008760504,MTC
"UpdatedNZ_HeavyElec_NoInd,date=2025-3-10T01:25:51-06:00",WV,comm cooling,CO2,3.96E-04,3.91E-04,3.74E-04,3.53E-04,3.23E-04,2.97E-04,2.63E-04,2.50E-04,MTC
"UpdatedNZ_HeavyElec_NoInd,date=2025-3-10T01:25:51-06:00",WV,comm heating,CO2,0.2808878,0.26073179,0.23821017,0.2144735,0.1722703,0.131863082,0.064934423,0.048750192,MTC
"UpdatedNZ_HeavyElec_NoInd,date=2025-3-10T01:25:51-06:00",WV,comm hot water,CO2,0.04551845,0.044406656,0.041075296,0.03762694,0.030277741,0.024345598,0.01764479,0.015116862,MTC
"UpdatedNZ_HeavyElec_NoInd,date=2025-3-10T01:25:51-06:00",WV,comm other,CO2,0.0788214,0.0732501,0.0763612,0.084264,0.0903218,0.0955463,0.0951338,0.0834559,MTC
"UpdatedNZ_HeavyElec_NoInd,date=2025-3-10T01:25:51-06:00",WV,gas to liquids,CO2,0,0,0,0,9.81E-04,0.00165857,0.005941695,0.018194455,MTC
"UpdatedNZ_HeavyElec_NoInd,date=2025-3-10T01:25:51-06:00",WV,intermediate generation,CO2,6.080747966,3.646705886,2.79503655,2.631106813,2.280633859,2.368579524,2.535714588,2.11050701,MTC
"UpdatedNZ_HeavyElec_NoInd,date=2025-3-10T01:25:51-06:00",WV,oil refining,CO2,0.0571372,0.0529278,0.0474119,0.0400614,0.031570002,0.027567626,0.024690521,0.016770569,MTC
"UpdatedNZ_HeavyElec_NoInd,date=2025-3-10T01:25:51-06:00",WV,other industrial energy use,CO2,2.2123957,2.225383267,2.275750456,2.34189477,2.318969742,2.313739235,2.275709256,1.781139615,MTC
"UpdatedNZ_HeavyElec_NoInd,date=2025-3-10T01:25:51-06:00",WV,peak generation,CO2,0.01321868,0.010817726,0.00504003,0.003602492,0.002483303,0.001697467,9.45E-04,3.20E-04,MTC
"UpdatedNZ_HeavyElec_NoInd,date=2025-3-10T01:25:51-06:00",WV,process heat cement,CO2,0.043619156,0.045456452,0.040327575,0.043259044,0.039701754,0.03774226,0.037229029,0.035603974,MTC
"UpdatedNZ_HeavyElec_NoInd,date=2025-3-10T01:25:51-06:00",WV,process heat dac,CO2,0,0,2.73E-06,1.31E-05,0.00715229,0.0551983,0.149536,0.151007,MTC
"UpdatedNZ_HeavyElec_NoInd,date=2025-3-10T01:25:51-06:00",WV,regional biomass,CO2,-0.229874,-0.230134,-0.248339,-0.265284,-0.400415,-0.519552,-0.63794,-0.829324,MTC
"UpdatedNZ_HeavyElec_NoInd,date=2025-3-10T01:25:51-06:00",WV,resid clothes dryers,CO2,0.00212148,0.002170222,0.002106712,0.002063829,0.001795734,0.001736583,0.001696658,0.001548099,MTC
"UpdatedNZ_HeavyElec_NoInd,date=2025-3-10T01:25:51-06:00",WV,resid cooking,CO2,0.01037688,0.009980685,0.009319053,0.008283301,0.006917074,0.005263645,0.004926005,0.004289162,MTC
"UpdatedNZ_HeavyElec_NoInd,date=2025-3-10T01:25:51-06:00",WV,resid heating,CO2,0.50513232,0.453653236,0.419029385,0.368536986,0.29758984,0.222757515,0.156611586,0.103745434,MTC
"UpdatedNZ_HeavyElec_NoInd,date=2025-3-10T01:25:51-06:00",WV,resid hot water,CO2,0.06999272,0.062481869,0.058144984,0.05348179,0.038923222,0.036787631,0.034890945,0.029928017,MTC
"UpdatedNZ_HeavyElec_NoInd,date=2025-3-10T01:25:51-06:00",WV,resid other,CO2,0.01278466,0.00926762,0.01023372,0.01059874,0.01039015,0.01067401,0.01060555,0.00901237,MTC
"UpdatedNZ_HeavyElec_NoInd,date=2025-3-10T01:25:51-06:00",WV,subpeak generation,CO2,0.049435466,0.044686545,0.035102764,0.029680738,0.018932308,0.014558643,0.011772923,0.006169682,MTC
"UpdatedNZ_HeavyElec_NoInd,date=2025-3-10T01:25:51-06:00",WV,trn_aviation_intl,CO2,0.00479993,0.00453058,0.00459827,0.00446967,0.00427415,0.00445791,0.00459912,0.00447607,MTC
"UpdatedNZ_HeavyElec_NoInd,date=2025-3-10T01:25:51-06:00",WV,trn_freight,CO2,0.068706,0.0686339,0.06322556,0.05401607,0.0409774,0.0359382,0.0339624,0.0288533,MTC
"UpdatedNZ_HeavyElec_NoInd,date=2025-3-10T01:25:51-06:00",WV,trn_freight_road,CO2,1.040425,1.09718963,0.91758326,0.724271069,0.471087482,0.329881847,0.205485239,0.072220641,MTC
"UpdatedNZ_HeavyElec_NoInd,date=2025-3-10T01:25:51-06:00",WV,trn_pass,CO2,0.02127186,0.0203562,0.02069866,0.02029774,0.01836113,0.01819652,0.01662061,0.01112053,MTC
"UpdatedNZ_HeavyElec_NoInd,date=2025-3-10T01:25:51-06:00",WV,trn_pass_road,CO2,0.0634611,0.07873245,0.08536673,0.06231185,0.0448791,0.03117281,0.02275413,0.01797626,MTC
"UpdatedNZ_HeavyElec_NoInd,date=2025-3-10T01:25:51-06:00",WV,trn_pass_road_LDV,CO2,0.00567414,0.00412065,0.00101632,5.28E-04,5.25E-04,5.43E-04,5.51E-04,5.20E-04,MTC
"UpdatedNZ_HeavyElec_NoInd,date=2025-3-10T01:25:51-06:00",WV,trn_pass_road_LDV_4W,CO2,1.61238817,1.358402969,1.075392469,0.676219639,0.382349147,0.17161499,0.13877677,0.10862079,MTC
"UpdatedNZ_HeavyElec_NoInd,date=2025-3-10T01:25:51-06:00",WY,H2 central production,CO2,0,0,0.003394985,0.007049215,0.006377073,0.007183414,0.007589809,0.007819027,MTC
"UpdatedNZ_HeavyElec_NoInd,date=2025-3-10T01:25:51-06:00",WY,H2 wholesale dispensing,CO2,0,0,0.0115566,0.02970812,0.04406087,0.05733826,0.0643815,0.05387589,MTC
"UpdatedNZ_HeavyElec_NoInd,date=2025-3-10T01:25:51-06:00",WY,airCO2,CO2,0,0,-1.23E-04,-6.73E-04,-0.418631,-3.49956,-10.0803,-10.07,MTC
"UpdatedNZ_HeavyElec_NoInd,date=2025-3-10T01:25:51-06:00",WY,base load generation,CO2,9.55168474,4.749741253,2.304608899,1.840027152,0.797304922,0.599733672,0.528101996,0.360913869,MTC
"UpdatedNZ_HeavyElec_NoInd,date=2025-3-10T01:25:51-06:00",WY,biomass liquids,CO2,0.00306647,0.00288407,0.00254253,0.00205955,0.002829295,0.002400415,0.002466904,0.003541634,MTC
"UpdatedNZ_HeavyElec_NoInd,date=2025-3-10T01:25:51-06:00",WY,coal to liquids,CO2,0,0,0,0,5.18E-04,8.49E-04,0.002819658,0.006233642,MTC
"UpdatedNZ_HeavyElec_NoInd,date=2025-3-10T01:25:51-06:00",WY,comm cooking,CO2,0.01610973,0.015661703,0.014060579,0.014080208,0.012290448,0.011316291,0.010126152,0.009150186,MTC
"UpdatedNZ_HeavyElec_NoInd,date=2025-3-10T01:25:51-06:00",WY,comm cooling,CO2,9.80E-05,9.51E-05,9.07E-05,9.24E-05,9.02E-05,8.77E-05,8.13E-05,7.82E-05,MTC
"UpdatedNZ_HeavyElec_NoInd,date=2025-3-10T01:25:51-06:00",WY,comm heating,CO2,0.14597374,0.1325799,0.11899461,0.112505431,0.093280907,0.074346174,0.04042307,0.031469248,MTC
"UpdatedNZ_HeavyElec_NoInd,date=2025-3-10T01:25:51-06:00",WY,comm hot water,CO2,0.0406277,0.03998517,0.037612991,0.038194711,0.033701313,0.028410999,0.02100089,0.017041789,MTC
"UpdatedNZ_HeavyElec_NoInd,date=2025-3-10T01:25:51-06:00",WY,comm other,CO2,0.0587125,0.0555341,0.0553574,0.0609121,0.0639026,0.0677969,0.0686138,0.0606157,MTC
"UpdatedNZ_HeavyElec_NoInd,date=2025-3-10T01:25:51-06:00",WY,gas to liquids,CO2,0,0,0,0,9.06E-04,0.001531158,0.005485248,0.016796673,MTC
"UpdatedNZ_HeavyElec_NoInd,date=2025-3-10T01:25:51-06:00",WY,intermediate generation,CO2,2.98358869,2.112528928,1.689600785,1.601236713,1.312960597,1.26854973,1.272223925,0.745793903,MTC
"UpdatedNZ_HeavyElec_NoInd,date=2025-3-10T01:25:51-06:00",WY,oil refining,CO2,0.454858,0.421629,0.377719,0.319209,0.25401101,0.221764402,0.197564354,0.133964046,MTC
"UpdatedNZ_HeavyElec_NoInd,date=2025-3-10T01:25:51-06:00",WY,other industrial energy use,CO2,1.773787999,1.693474689,1.739407441,1.801549607,1.767915074,1.742606497,1.669121428,1.151289613,MTC
"UpdatedNZ_HeavyElec_NoInd,date=2025-3-10T01:25:51-06:00",WY,peak generation,CO2,4.09E-04,3.51E-04,2.16E-04,1.71E-04,6.28E-05,3.54E-05,2.10E-05,5.21E-06,MTC
"UpdatedNZ_HeavyElec_NoInd,date=2025-3-10T01:25:51-06:00",WY,process heat dac,CO2,0,0,2.43E-06,1.23E-05,0.00712237,0.0537873,0.136921,0.138059,MTC
"UpdatedNZ_HeavyElec_NoInd,date=2025-3-10T01:25:51-06:00",WY,regional biomass,CO2,-0.0924277,-0.0945311,-0.106501,-0.124845,-0.22594,-0.305287,-0.399601,-0.541021,MTC
"UpdatedNZ_HeavyElec_NoInd,date=2025-3-10T01:25:51-06:00",WY,regional biomassOil,CO2,0,0,0,0,-5.15E-07,-2.28E-06,-3.41E-05,-7.58E-05,MTC
"UpdatedNZ_HeavyElec_NoInd,date=2025-3-10T01:25:51-06:00",WY,regional corn for ethanol,CO2,-0.01331,-0.0125183,-0.0110359,-0.00893951,-0.00985163,-0.00689766,-0.0044518,-0.00304552,MTC
"UpdatedNZ_HeavyElec_NoInd,date=2025-3-10T01:25:51-06:00",WY,resid clothes dryers,CO2,6.09E-04,5.97E-04,5.65E-04,5.58E-04,4.85E-04,4.69E-04,4.56E-04,4.10E-04,MTC
"UpdatedNZ_HeavyElec_NoInd,date=2025-3-10T01:25:51-06:00",WY,resid cooking,CO2,0.00413661,0.003968289,0.003721511,0.003369372,0.002877959,0.002240483,0.002064311,0.001752381,MTC
"UpdatedNZ_HeavyElec_NoInd,date=2025-3-10T01:25:51-06:00",WY,resid heating,CO2,0.213561279,0.196448864,0.183713876,0.167779295,0.139488797,0.107956096,0.078615259,0.053496972,MTC
"UpdatedNZ_HeavyElec_NoInd,date=2025-3-10T01:25:51-06:00",WY,resid hot water,CO2,0.045930904,0.043287963,0.041208655,0.039267976,0.03110646,0.029073034,0.026971787,0.022743138,MTC
"UpdatedNZ_HeavyElec_NoInd,date=2025-3-10T01:25:51-06:00",WY,resid other,CO2,0.0057255,0.00449718,0.00466967,0.00463721,0.00453005,0.00458054,0.00440233,0.00361939,MTC
"UpdatedNZ_HeavyElec_NoInd,date=2025-3-10T01:25:51-06:00",WY,subpeak generation,CO2,7.84E-04,8.90E-04,8.08E-04,0.001084542,9.31E-04,9.56E-04,0.001910736,8.13E-04,MTC
"UpdatedNZ_HeavyElec_NoInd,date=2025-3-10T01:25:51-06:00",WY,trn_aviation_intl,CO2,0.0113075,0.00987104,0.00960909,0.00927867,0.00897487,0.00941787,0.00976956,0.00963011,MTC
"UpdatedNZ_HeavyElec_NoInd,date=2025-3-10T01:25:51-06:00",WY,trn_freight,CO2,0.0823608,0.0760715,0.06686168,0.05748548,0.0444415,0.0395243,0.0375268,0.031956,MTC
"UpdatedNZ_HeavyElec_NoInd,date=2025-3-10T01:25:51-06:00",WY,trn_freight_road,CO2,1.247194,1.2232344,0.9829174,0.766055405,0.484483409,0.328114298,0.191909062,0.062378044,MTC
"UpdatedNZ_HeavyElec_NoInd,date=2025-3-10T01:25:51-06:00",WY,trn_pass,CO2,0.04672226,0.0413168,0.04005775,0.03905966,0.03536686,0.03467018,0.030475,0.01829449,MTC
"UpdatedNZ_HeavyElec_NoInd,date=2025-3-10T01:25:51-06:00",WY,trn_pass_road,CO2,0.0579417,0.07178306,0.07856145,0.05757873,0.04061155,0.027031147,0.01868996,0.014463084,MTC
"UpdatedNZ_HeavyElec_NoInd,date=2025-3-10T01:25:51-06:00",WY,trn_pass_road_LDV,CO2,0.00245777,0.00151938,2.80E-04,1.50E-04,1.51E-04,1.56E-04,1.59E-04,1.51E-04,MTC
"UpdatedNZ_HeavyElec_NoInd,date=2025-3-10T01:25:51-06:00",WY,trn_pass_road_LDV_4W,CO2,0.698395545,0.56103996,0.432912017,0.262898793,0.14134967,0.055300732,0.04644875,0.03563821,MTC
